# https://github.com/mikedh/trimesh
v 0.00000000 0.00000000 301.40044053
v 5.70000000 0.00000000 301.40044053
v 11.40000000 0.00000000 301.25072138
v 17.10000000 0.00000000 301.25072138
v 22.80000000 0.00000000 300.92841059
v 28.50000000 0.00000000 300.92841059
v 34.20000000 0.00000000 300.92841059
v 39.90000000 0.00000000 300.92841059
v 45.60000000 0.00000000 300.92841059
v 51.30000000 0.00000000 300.90608440
v 57.00000000 0.00000000 300.62876095
v 62.70000000 0.00000000 300.62876095
v 68.40000000 0.00000000 300.30744636
v 74.10000000 0.00000000 300.30744636
v 79.80000000 0.00000000 300.30744636
v 85.50000000 0.00000000 300.30310780
v 91.20000000 0.00000000 300.30310780
v 96.90000000 0.00000000 300.15795195
v 102.60000000 0.00000000 299.99284529
v 108.30000000 0.00000000 299.87681429
v 114.00000000 0.00000000 299.92352968
v 119.70000000 0.00000000 299.78836587
v 125.40000000 0.00000000 299.73710784
v 131.10000000 0.00000000 299.60227590
v 136.80000000 0.00000000 299.37082451
v 142.50000000 0.00000000 299.44727023
v 148.20000000 0.00000000 299.40971293
v 153.90000000 0.00000000 299.15843736
v 159.60000000 0.00000000 299.13687121
v 165.30000000 0.00000000 299.15630637
v 171.00000000 0.00000000 299.15281960
v 176.70000000 0.00000000 299.08129206
v 182.40000000 0.00000000 299.03739306
v 188.10000000 0.00000000 299.05048358
v 193.80000000 0.00000000 299.11075196
v 199.50000000 0.00000000 299.07815851
v 205.20000000 0.00000000 299.10167335
v 210.90000000 0.00000000 299.12566391
v 216.60000000 0.00000000 299.12566391
v 222.30000000 0.00000000 299.21441576
v 228.00000000 0.00000000 299.53474458
v 233.70000000 0.00000000 299.53474458
v 239.40000000 0.00000000 299.63899469
v 245.10000000 0.00000000 299.70391371
v 250.80000000 0.00000000 299.79164443
v 256.50000000 0.00000000 299.79164443
v 262.20000000 0.00000000 299.99663006
v 267.90000000 0.00000000 300.12467720
v 273.60000000 0.00000000 300.43992968
v 279.30000000 0.00000000 300.43992968
v 285.00000000 0.00000000 300.77492864
v 290.70000000 0.00000000 300.88747135
v 296.40000000 0.00000000 301.04637254
v 302.10000000 0.00000000 301.26010377
v 307.80000000 0.00000000 301.43349056
v 313.50000000 0.00000000 301.43349056
v 319.20000000 0.00000000 301.84220817
v 324.90000000 0.00000000 301.84220817
v 330.60000000 0.00000000 302.27015345
v 336.30000000 0.00000000 302.27015345
v 342.00000000 0.00000000 302.54712522
v 347.70000000 0.00000000 302.62612055
v 353.40000000 0.00000000 302.82013733
v 359.10000000 0.00000000 303.26995743
v 364.80000000 0.00000000 303.26995743
v 370.50000000 0.00000000 303.26995743
v 376.20000000 0.00000000 303.59020494
v 381.90000000 0.00000000 303.61768292
v 387.60000000 0.00000000 302.70065140
v 393.30000000 0.00000000 302.70065140
v 399.00000000 0.00000000 302.70065140
v 404.70000000 0.00000000 304.16368448
v 410.40000000 0.00000000 304.17300420
v 416.10000000 0.00000000 304.21517725
v 421.80000000 0.00000000 304.21517725
v 427.50000000 0.00000000 304.50638271
v 433.20000000 0.00000000 304.50638271
v 438.90000000 0.00000000 304.53578441
v 444.60000000 0.00000000 304.53407553
v 450.30000000 0.00000000 304.62252524
v 456.00000000 0.00000000 304.62252524
v 461.70000000 0.00000000 304.62252524
v 467.40000000 0.00000000 304.56133091
v 473.10000000 0.00000000 304.56133091
v 478.80000000 0.00000000 304.55035051
v 484.50000000 0.00000000 304.43194676
v 490.20000000 0.00000000 304.43979808
v 495.90000000 0.00000000 304.39912965
v 501.60000000 0.00000000 304.13497154
v 507.30000000 0.00000000 304.13497154
v 513.00000000 0.00000000 304.13497154
v 518.70000000 0.00000000 304.14886629
v 524.40000000 0.00000000 304.01167168
v 530.10000000 0.00000000 304.01167168
v 535.80000000 0.00000000 303.90685062
v 541.50000000 0.00000000 303.88441751
v 547.20000000 0.00000000 303.72346852
v 552.90000000 0.00000000 303.72346852
v 558.60000000 0.00000000 303.45947377
v 564.30000000 0.00000000 303.45947377
v 570.00000000 0.00000000 303.39315171
v 575.70000000 0.00000000 303.36556119
v 581.40000000 0.00000000 303.30550530
v 587.10000000 0.00000000 303.30550530
v 592.80000000 0.00000000 303.21275954
v 598.50000000 0.00000000 303.17164178
v 604.20000000 0.00000000 303.04156926
v 609.90000000 0.00000000 303.04156926
v 615.60000000 0.00000000 303.04156926
v 621.30000000 0.00000000 303.04156926
v 627.00000000 0.00000000 302.98765538
v 632.70000000 0.00000000 302.98765538
v 638.40000000 0.00000000 302.98765538
v 644.10000000 0.00000000 303.03270300
v 649.80000000 0.00000000 303.06096166
v 655.50000000 0.00000000 303.06096166
v 661.20000000 0.00000000 303.06096166
v 666.90000000 0.00000000 303.30639538
v 672.60000000 0.00000000 303.30639538
v 678.30000000 0.00000000 303.33216952
v 684.00000000 0.00000000 303.33216952
v 689.70000000 0.00000000 303.33216952
v 695.40000000 0.00000000 303.74952352
v 701.10000000 0.00000000 303.74531471
v 706.80000000 0.00000000 303.86212409
v 712.50000000 0.00000000 304.07807290
v 718.20000000 0.00000000 304.07807290
v 723.90000000 0.00000000 304.07807290
v 729.60000000 0.00000000 304.07807290
v 735.30000000 0.00000000 304.07807290
v 741.00000000 0.00000000 304.44877991
v 746.70000000 0.00000000 304.74503573
v 752.40000000 0.00000000 304.74503573
v 758.10000000 0.00000000 304.78375855
v 763.80000000 0.00000000 304.78375855
v 769.50000000 0.00000000 304.94908445
v 775.20000000 0.00000000 304.94908445
v 780.90000000 0.00000000 305.17236978
v 786.60000000 0.00000000 305.17236978
v 792.30000000 0.00000000 305.17236978
v 798.00000000 0.00000000 305.46447208
v 0.00000000 5.70000000 301.40044053
v 5.70000000 5.70000000 301.40044053
v 11.40000000 5.70000000 301.25072138
v 17.10000000 5.70000000 301.25072138
v 22.80000000 5.70000000 300.98557827
v 28.50000000 5.70000000 300.92841059
v 34.20000000 5.70000000 300.92841059
v 39.90000000 5.70000000 300.92841059
v 45.60000000 5.70000000 300.92841059
v 51.30000000 5.70000000 300.90608440
v 57.00000000 5.70000000 300.62876095
v 62.70000000 5.70000000 300.62876095
v 68.40000000 5.70000000 300.62876095
v 74.10000000 5.70000000 300.30744636
v 79.80000000 5.70000000 300.30744636
v 85.50000000 5.70000000 300.30310780
v 91.20000000 5.70000000 300.30310780
v 96.90000000 5.70000000 300.15795195
v 102.60000000 5.70000000 299.99284529
v 108.30000000 5.70000000 299.98285738
v 114.00000000 5.70000000 299.79507724
v 119.70000000 5.70000000 299.76975038
v 125.40000000 5.70000000 299.61958635
v 131.10000000 5.70000000 299.52777078
v 136.80000000 5.70000000 299.37082451
v 142.50000000 5.70000000 299.37082451
v 148.20000000 5.70000000 299.17544125
v 153.90000000 5.70000000 299.15843736
v 159.60000000 5.70000000 299.17361895
v 165.30000000 5.70000000 299.04221221
v 171.00000000 5.70000000 298.99207259
v 176.70000000 5.70000000 298.94665046
v 182.40000000 5.70000000 299.01997068
v 188.10000000 5.70000000 299.05048358
v 193.80000000 5.70000000 298.97839310
v 199.50000000 5.70000000 299.01646994
v 205.20000000 5.70000000 299.03587189
v 210.90000000 5.70000000 299.03021492
v 216.60000000 5.70000000 299.17153405
v 222.30000000 5.70000000 299.18498251
v 228.00000000 5.70000000 299.36328682
v 233.70000000 5.70000000 299.47035406
v 239.40000000 5.70000000 299.43460358
v 245.10000000 5.70000000 299.70391371
v 250.80000000 5.70000000 299.83517775
v 256.50000000 5.70000000 305.98983622
v 262.20000000 5.70000000 299.99663006
v 267.90000000 5.70000000 300.12467720
v 273.60000000 5.70000000 300.30817658
v 279.30000000 5.70000000 300.77492864
v 285.00000000 5.70000000 300.77492864
v 290.70000000 5.70000000 300.88747135
v 296.40000000 5.70000000 301.04637254
v 302.10000000 5.70000000 301.26010377
v 307.80000000 5.70000000 301.43349056
v 313.50000000 5.70000000 301.61350413
v 319.20000000 5.70000000 301.84220817
v 324.90000000 5.70000000 302.01696571
v 330.60000000 5.70000000 302.27015345
v 336.30000000 5.70000000 302.39414489
v 342.00000000 5.70000000 302.54712522
v 347.70000000 5.70000000 302.62612055
v 353.40000000 5.70000000 302.82013733
v 359.10000000 5.70000000 303.11496676
v 364.80000000 5.70000000 303.26995743
v 370.50000000 5.70000000 303.34524018
v 376.20000000 5.70000000 303.59020494
v 381.90000000 5.70000000 303.61768292
v 387.60000000 5.70000000 302.70065140
v 393.30000000 5.70000000 302.70065140
v 399.00000000 5.70000000 303.97385106
v 404.70000000 5.70000000 304.16368448
v 410.40000000 5.70000000 304.17300420
v 416.10000000 5.70000000 304.21517725
v 421.80000000 5.70000000 304.21517725
v 427.50000000 5.70000000 304.50638271
v 433.20000000 5.70000000 304.50638271
v 438.90000000 5.70000000 304.53578441
v 444.60000000 5.70000000 304.53407553
v 450.30000000 5.70000000 304.62252524
v 456.00000000 5.70000000 304.62252524
v 461.70000000 5.70000000 304.62252524
v 467.40000000 5.70000000 304.56133091
v 473.10000000 5.70000000 304.56133091
v 478.80000000 5.70000000 304.55035051
v 484.50000000 5.70000000 304.43194676
v 490.20000000 5.70000000 304.43979808
v 495.90000000 5.70000000 304.39912965
v 501.60000000 5.70000000 304.13497154
v 507.30000000 5.70000000 304.13497154
v 513.00000000 5.70000000 304.25521108
v 518.70000000 5.70000000 304.14886629
v 524.40000000 5.70000000 304.01167168
v 530.10000000 5.70000000 304.01167168
v 535.80000000 5.70000000 303.90685062
v 541.50000000 5.70000000 303.88441751
v 547.20000000 5.70000000 303.72346852
v 552.90000000 5.70000000 303.72346852
v 558.60000000 5.70000000 303.45947377
v 564.30000000 5.70000000 303.45947377
v 570.00000000 5.70000000 303.39315171
v 575.70000000 5.70000000 303.36556119
v 581.40000000 5.70000000 303.30550530
v 587.10000000 5.70000000 303.30550530
v 592.80000000 5.70000000 303.21275954
v 598.50000000 5.70000000 303.17164178
v 604.20000000 5.70000000 303.04156926
v 609.90000000 5.70000000 303.04156926
v 615.60000000 5.70000000 303.04156926
v 621.30000000 5.70000000 303.20107458
v 627.00000000 5.70000000 303.07616259
v 632.70000000 5.70000000 302.98765538
v 638.40000000 5.70000000 302.98765538
v 644.10000000 5.70000000 303.03270300
v 649.80000000 5.70000000 303.06096166
v 655.50000000 5.70000000 303.06096166
v 661.20000000 5.70000000 303.06096166
v 666.90000000 5.70000000 303.30639538
v 672.60000000 5.70000000 303.30639538
v 678.30000000 5.70000000 303.33216952
v 684.00000000 5.70000000 303.33216952
v 689.70000000 5.70000000 303.62452450
v 695.40000000 5.70000000 303.74952352
v 701.10000000 5.70000000 303.74531471
v 706.80000000 5.70000000 303.86212409
v 712.50000000 5.70000000 303.90294612
v 718.20000000 5.70000000 304.07807290
v 723.90000000 5.70000000 304.07807290
v 729.60000000 5.70000000 304.07807290
v 735.30000000 5.70000000 304.42366067
v 741.00000000 5.70000000 304.44877991
v 746.70000000 5.70000000 304.74503573
v 752.40000000 5.70000000 304.74503573
v 758.10000000 5.70000000 304.78375855
v 763.80000000 5.70000000 304.78375855
v 769.50000000 5.70000000 304.94908445
v 775.20000000 5.70000000 304.94908445
v 780.90000000 5.70000000 305.17236978
v 786.60000000 5.70000000 305.17236978
v 792.30000000 5.70000000 305.17236978
v 798.00000000 5.70000000 305.46447208
v 0.00000000 11.40000000 301.40044053
v 5.70000000 11.40000000 301.40044053
v 11.40000000 11.40000000 301.40044053
v 17.10000000 11.40000000 301.25072138
v 22.80000000 11.40000000 301.25072138
v 28.50000000 11.40000000 300.98557827
v 34.20000000 11.40000000 300.92841059
v 39.90000000 11.40000000 300.92841059
v 45.60000000 11.40000000 300.92841059
v 51.30000000 11.40000000 300.90608440
v 57.00000000 11.40000000 300.90608440
v 62.70000000 11.40000000 300.62876095
v 68.40000000 11.40000000 300.62876095
v 74.10000000 11.40000000 300.30744636
v 79.80000000 11.40000000 300.30744636
v 85.50000000 11.40000000 300.39976612
v 91.20000000 11.40000000 300.16224455
v 96.90000000 11.40000000 300.16224455
v 102.60000000 11.40000000 299.88582233
v 108.30000000 11.40000000 299.80965483
v 114.00000000 11.40000000 299.74404820
v 119.70000000 11.40000000 299.57822777
v 125.40000000 11.40000000 299.39874357
v 131.10000000 11.40000000 299.30253368
v 136.80000000 11.40000000 299.20950255
v 142.50000000 11.40000000 299.17033672
v 148.20000000 11.40000000 299.15724761
v 153.90000000 11.40000000 299.05590112
v 159.60000000 11.40000000 298.98106791
v 165.30000000 11.40000000 298.86293679
v 171.00000000 11.40000000 298.99207259
v 176.70000000 11.40000000 298.88716810
v 182.40000000 11.40000000 298.77532511
v 188.10000000 11.40000000 298.80253122
v 193.80000000 11.40000000 298.80253122
v 199.50000000 11.40000000 298.82142070
v 205.20000000 11.40000000 298.96213337
v 210.90000000 11.40000000 299.03951090
v 216.60000000 11.40000000 299.06627193
v 222.30000000 11.40000000 299.12275590
v 228.00000000 11.40000000 299.18539499
v 233.70000000 11.40000000 299.35259336
v 239.40000000 11.40000000 299.35703038
v 245.10000000 11.40000000 299.57917896
v 250.80000000 11.40000000 299.71043779
v 256.50000000 11.40000000 307.27528061
v 262.20000000 11.40000000 310.33344220
v 267.90000000 11.40000000 300.06079056
v 273.60000000 11.40000000 300.33206812
v 279.30000000 11.40000000 300.33206812
v 285.00000000 11.40000000 300.53969645
v 290.70000000 11.40000000 300.87592552
v 296.40000000 11.40000000 301.12405671
v 302.10000000 11.40000000 301.12405671
v 307.80000000 11.40000000 301.36992854
v 313.50000000 11.40000000 301.61350413
v 319.20000000 11.40000000 301.83082255
v 324.90000000 11.40000000 302.01696571
v 330.60000000 11.40000000 302.08945525
v 336.30000000 11.40000000 302.39414489
v 342.00000000 11.40000000 302.54712522
v 347.70000000 11.40000000 302.62612055
v 353.40000000 11.40000000 302.82013733
v 359.10000000 11.40000000 303.11496676
v 364.80000000 11.40000000 303.29880661
v 370.50000000 11.40000000 303.34524018
v 376.20000000 11.40000000 303.59020494
v 381.90000000 11.40000000 303.61768292
v 387.60000000 11.40000000 303.77500371
v 393.30000000 11.40000000 303.93751483
v 399.00000000 11.40000000 303.97385106
v 404.70000000 11.40000000 304.16368448
v 410.40000000 11.40000000 304.17300420
v 416.10000000 11.40000000 304.21517725
v 421.80000000 11.40000000 304.21517725
v 427.50000000 11.40000000 304.50638271
v 433.20000000 11.40000000 304.54368953
v 438.90000000 11.40000000 304.53578441
v 444.60000000 11.40000000 304.53407553
v 450.30000000 11.40000000 304.62252524
v 456.00000000 11.40000000 304.62252524
v 461.70000000 11.40000000 304.62252524
v 467.40000000 11.40000000 304.61166209
v 473.10000000 11.40000000 304.56133091
v 478.80000000 11.40000000 304.55035051
v 484.50000000 11.40000000 304.43194676
v 490.20000000 11.40000000 304.43979808
v 495.90000000 11.40000000 304.39912965
v 501.60000000 11.40000000 304.34843441
v 507.30000000 11.40000000 304.27521235
v 513.00000000 11.40000000 304.25521108
v 518.70000000 11.40000000 304.14886629
v 524.40000000 11.40000000 304.01167168
v 530.10000000 11.40000000 304.06020750
v 535.80000000 11.40000000 303.90685062
v 541.50000000 11.40000000 303.88441751
v 547.20000000 11.40000000 303.72346852
v 552.90000000 11.40000000 303.72346852
v 558.60000000 11.40000000 303.45947377
v 564.30000000 11.40000000 303.45947377
v 570.00000000 11.40000000 303.39315171
v 575.70000000 11.40000000 303.36556119
v 581.40000000 11.40000000 303.30550530
v 587.10000000 11.40000000 303.30550530
v 592.80000000 11.40000000 303.21275954
v 598.50000000 11.40000000 303.17164178
v 604.20000000 11.40000000 303.04156926
v 609.90000000 11.40000000 303.04156926
v 615.60000000 11.40000000 303.16571676
v 621.30000000 11.40000000 303.20107458
v 627.00000000 11.40000000 303.07616259
v 632.70000000 11.40000000 302.98765538
v 638.40000000 11.40000000 302.98765538
v 644.10000000 11.40000000 303.03270300
v 649.80000000 11.40000000 303.06096166
v 655.50000000 11.40000000 303.06096166
v 661.20000000 11.40000000 303.17137946
v 666.90000000 11.40000000 303.30639538
v 672.60000000 11.40000000 303.30639538
v 678.30000000 11.40000000 303.33216952
v 684.00000000 11.40000000 303.33216952
v 689.70000000 11.40000000 303.62452450
v 695.40000000 11.40000000 303.74952352
v 701.10000000 11.40000000 303.74531471
v 706.80000000 11.40000000 303.86212409
v 712.50000000 11.40000000 303.90294612
v 718.20000000 11.40000000 304.07807290
v 723.90000000 11.40000000 304.07807290
v 729.60000000 11.40000000 304.21627558
v 735.30000000 11.40000000 304.42366067
v 741.00000000 11.40000000 304.44877991
v 746.70000000 11.40000000 304.74503573
v 752.40000000 11.40000000 304.74503573
v 758.10000000 11.40000000 304.78375855
v 763.80000000 11.40000000 304.78375855
v 769.50000000 11.40000000 304.94908445
v 775.20000000 11.40000000 304.94908445
v 780.90000000 11.40000000 305.17236978
v 786.60000000 11.40000000 305.17236978
v 792.30000000 11.40000000 305.37244834
v 798.00000000 11.40000000 305.46447208
v 0.00000000 17.10000000 301.40044053
v 5.70000000 17.10000000 301.40044053
v 11.40000000 17.10000000 301.40044053
v 17.10000000 17.10000000 301.25072138
v 22.80000000 17.10000000 301.25072138
v 28.50000000 17.10000000 300.98557827
v 34.20000000 17.10000000 300.98557827
v 39.90000000 17.10000000 300.92841059
v 45.60000000 17.10000000 300.92841059
v 51.30000000 17.10000000 300.90608440
v 57.00000000 17.10000000 300.90608440
v 62.70000000 17.10000000 300.62876095
v 68.40000000 17.10000000 300.62876095
v 74.10000000 17.10000000 300.48001774
v 79.80000000 17.10000000 300.44820116
v 85.50000000 17.10000000 300.17572952
v 91.20000000 17.10000000 300.17573634
v 96.90000000 17.10000000 299.91034673
v 102.60000000 17.10000000 299.71337152
v 108.30000000 17.10000000 299.73846065
v 114.00000000 17.10000000 299.61654176
v 119.70000000 17.10000000 299.43729144
v 125.40000000 17.10000000 299.33510240
v 131.10000000 17.10000000 299.22711734
v 136.80000000 17.10000000 299.16322352
v 142.50000000 17.10000000 298.95413826
v 148.20000000 17.10000000 298.95413826
v 153.90000000 17.10000000 298.83641967
v 159.60000000 17.10000000 298.83641967
v 165.30000000 17.10000000 298.75149871
v 171.00000000 17.10000000 298.79517144
v 176.70000000 17.10000000 298.65609404
v 182.40000000 17.10000000 298.74006832
v 188.10000000 17.10000000 298.78215652
v 193.80000000 17.10000000 298.78215652
v 199.50000000 17.10000000 298.77802339
v 205.20000000 17.10000000 298.75652228
v 210.90000000 17.10000000 298.96782404
v 216.60000000 17.10000000 298.96782404
v 222.30000000 17.10000000 298.97510634
v 228.00000000 17.10000000 299.10764252
v 233.70000000 17.10000000 299.18176238
v 239.40000000 17.10000000 299.18176238
v 245.10000000 17.10000000 299.57917896
v 250.80000000 17.10000000 299.62409951
v 256.50000000 17.10000000 305.73090777
v 262.20000000 17.10000000 310.33344220
v 267.90000000 17.10000000 310.76906252
v 273.60000000 17.10000000 313.74716384
v 279.30000000 17.10000000 312.13671526
v 285.00000000 17.10000000 300.57669818
v 290.70000000 17.10000000 300.76704562
v 296.40000000 17.10000000 301.00607641
v 302.10000000 17.10000000 301.12221902
v 307.80000000 17.10000000 301.36052899
v 313.50000000 17.10000000 301.63305891
v 319.20000000 17.10000000 301.79327190
v 324.90000000 17.10000000 301.94009394
v 330.60000000 17.10000000 302.12690299
v 336.30000000 17.10000000 302.34672279
v 342.00000000 17.10000000 302.42519199
v 347.70000000 17.10000000 302.72632236
v 353.40000000 17.10000000 302.82031152
v 359.10000000 17.10000000 303.07111085
v 364.80000000 17.10000000 303.16568986
v 370.50000000 17.10000000 303.36911152
v 376.20000000 17.10000000 303.55581056
v 381.90000000 17.10000000 303.58060700
v 387.60000000 17.10000000 303.82403673
v 393.30000000 17.10000000 303.97485547
v 399.00000000 17.10000000 304.08162551
v 404.70000000 17.10000000 304.13045250
v 410.40000000 17.10000000 304.32620671
v 416.10000000 17.10000000 304.31830264
v 421.80000000 17.10000000 304.45783083
v 427.50000000 17.10000000 304.50566139
v 433.20000000 17.10000000 304.54368953
v 438.90000000 17.10000000 304.54470828
v 444.60000000 17.10000000 304.60157596
v 450.30000000 17.10000000 304.65036180
v 456.00000000 17.10000000 304.63526219
v 461.70000000 17.10000000 304.63526219
v 467.40000000 17.10000000 304.61166209
v 473.10000000 17.10000000 304.60111207
v 478.80000000 17.10000000 304.46191492
v 484.50000000 17.10000000 304.54547705
v 490.20000000 17.10000000 304.49112900
v 495.90000000 17.10000000 304.47550030
v 501.60000000 17.10000000 304.32863425
v 507.30000000 17.10000000 304.35469505
v 513.00000000 17.10000000 304.33521254
v 518.70000000 17.10000000 304.18035213
v 524.40000000 17.10000000 304.19038665
v 530.10000000 17.10000000 304.06020750
v 535.80000000 17.10000000 303.95272682
v 541.50000000 17.10000000 303.88380511
v 547.20000000 17.10000000 303.84315360
v 552.90000000 17.10000000 303.70476498
v 558.60000000 17.10000000 303.58250915
v 564.30000000 17.10000000 303.58250915
v 570.00000000 17.10000000 303.50702183
v 575.70000000 17.10000000 303.39981097
v 581.40000000 17.10000000 303.32407075
v 587.10000000 17.10000000 303.32401294
v 592.80000000 17.10000000 303.25637764
v 598.50000000 17.10000000 303.23244814
v 604.20000000 17.10000000 303.21836872
v 609.90000000 17.10000000 303.16931767
v 615.60000000 17.10000000 303.16571676
v 621.30000000 17.10000000 303.20107458
v 627.00000000 17.10000000 303.07616259
v 632.70000000 17.10000000 303.12608714
v 638.40000000 17.10000000 302.98765538
v 644.10000000 17.10000000 303.19495884
v 649.80000000 17.10000000 303.20072007
v 655.50000000 17.10000000 303.19375805
v 661.20000000 17.10000000 303.17137946
v 666.90000000 17.10000000 303.33010644
v 672.60000000 17.10000000 303.26950732
v 678.30000000 17.10000000 303.49004502
v 684.00000000 17.10000000 303.62452450
v 689.70000000 17.10000000 303.62452450
v 695.40000000 17.10000000 303.74952352
v 701.10000000 17.10000000 303.74531471
v 706.80000000 17.10000000 303.86212409
v 712.50000000 17.10000000 303.90294612
v 718.20000000 17.10000000 304.20349556
v 723.90000000 17.10000000 304.20520109
v 729.60000000 17.10000000 304.21627558
v 735.30000000 17.10000000 304.42366067
v 741.00000000 17.10000000 304.44877991
v 746.70000000 17.10000000 304.74503573
v 752.40000000 17.10000000 304.74503573
v 758.10000000 17.10000000 304.78375855
v 763.80000000 17.10000000 305.00833557
v 769.50000000 17.10000000 304.94908445
v 775.20000000 17.10000000 304.94908445
v 780.90000000 17.10000000 305.17236978
v 786.60000000 17.10000000 305.17236978
v 792.30000000 17.10000000 305.37244834
v 798.00000000 17.10000000 305.46447208
v 0.00000000 22.80000000 301.40044053
v 5.70000000 22.80000000 301.40044053
v 11.40000000 22.80000000 301.40044053
v 17.10000000 22.80000000 301.25072138
v 22.80000000 22.80000000 301.25072138
v 28.50000000 22.80000000 301.25072138
v 34.20000000 22.80000000 300.98557827
v 39.90000000 22.80000000 300.98557827
v 45.60000000 22.80000000 300.92841059
v 51.30000000 22.80000000 300.90608440
v 57.00000000 22.80000000 300.90608440
v 62.70000000 22.80000000 300.70560583
v 68.40000000 22.80000000 300.52305857
v 74.10000000 22.80000000 300.41578576
v 79.80000000 22.80000000 300.24508681
v 85.50000000 22.80000000 300.14717112
v 91.20000000 22.80000000 300.01143597
v 96.90000000 22.80000000 299.80044568
v 102.60000000 22.80000000 299.72504102
v 108.30000000 22.80000000 299.61146573
v 114.00000000 22.80000000 299.39409480
v 119.70000000 22.80000000 299.36350068
v 125.40000000 22.80000000 299.15931061
v 131.10000000 22.80000000 299.05630864
v 136.80000000 22.80000000 298.99360783
v 142.50000000 22.80000000 298.86666188
v 148.20000000 22.80000000 298.71453816
v 153.90000000 22.80000000 298.73508043
v 159.60000000 22.80000000 298.75255266
v 165.30000000 22.80000000 298.65765346
v 171.00000000 22.80000000 298.65679159
v 176.70000000 22.80000000 298.65609404
v 182.40000000 22.80000000 298.64516143
v 188.10000000 22.80000000 298.62443191
v 193.80000000 22.80000000 298.65656090
v 199.50000000 22.80000000 298.69112549
v 205.20000000 22.80000000 298.75652228
v 210.90000000 22.80000000 298.79044047
v 216.60000000 22.80000000 298.78466289
v 222.30000000 22.80000000 298.88184347
v 228.00000000 22.80000000 299.01381653
v 233.70000000 22.80000000 299.18519253
v 239.40000000 22.80000000 299.32913429
v 245.10000000 22.80000000 299.29526348
v 250.80000000 22.80000000 299.49041683
v 256.50000000 22.80000000 299.61660046
v 262.20000000 22.80000000 299.73366403
v 267.90000000 22.80000000 299.99956465
v 273.60000000 22.80000000 300.16387763
v 279.30000000 22.80000000 300.21462787
v 285.00000000 22.80000000 300.56965027
v 290.70000000 22.80000000 300.67226555
v 296.40000000 22.80000000 300.99713363
v 302.10000000 22.80000000 301.08706501
v 307.80000000 22.80000000 301.26874972
v 313.50000000 22.80000000 301.63305891
v 319.20000000 22.80000000 301.78721458
v 324.90000000 22.80000000 301.88418910
v 330.60000000 22.80000000 302.06318152
v 336.30000000 22.80000000 302.17126406
v 342.00000000 22.80000000 302.44879664
v 347.70000000 22.80000000 302.67657358
v 353.40000000 22.80000000 302.74294735
v 359.10000000 22.80000000 302.74294735
v 364.80000000 22.80000000 303.19767918
v 370.50000000 22.80000000 303.36911152
v 376.20000000 22.80000000 303.50987888
v 381.90000000 22.80000000 303.67604053
v 387.60000000 22.80000000 303.82403673
v 393.30000000 22.80000000 303.91070501
v 399.00000000 22.80000000 304.05131530
v 404.70000000 22.80000000 304.09008719
v 410.40000000 22.80000000 304.25579053
v 416.10000000 22.80000000 304.33452252
v 421.80000000 22.80000000 304.48006675
v 427.50000000 22.80000000 304.45591392
v 433.20000000 22.80000000 304.52392367
v 438.90000000 22.80000000 304.63521046
v 444.60000000 22.80000000 304.63888442
v 450.30000000 22.80000000 304.65591010
v 456.00000000 22.80000000 304.70021834
v 461.70000000 22.80000000 304.68243647
v 467.40000000 22.80000000 304.60426704
v 473.10000000 22.80000000 304.60111207
v 478.80000000 22.80000000 304.61686983
v 484.50000000 22.80000000 304.58853956
v 490.20000000 22.80000000 304.58853956
v 495.90000000 22.80000000 304.56788803
v 501.60000000 22.80000000 304.46532980
v 507.30000000 22.80000000 304.40115669
v 513.00000000 22.80000000 304.36075793
v 518.70000000 22.80000000 304.29492671
v 524.40000000 22.80000000 304.14742548
v 530.10000000 22.80000000 304.14742548
v 535.80000000 22.80000000 304.05836687
v 541.50000000 22.80000000 304.00234559
v 547.20000000 22.80000000 303.91661056
v 552.90000000 22.80000000 303.87383039
v 558.60000000 22.80000000 303.76691431
v 564.30000000 22.80000000 303.64583819
v 570.00000000 22.80000000 303.69100684
v 575.70000000 22.80000000 303.63111661
v 581.40000000 22.80000000 303.48035193
v 587.10000000 22.80000000 303.46227320
v 592.80000000 22.80000000 303.39176631
v 598.50000000 22.80000000 303.34721019
v 604.20000000 22.80000000 303.23520634
v 609.90000000 22.80000000 303.33328482
v 615.60000000 22.80000000 303.24807648
v 621.30000000 22.80000000 303.27982875
v 627.00000000 22.80000000 303.29084631
v 632.70000000 22.80000000 303.25652326
v 638.40000000 22.80000000 303.24445326
v 644.10000000 22.80000000 303.27176073
v 649.80000000 22.80000000 303.20072007
v 655.50000000 22.80000000 303.19375805
v 661.20000000 22.80000000 303.36435887
v 666.90000000 22.80000000 303.44513279
v 672.60000000 22.80000000 303.53980920
v 678.30000000 22.80000000 303.52561390
v 684.00000000 22.80000000 303.65498032
v 689.70000000 22.80000000 303.66193531
v 695.40000000 22.80000000 303.81652790
v 701.10000000 22.80000000 303.84324717
v 706.80000000 22.80000000 304.01240750
v 712.50000000 22.80000000 304.10331485
v 718.20000000 22.80000000 304.20349556
v 723.90000000 22.80000000 304.21585284
v 729.60000000 22.80000000 304.47968823
v 735.30000000 22.80000000 304.49442672
v 741.00000000 22.80000000 304.55140964
v 746.70000000 22.80000000 304.82199636
v 752.40000000 22.80000000 304.70934762
v 758.10000000 22.80000000 304.83798072
v 763.80000000 22.80000000 305.00833557
v 769.50000000 22.80000000 304.98064755
v 775.20000000 22.80000000 305.29718984
v 780.90000000 22.80000000 305.29184028
v 786.60000000 22.80000000 305.21730088
v 792.30000000 22.80000000 305.37244834
v 798.00000000 22.80000000 305.46447208
v 0.00000000 28.50000000 301.40044053
v 5.70000000 28.50000000 301.40044053
v 11.40000000 28.50000000 301.40044053
v 17.10000000 28.50000000 301.47127548
v 22.80000000 28.50000000 301.25072138
v 28.50000000 28.50000000 301.25072138
v 34.20000000 28.50000000 301.10693472
v 39.90000000 28.50000000 300.98557827
v 45.60000000 28.50000000 300.95576177
v 51.30000000 28.50000000 300.82820532
v 57.00000000 28.50000000 300.73623772
v 62.70000000 28.50000000 300.59118490
v 68.40000000 28.50000000 300.51215521
v 74.10000000 28.50000000 300.33017064
v 79.80000000 28.50000000 300.18850076
v 85.50000000 28.50000000 299.93886160
v 91.20000000 28.50000000 299.86726948
v 96.90000000 28.50000000 299.76344565
v 102.60000000 28.50000000 299.59831868
v 108.30000000 28.50000000 299.52766500
v 114.00000000 28.50000000 299.37158887
v 119.70000000 28.50000000 299.27926174
v 125.40000000 28.50000000 299.10735041
v 131.10000000 28.50000000 298.97213058
v 136.80000000 28.50000000 298.91727080
v 142.50000000 28.50000000 298.75682619
v 148.20000000 28.50000000 298.72179681
v 153.90000000 28.50000000 298.55551167
v 159.60000000 28.50000000 298.75255266
v 165.30000000 28.50000000 298.56985148
v 171.00000000 28.50000000 298.53337058
v 176.70000000 28.50000000 298.51708787
v 182.40000000 28.50000000 298.55523019
v 188.10000000 28.50000000 298.56541141
v 193.80000000 28.50000000 298.61250938
v 199.50000000 28.50000000 298.63725255
v 205.20000000 28.50000000 298.75652228
v 210.90000000 28.50000000 298.60739351
v 216.60000000 28.50000000 298.73947594
v 222.30000000 28.50000000 298.88184347
v 228.00000000 28.50000000 298.97563615
v 233.70000000 28.50000000 299.02323107
v 239.40000000 28.50000000 299.11852125
v 245.10000000 28.50000000 299.29526348
v 250.80000000 28.50000000 299.41856853
v 256.50000000 28.50000000 299.58609081
v 262.20000000 28.50000000 299.76660777
v 267.90000000 28.50000000 299.93652090
v 273.60000000 28.50000000 299.99614205
v 279.30000000 28.50000000 300.16193289
v 285.00000000 28.50000000 300.56965027
v 290.70000000 28.50000000 300.65086522
v 296.40000000 28.50000000 300.99713363
v 302.10000000 28.50000000 301.03475588
v 307.80000000 28.50000000 301.23278750
v 313.50000000 28.50000000 301.49327292
v 319.20000000 28.50000000 301.71087710
v 324.90000000 28.50000000 301.85558055
v 330.60000000 28.50000000 302.02720237
v 336.30000000 28.50000000 302.17643650
v 342.00000000 28.50000000 302.41360968
v 347.70000000 28.50000000 302.56065689
v 353.40000000 28.50000000 302.84217328
v 359.10000000 28.50000000 303.02507974
v 364.80000000 28.50000000 303.19767918
v 370.50000000 28.50000000 303.36656556
v 376.20000000 28.50000000 303.46563742
v 381.90000000 28.50000000 303.62977870
v 387.60000000 28.50000000 303.79886475
v 393.30000000 28.50000000 303.82201875
v 399.00000000 28.50000000 304.01908069
v 404.70000000 28.50000000 304.16554543
v 410.40000000 28.50000000 304.28659379
v 416.10000000 28.50000000 304.31877860
v 421.80000000 28.50000000 304.39102205
v 427.50000000 28.50000000 304.53247698
v 433.20000000 28.50000000 304.60287586
v 438.90000000 28.50000000 304.58921504
v 444.60000000 28.50000000 304.61680988
v 450.30000000 28.50000000 304.73016360
v 456.00000000 28.50000000 304.73016360
v 461.70000000 28.50000000 304.73016360
v 467.40000000 28.50000000 304.71550878
v 473.10000000 28.50000000 304.72334713
v 478.80000000 28.50000000 304.64474757
v 484.50000000 28.50000000 304.68553663
v 490.20000000 28.50000000 304.53127409
v 495.90000000 28.50000000 304.63615218
v 501.60000000 28.50000000 304.51223369
v 507.30000000 28.50000000 304.45997084
v 513.00000000 28.50000000 304.37994714
v 518.70000000 28.50000000 304.34293152
v 524.40000000 28.50000000 304.29793150
v 530.10000000 28.50000000 304.12654303
v 535.80000000 28.50000000 304.07186588
v 541.50000000 28.50000000 304.08088672
v 547.20000000 28.50000000 304.00456669
v 552.90000000 28.50000000 303.95773531
v 558.60000000 28.50000000 303.77524125
v 564.30000000 28.50000000 303.77524125
v 570.00000000 28.50000000 303.68065776
v 575.70000000 28.50000000 303.68360650
v 581.40000000 28.50000000 303.58795374
v 587.10000000 28.50000000 303.55134790
v 592.80000000 28.50000000 303.49381583
v 598.50000000 28.50000000 303.45663347
v 604.20000000 28.50000000 303.41902527
v 609.90000000 28.50000000 303.37943484
v 615.60000000 28.50000000 313.19508447
v 621.30000000 28.50000000 303.37068263
v 627.00000000 28.50000000 303.37708575
v 632.70000000 28.50000000 303.39650906
v 638.40000000 28.50000000 303.42903488
v 644.10000000 28.50000000 303.38715573
v 649.80000000 28.50000000 303.38545184
v 655.50000000 28.50000000 303.47314041
v 661.20000000 28.50000000 303.59066689
v 666.90000000 28.50000000 303.52174395
v 672.60000000 28.50000000 303.60320388
v 678.30000000 28.50000000 303.61961199
v 684.00000000 28.50000000 303.74756881
v 689.70000000 28.50000000 303.88660545
v 695.40000000 28.50000000 303.95868066
v 701.10000000 28.50000000 303.98714865
v 706.80000000 28.50000000 304.01240750
v 712.50000000 28.50000000 304.19449347
v 718.20000000 28.50000000 304.24776837
v 723.90000000 28.50000000 304.47968823
v 729.60000000 28.50000000 304.47968823
v 735.30000000 28.50000000 304.61046511
v 741.00000000 28.50000000 304.70683407
v 746.70000000 28.50000000 304.76233027
v 752.40000000 28.50000000 305.06024477
v 758.10000000 28.50000000 305.06024477
v 763.80000000 28.50000000 305.14490616
v 769.50000000 28.50000000 305.13772837
v 775.20000000 28.50000000 305.29718984
v 780.90000000 28.50000000 305.36214933
v 786.60000000 28.50000000 305.43647266
v 792.30000000 28.50000000 305.50691102
v 798.00000000 28.50000000 305.55858367
v 0.00000000 34.20000000 301.57911090
v 5.70000000 34.20000000 301.40044053
v 11.40000000 34.20000000 301.40044053
v 17.10000000 34.20000000 301.47127548
v 22.80000000 34.20000000 301.28085185
v 28.50000000 34.20000000 301.25072138
v 34.20000000 34.20000000 301.10693472
v 39.90000000 34.20000000 300.94821345
v 45.60000000 34.20000000 300.88653681
v 51.30000000 34.20000000 300.67736840
v 57.00000000 34.20000000 300.70532295
v 62.70000000 34.20000000 300.47503661
v 68.40000000 34.20000000 300.23909395
v 74.10000000 34.20000000 300.13325618
v 79.80000000 34.20000000 300.18850076
v 85.50000000 34.20000000 299.91418672
v 91.20000000 34.20000000 299.81988949
v 96.90000000 34.20000000 299.50302152
v 102.60000000 34.20000000 299.36732536
v 108.30000000 34.20000000 299.36778898
v 114.00000000 34.20000000 299.25113577
v 119.70000000 34.20000000 299.08779919
v 125.40000000 34.20000000 298.89056736
v 131.10000000 34.20000000 298.87311928
v 136.80000000 34.20000000 298.81099509
v 142.50000000 34.20000000 298.64560094
v 148.20000000 34.20000000 298.46561266
v 153.90000000 34.20000000 298.57090686
v 159.60000000 34.20000000 298.45724723
v 165.30000000 34.20000000 298.47389081
v 171.00000000 34.20000000 298.48071973
v 176.70000000 34.20000000 298.41517880
v 182.40000000 34.20000000 298.35625710
v 188.10000000 34.20000000 298.37312842
v 193.80000000 34.20000000 298.48012674
v 199.50000000 34.20000000 298.45131816
v 205.20000000 34.20000000 298.39267988
v 210.90000000 34.20000000 298.51650145
v 216.60000000 34.20000000 298.70932416
v 222.30000000 34.20000000 298.79050767
v 228.00000000 34.20000000 298.78223114
v 233.70000000 34.20000000 299.02323107
v 239.40000000 34.20000000 299.11852125
v 245.10000000 34.20000000 299.23248213
v 250.80000000 34.20000000 299.29485186
v 256.50000000 34.20000000 299.50283791
v 262.20000000 34.20000000 299.69204030
v 267.90000000 34.20000000 299.81391891
v 273.60000000 34.20000000 299.97398058
v 279.30000000 34.20000000 300.16193289
v 285.00000000 34.20000000 300.47543558
v 290.70000000 34.20000000 300.46468517
v 296.40000000 34.20000000 300.71717791
v 302.10000000 34.20000000 301.01606165
v 307.80000000 34.20000000 301.23278750
v 313.50000000 34.20000000 301.42515769
v 319.20000000 34.20000000 301.55676595
v 324.90000000 34.20000000 301.76092218
v 330.60000000 34.20000000 301.99257423
v 336.30000000 34.20000000 302.19331113
v 342.00000000 34.20000000 302.61811904
v 347.70000000 34.20000000 302.61811904
v 353.40000000 34.20000000 302.71942993
v 359.10000000 34.20000000 303.04380470
v 364.80000000 34.20000000 303.17112075
v 370.50000000 34.20000000 303.43739736
v 376.20000000 34.20000000 303.35478384
v 381.90000000 34.20000000 303.70429932
v 387.60000000 34.20000000 303.78130822
v 393.30000000 34.20000000 303.82201875
v 399.00000000 34.20000000 304.07140922
v 404.70000000 34.20000000 304.23061637
v 410.40000000 34.20000000 304.30050692
v 416.10000000 34.20000000 304.37242675
v 421.80000000 34.20000000 304.50496169
v 427.50000000 34.20000000 304.53237553
v 433.20000000 34.20000000 304.53938438
v 438.90000000 34.20000000 304.65319184
v 444.60000000 34.20000000 304.67162227
v 450.30000000 34.20000000 304.75913251
v 456.00000000 34.20000000 304.75913251
v 461.70000000 34.20000000 304.72776154
v 467.40000000 34.20000000 304.72831901
v 473.10000000 34.20000000 304.74039616
v 478.80000000 34.20000000 304.81439281
v 484.50000000 34.20000000 304.70015492
v 490.20000000 34.20000000 304.66508836
v 495.90000000 34.20000000 304.63852714
v 501.60000000 34.20000000 304.58310151
v 507.30000000 34.20000000 304.48476294
v 513.00000000 34.20000000 304.48846865
v 518.70000000 34.20000000 304.38938907
v 524.40000000 34.20000000 304.30074113
v 530.10000000 34.20000000 304.24452106
v 535.80000000 34.20000000 304.18043414
v 541.50000000 34.20000000 304.11956323
v 547.20000000 34.20000000 304.06287215
v 552.90000000 34.20000000 303.94430067
v 558.60000000 34.20000000 303.96759950
v 564.30000000 34.20000000 303.88477492
v 570.00000000 34.20000000 303.76028209
v 575.70000000 34.20000000 303.72079046
v 581.40000000 34.20000000 303.72388525
v 587.10000000 34.20000000 303.69177896
v 592.80000000 34.20000000 303.58714645
v 598.50000000 34.20000000 303.63376235
v 604.20000000 34.20000000 303.56570855
v 609.90000000 34.20000000 303.53139199
v 615.60000000 34.20000000 315.53567493
v 621.30000000 34.20000000 303.51852573
v 627.00000000 34.20000000 303.43296202
v 632.70000000 34.20000000 303.47848057
v 638.40000000 34.20000000 303.47848057
v 644.10000000 34.20000000 303.57107451
v 649.80000000 34.20000000 303.56896469
v 655.50000000 34.20000000 303.56515817
v 661.20000000 34.20000000 303.61878002
v 666.90000000 34.20000000 303.63343339
v 672.60000000 34.20000000 303.68313641
v 678.30000000 34.20000000 303.79246032
v 684.00000000 34.20000000 303.82785500
v 689.70000000 34.20000000 303.99077244
v 695.40000000 34.20000000 304.10599197
v 701.10000000 34.20000000 304.09628788
v 706.80000000 34.20000000 304.23304695
v 712.50000000 34.20000000 304.33815834
v 718.20000000 34.20000000 304.42816333
v 723.90000000 34.20000000 304.56078132
v 729.60000000 34.20000000 304.60335870
v 735.30000000 34.20000000 304.74994258
v 741.00000000 34.20000000 304.82901789
v 746.70000000 34.20000000 304.90429046
v 752.40000000 34.20000000 304.90429046
v 758.10000000 34.20000000 305.14349103
v 763.80000000 34.20000000 305.14349103
v 769.50000000 34.20000000 305.31145921
v 775.20000000 34.20000000 305.33405048
v 780.90000000 34.20000000 305.37244413
v 786.60000000 34.20000000 305.56295489
v 792.30000000 34.20000000 305.63809954
v 798.00000000 34.20000000 305.63809954
v 0.00000000 39.90000000 301.57911090
v 5.70000000 39.90000000 301.40044053
v 11.40000000 39.90000000 301.40044053
v 17.10000000 39.90000000 301.47127548
v 22.80000000 39.90000000 301.28085185
v 28.50000000 39.90000000 301.21670174
v 34.20000000 39.90000000 301.06502718
v 39.90000000 39.90000000 301.00527386
v 45.60000000 39.90000000 300.80170046
v 51.30000000 39.90000000 300.64623229
v 57.00000000 39.90000000 300.40872792
v 62.70000000 39.90000000 300.22067273
v 68.40000000 39.90000000 300.15364502
v 74.10000000 39.90000000 300.07444206
v 79.80000000 39.90000000 299.94018160
v 85.50000000 39.90000000 299.81630893
v 91.20000000 39.90000000 299.67203269
v 96.90000000 39.90000000 299.48122248
v 102.60000000 39.90000000 299.32673117
v 108.30000000 39.90000000 299.22333376
v 114.00000000 39.90000000 299.15797641
v 119.70000000 39.90000000 298.93230132
v 125.40000000 39.90000000 298.89056736
v 131.10000000 39.90000000 298.79037403
v 136.80000000 39.90000000 298.67985050
v 142.50000000 39.90000000 298.59544373
v 148.20000000 39.90000000 298.46561266
v 153.90000000 39.90000000 298.45394706
v 159.60000000 39.90000000 298.45724723
v 165.30000000 39.90000000 298.32804122
v 171.00000000 39.90000000 298.27043698
v 176.70000000 39.90000000 298.25842059
v 182.40000000 39.90000000 298.31630429
v 188.10000000 39.90000000 298.37312842
v 193.80000000 39.90000000 298.33038479
v 199.50000000 39.90000000 298.40604824
v 205.20000000 39.90000000 298.44395133
v 210.90000000 39.90000000 298.46803139
v 216.60000000 39.90000000 298.52875339
v 222.30000000 39.90000000 298.67765134
v 228.00000000 39.90000000 298.67568138
v 233.70000000 39.90000000 298.87425713
v 239.40000000 39.90000000 299.10547572
v 245.10000000 39.90000000 299.06959523
v 250.80000000 39.90000000 299.25143360
v 256.50000000 39.90000000 299.33825964
v 262.20000000 39.90000000 299.63488485
v 267.90000000 39.90000000 299.73756083
v 273.60000000 39.90000000 299.80184543
v 279.30000000 39.90000000 300.18310153
v 285.00000000 39.90000000 300.28875713
v 290.70000000 39.90000000 300.49531742
v 296.40000000 39.90000000 300.74562068
v 302.10000000 39.90000000 300.88036890
v 307.80000000 39.90000000 301.15401771
v 313.50000000 39.90000000 301.34502470
v 319.20000000 39.90000000 301.46982785
v 324.90000000 39.90000000 301.82605390
v 330.60000000 39.90000000 301.95977851
v 336.30000000 39.90000000 302.24310610
v 342.00000000 39.90000000 302.55018784
v 347.70000000 39.90000000 302.55018784
v 353.40000000 39.90000000 302.77868797
v 359.10000000 39.90000000 302.98413152
v 364.80000000 39.90000000 303.04752588
v 370.50000000 39.90000000 303.32210213
v 376.20000000 39.90000000 303.49989069
v 381.90000000 39.90000000 303.69478266
v 387.60000000 39.90000000 303.75059128
v 393.30000000 39.90000000 303.95495626
v 399.00000000 39.90000000 304.06449871
v 404.70000000 39.90000000 304.18064587
v 410.40000000 39.90000000 304.30050692
v 416.10000000 39.90000000 304.41444703
v 421.80000000 39.90000000 304.50829134
v 427.50000000 39.90000000 304.52582511
v 433.20000000 39.90000000 304.62027548
v 438.90000000 39.90000000 304.66881871
v 444.60000000 39.90000000 304.68331903
v 450.30000000 39.90000000 304.74767015
v 456.00000000 39.90000000 304.75560893
v 461.70000000 39.90000000 304.77730416
v 467.40000000 39.90000000 304.76371678
v 473.10000000 39.90000000 304.78027148
v 478.80000000 39.90000000 304.76928868
v 484.50000000 39.90000000 304.76011432
v 490.20000000 39.90000000 304.72230910
v 495.90000000 39.90000000 304.64686311
v 501.60000000 39.90000000 304.60391342
v 507.30000000 39.90000000 304.58222135
v 513.00000000 39.90000000 304.51661734
v 518.70000000 39.90000000 304.52928762
v 524.40000000 39.90000000 304.40816876
v 530.10000000 39.90000000 304.39643171
v 535.80000000 39.90000000 304.39643171
v 541.50000000 39.90000000 304.25001777
v 547.20000000 39.90000000 304.08848214
v 552.90000000 39.90000000 304.07944514
v 558.60000000 39.90000000 304.06761977
v 564.30000000 39.90000000 303.95021601
v 570.00000000 39.90000000 303.82917463
v 575.70000000 39.90000000 303.88209675
v 581.40000000 39.90000000 303.82457584
v 587.10000000 39.90000000 303.69860362
v 592.80000000 39.90000000 303.72978628
v 598.50000000 39.90000000 303.65440289
v 604.20000000 39.90000000 303.67310464
v 609.90000000 39.90000000 303.63586375
v 615.60000000 39.90000000 303.53888587
v 621.30000000 39.90000000 303.58594288
v 627.00000000 39.90000000 303.58744038
v 632.70000000 39.90000000 303.58744038
v 638.40000000 39.90000000 303.55686738
v 644.10000000 39.90000000 303.63277093
v 649.80000000 39.90000000 303.65908265
v 655.50000000 39.90000000 303.73466388
v 661.20000000 39.90000000 303.73466388
v 666.90000000 39.90000000 303.86667388
v 672.60000000 39.90000000 303.88496493
v 678.30000000 39.90000000 303.92378515
v 684.00000000 39.90000000 303.92142489
v 689.70000000 39.90000000 304.02977887
v 695.40000000 39.90000000 304.05693068
v 701.10000000 39.90000000 304.21660136
v 706.80000000 39.90000000 304.36911184
v 712.50000000 39.90000000 304.45210372
v 718.20000000 39.90000000 304.54321371
v 723.90000000 39.90000000 304.75963557
v 729.60000000 39.90000000 304.75963557
v 735.30000000 39.90000000 304.80253775
v 741.00000000 39.90000000 304.94932895
v 746.70000000 39.90000000 305.02199560
v 752.40000000 39.90000000 305.17414562
v 758.10000000 39.90000000 305.15284290
v 763.80000000 39.90000000 305.34763699
v 769.50000000 39.90000000 305.30519408
v 775.20000000 39.90000000 305.42060643
v 780.90000000 39.90000000 305.60242587
v 786.60000000 39.90000000 305.59602446
v 792.30000000 39.90000000 305.74155225
v 798.00000000 39.90000000 305.77081715
v 0.00000000 45.60000000 301.57911090
v 5.70000000 45.60000000 301.47546873
v 11.40000000 45.60000000 301.41492976
v 17.10000000 45.60000000 301.32324590
v 22.80000000 45.60000000 301.26605801
v 28.50000000 45.60000000 301.14372239
v 34.20000000 45.60000000 300.99673486
v 39.90000000 45.60000000 300.67253288
v 45.60000000 45.60000000 300.74983776
v 51.30000000 45.60000000 300.57976417
v 57.00000000 45.60000000 300.43264083
v 62.70000000 45.60000000 300.22590243
v 68.40000000 45.60000000 300.09031722
v 74.10000000 45.60000000 299.95601309
v 79.80000000 45.60000000 299.76401772
v 85.50000000 45.60000000 299.65383120
v 91.20000000 45.60000000 299.52708773
v 96.90000000 45.60000000 299.40575435
v 102.60000000 45.60000000 299.26269243
v 108.30000000 45.60000000 299.10337819
v 114.00000000 45.60000000 299.04195319
v 119.70000000 45.60000000 298.91208570
v 125.40000000 45.60000000 298.89056736
v 131.10000000 45.60000000 298.73915372
v 136.80000000 45.60000000 298.59443113
v 142.50000000 45.60000000 298.53294307
v 148.20000000 45.60000000 298.35813023
v 153.90000000 45.60000000 298.41629761
v 159.60000000 45.60000000 298.30375932
v 165.30000000 45.60000000 298.23425710
v 171.00000000 45.60000000 298.23709577
v 176.70000000 45.60000000 298.24071605
v 182.40000000 45.60000000 298.25997315
v 188.10000000 45.60000000 298.16513916
v 193.80000000 45.60000000 298.25837365
v 199.50000000 45.60000000 298.31192496
v 205.20000000 45.60000000 298.38644836
v 210.90000000 45.60000000 298.43373205
v 216.60000000 45.60000000 298.45771475
v 222.30000000 45.60000000 298.56066667
v 228.00000000 45.60000000 298.59556267
v 233.70000000 45.60000000 298.79806909
v 239.40000000 45.60000000 298.92276821
v 245.10000000 45.60000000 299.00370673
v 250.80000000 45.60000000 299.22758789
v 256.50000000 45.60000000 299.33250383
v 262.20000000 45.60000000 299.56460078
v 267.90000000 45.60000000 299.77329730
v 273.60000000 45.60000000 299.78628857
v 279.30000000 45.60000000 299.94194040
v 285.00000000 45.60000000 300.29437371
v 290.70000000 45.60000000 300.53516440
v 296.40000000 45.60000000 300.59943576
v 302.10000000 45.60000000 300.91120976
v 307.80000000 45.60000000 301.13951375
v 313.50000000 45.60000000 301.32926655
v 319.20000000 45.60000000 301.46982785
v 324.90000000 45.60000000 301.78715765
v 330.60000000 45.60000000 302.01877089
v 336.30000000 45.60000000 302.14193749
v 342.00000000 45.60000000 302.35305075
v 347.70000000 45.60000000 302.53301429
v 353.40000000 45.60000000 302.71806883
v 359.10000000 45.60000000 302.95820243
v 364.80000000 45.60000000 303.06463984
v 370.50000000 45.60000000 303.31684276
v 376.20000000 45.60000000 303.37322065
v 381.90000000 45.60000000 303.59617506
v 387.60000000 45.60000000 303.71777924
v 393.30000000 45.60000000 303.97990423
v 399.00000000 45.60000000 304.05662767
v 404.70000000 45.60000000 304.10252271
v 410.40000000 45.60000000 304.24552217
v 416.10000000 45.60000000 304.36551381
v 421.80000000 45.60000000 304.50798760
v 427.50000000 45.60000000 304.55781593
v 433.20000000 45.60000000 304.73357247
v 438.90000000 45.60000000 304.73357247
v 444.60000000 45.60000000 304.67748419
v 450.30000000 45.60000000 304.75267351
v 456.00000000 45.60000000 304.75666576
v 461.70000000 45.60000000 304.82557361
v 467.40000000 45.60000000 304.81654044
v 473.10000000 45.60000000 304.83062543
v 478.80000000 45.60000000 304.79068684
v 484.50000000 45.60000000 304.78813727
v 490.20000000 45.60000000 304.79587793
v 495.90000000 45.60000000 304.78780647
v 501.60000000 45.60000000 304.64148186
v 507.30000000 45.60000000 304.64148186
v 513.00000000 45.60000000 304.63256377
v 518.70000000 45.60000000 304.53515078
v 524.40000000 45.60000000 304.50227104
v 530.10000000 45.60000000 304.42079934
v 535.80000000 45.60000000 304.42079934
v 541.50000000 45.60000000 304.29927124
v 547.20000000 45.60000000 304.22164499
v 552.90000000 45.60000000 304.19206623
v 558.60000000 45.60000000 304.06137090
v 564.30000000 45.60000000 303.97166292
v 570.00000000 45.60000000 303.98066220
v 575.70000000 45.60000000 303.91013260
v 581.40000000 45.60000000 303.85463164
v 587.10000000 45.60000000 303.88515407
v 592.80000000 45.60000000 303.78028313
v 598.50000000 45.60000000 303.70387349
v 604.20000000 45.60000000 303.73021960
v 609.90000000 45.60000000 303.70317184
v 615.60000000 45.60000000 303.69169118
v 621.30000000 45.60000000 303.73285953
v 627.00000000 45.60000000 303.70996568
v 632.70000000 45.60000000 303.73847126
v 638.40000000 45.60000000 303.65546618
v 644.10000000 45.60000000 303.75940593
v 649.80000000 45.60000000 303.72453034
v 655.50000000 45.60000000 303.79512358
v 661.20000000 45.60000000 303.84870069
v 666.90000000 45.60000000 303.90390317
v 672.60000000 45.60000000 303.97347940
v 678.30000000 45.60000000 304.01604615
v 684.00000000 45.60000000 304.08470963
v 689.70000000 45.60000000 304.22819302
v 695.40000000 45.60000000 304.28171970
v 701.10000000 45.60000000 304.36921373
v 706.80000000 45.60000000 304.39843587
v 712.50000000 45.60000000 304.45242461
v 718.20000000 45.60000000 304.66558416
v 723.90000000 45.60000000 304.79486275
v 729.60000000 45.60000000 304.78907306
v 735.30000000 45.60000000 304.97453064
v 741.00000000 45.60000000 304.97453064
v 746.70000000 45.60000000 305.13815061
v 752.40000000 45.60000000 305.17747939
v 758.10000000 45.60000000 305.32489613
v 763.80000000 45.60000000 305.50197863
v 769.50000000 45.60000000 305.49255897
v 775.20000000 45.60000000 305.53872429
v 780.90000000 45.60000000 305.63879968
v 786.60000000 45.60000000 305.73794155
v 792.30000000 45.60000000 305.80229606
v 798.00000000 45.60000000 305.84480402
v 0.00000000 51.30000000 301.56711905
v 5.70000000 51.30000000 301.48853846
v 11.40000000 51.30000000 301.39821370
v 17.10000000 51.30000000 301.26307967
v 22.80000000 51.30000000 301.14441746
v 28.50000000 51.30000000 301.06618013
v 34.20000000 51.30000000 300.96634439
v 39.90000000 51.30000000 300.85496628
v 45.60000000 51.30000000 300.63724485
v 51.30000000 51.30000000 300.49779677
v 57.00000000 51.30000000 300.32327857
v 62.70000000 51.30000000 300.22590243
v 68.40000000 51.30000000 299.88755235
v 74.10000000 51.30000000 299.86862981
v 79.80000000 51.30000000 299.65405326
v 85.50000000 51.30000000 299.44217854
v 91.20000000 51.30000000 299.42856178
v 96.90000000 51.30000000 299.35136822
v 102.60000000 51.30000000 299.10404967
v 108.30000000 51.30000000 299.05957790
v 114.00000000 51.30000000 298.87557506
v 119.70000000 51.30000000 298.64807624
v 125.40000000 51.30000000 298.71004123
v 131.10000000 51.30000000 298.44468596
v 136.80000000 51.30000000 298.44468596
v 142.50000000 51.30000000 298.35749772
v 148.20000000 51.30000000 298.23953919
v 153.90000000 51.30000000 298.28426481
v 159.60000000 51.30000000 298.27287831
v 165.30000000 51.30000000 298.11880401
v 171.00000000 51.30000000 298.12611399
v 176.70000000 51.30000000 298.09314339
v 182.40000000 51.30000000 298.13597534
v 188.10000000 51.30000000 298.14798363
v 193.80000000 51.30000000 298.16423723
v 199.50000000 51.30000000 298.19080946
v 205.20000000 51.30000000 298.30116863
v 210.90000000 51.30000000 298.26492025
v 216.60000000 51.30000000 298.45771475
v 222.30000000 51.30000000 298.42286247
v 228.00000000 51.30000000 298.59556267
v 233.70000000 51.30000000 298.67676355
v 239.40000000 51.30000000 298.84167101
v 245.10000000 51.30000000 299.03122012
v 250.80000000 51.30000000 299.11221314
v 256.50000000 51.30000000 299.21865201
v 262.20000000 51.30000000 299.41754118
v 267.90000000 51.30000000 299.59961729
v 273.60000000 51.30000000 299.81664275
v 279.30000000 51.30000000 299.89592263
v 285.00000000 51.30000000 300.26336238
v 290.70000000 51.30000000 300.36942930
v 296.40000000 51.30000000 300.62742184
v 302.10000000 51.30000000 300.86653033
v 307.80000000 51.30000000 301.07070838
v 313.50000000 51.30000000 301.08581763
v 319.20000000 51.30000000 301.48778834
v 324.90000000 51.30000000 301.66644776
v 330.60000000 51.30000000 301.80244858
v 336.30000000 51.30000000 301.97985648
v 342.00000000 51.30000000 302.35173397
v 347.70000000 51.30000000 302.46899183
v 353.40000000 51.30000000 302.62613602
v 359.10000000 51.30000000 302.91794565
v 364.80000000 51.30000000 303.09543788
v 370.50000000 51.30000000 303.29363412
v 376.20000000 51.30000000 303.48932325
v 381.90000000 51.30000000 303.62839138
v 387.60000000 51.30000000 303.70017450
v 393.30000000 51.30000000 304.01541288
v 399.00000000 51.30000000 304.01908801
v 404.70000000 51.30000000 304.19370529
v 410.40000000 51.30000000 304.33747165
v 416.10000000 51.30000000 304.38269388
v 421.80000000 51.30000000 304.43665103
v 427.50000000 51.30000000 304.64241609
v 433.20000000 51.30000000 304.65573782
v 438.90000000 51.30000000 304.71800793
v 444.60000000 51.30000000 304.82979076
v 450.30000000 51.30000000 304.83240026
v 456.00000000 51.30000000 304.82942008
v 461.70000000 51.30000000 304.81915123
v 467.40000000 51.30000000 304.84154109
v 473.10000000 51.30000000 304.87014545
v 478.80000000 51.30000000 304.85650912
v 484.50000000 51.30000000 304.82099073
v 490.20000000 51.30000000 304.82099073
v 495.90000000 51.30000000 304.78780647
v 501.60000000 51.30000000 304.76491712
v 507.30000000 51.30000000 304.64148186
v 513.00000000 51.30000000 304.61983386
v 518.70000000 51.30000000 304.56030314
v 524.40000000 51.30000000 304.59305929
v 530.10000000 51.30000000 304.52752419
v 535.80000000 51.30000000 304.29655143
v 541.50000000 51.30000000 304.29655143
v 547.20000000 51.30000000 304.28036277
v 552.90000000 51.30000000 304.23572542
v 558.60000000 51.30000000 304.17183857
v 564.30000000 51.30000000 304.02965389
v 570.00000000 51.30000000 304.10868895
v 575.70000000 51.30000000 303.99506123
v 581.40000000 51.30000000 303.90463646
v 587.10000000 51.30000000 303.87242135
v 592.80000000 51.30000000 303.78028313
v 598.50000000 51.30000000 303.85148198
v 604.20000000 51.30000000 303.82975198
v 609.90000000 51.30000000 303.83255905
v 615.60000000 51.30000000 303.80071760
v 621.30000000 51.30000000 303.75329279
v 627.00000000 51.30000000 303.78721361
v 632.70000000 51.30000000 303.73847126
v 638.40000000 51.30000000 303.70133048
v 644.10000000 51.30000000 303.80637005
v 649.80000000 51.30000000 303.89072808
v 655.50000000 51.30000000 303.96568919
v 661.20000000 51.30000000 303.88426671
v 666.90000000 51.30000000 304.00182563
v 672.60000000 51.30000000 304.02835820
v 678.30000000 51.30000000 304.08694030
v 684.00000000 51.30000000 304.18305871
v 689.70000000 51.30000000 304.29231011
v 695.40000000 51.30000000 304.33913780
v 701.10000000 51.30000000 304.42049985
v 706.80000000 51.30000000 304.58393099
v 712.50000000 51.30000000 304.55390309
v 718.20000000 51.30000000 304.76705388
v 723.90000000 51.30000000 304.91132400
v 729.60000000 51.30000000 304.92165000
v 735.30000000 51.30000000 305.09841700
v 741.00000000 51.30000000 305.17572131
v 746.70000000 51.30000000 305.17310462
v 752.40000000 51.30000000 305.36224284
v 758.10000000 51.30000000 305.44535454
v 763.80000000 51.30000000 305.44535454
v 769.50000000 51.30000000 305.62929034
v 775.20000000 51.30000000 305.66763025
v 780.90000000 51.30000000 305.67605397
v 786.60000000 51.30000000 305.85051343
v 792.30000000 51.30000000 305.85055316
v 798.00000000 51.30000000 305.95565821
v 0.00000000 57.00000000 301.43815642
v 5.70000000 57.00000000 301.43759235
v 11.40000000 57.00000000 301.34415744
v 17.10000000 57.00000000 301.19509427
v 22.80000000 57.00000000 300.99905160
v 28.50000000 57.00000000 300.99689268
v 34.20000000 57.00000000 300.80175088
v 39.90000000 57.00000000 300.58451456
v 45.60000000 57.00000000 300.50017579
v 51.30000000 57.00000000 300.41542519
v 57.00000000 57.00000000 300.26098682
v 62.70000000 57.00000000 300.02015341
v 68.40000000 57.00000000 299.98173536
v 74.10000000 57.00000000 299.77072113
v 79.80000000 57.00000000 299.65405326
v 85.50000000 57.00000000 299.44541774
v 91.20000000 57.00000000 299.38043871
v 96.90000000 57.00000000 299.21129156
v 102.60000000 57.00000000 299.10516163
v 108.30000000 57.00000000 298.96165104
v 114.00000000 57.00000000 298.81598710
v 119.70000000 57.00000000 298.59421763
v 125.40000000 57.00000000 298.60535370
v 131.10000000 57.00000000 298.51679346
v 136.80000000 57.00000000 298.39126153
v 142.50000000 57.00000000 298.27814214
v 148.20000000 57.00000000 298.18096353
v 153.90000000 57.00000000 298.09045128
v 159.60000000 57.00000000 298.11596764
v 165.30000000 57.00000000 298.10632476
v 171.00000000 57.00000000 297.98731226
v 176.70000000 57.00000000 297.98526541
v 182.40000000 57.00000000 297.98526541
v 188.10000000 57.00000000 298.03194602
v 193.80000000 57.00000000 298.08061715
v 199.50000000 57.00000000 298.08061715
v 205.20000000 57.00000000 298.16715741
v 210.90000000 57.00000000 298.24479942
v 216.60000000 57.00000000 298.24479942
v 222.30000000 57.00000000 298.38195145
v 228.00000000 57.00000000 298.39660356
v 233.70000000 57.00000000 298.65585365
v 239.40000000 57.00000000 298.76687780
v 245.10000000 57.00000000 298.76687780
v 250.80000000 57.00000000 299.02084890
v 256.50000000 57.00000000 299.21465006
v 262.20000000 57.00000000 299.39318252
v 267.90000000 57.00000000 299.58646647
v 273.60000000 57.00000000 299.58646647
v 279.30000000 57.00000000 299.97535892
v 285.00000000 57.00000000 299.97535892
v 290.70000000 57.00000000 300.44584386
v 296.40000000 57.00000000 300.61873361
v 302.10000000 57.00000000 300.83550938
v 307.80000000 57.00000000 300.83550938
v 313.50000000 57.00000000 301.12325767
v 319.20000000 57.00000000 301.42601373
v 324.90000000 57.00000000 301.65718424
v 330.60000000 57.00000000 301.79588551
v 336.30000000 57.00000000 302.18289289
v 342.00000000 57.00000000 302.35173397
v 347.70000000 57.00000000 302.58450512
v 353.40000000 57.00000000 302.70321330
v 359.10000000 57.00000000 302.83976918
v 364.80000000 57.00000000 303.10209943
v 370.50000000 57.00000000 303.33335835
v 376.20000000 57.00000000 303.41276921
v 381.90000000 57.00000000 303.74507857
v 387.60000000 57.00000000 303.74507857
v 393.30000000 57.00000000 303.92157337
v 399.00000000 57.00000000 304.06793999
v 404.70000000 57.00000000 304.20277603
v 410.40000000 57.00000000 304.23179104
v 416.10000000 57.00000000 304.37839851
v 421.80000000 57.00000000 304.48303793
v 427.50000000 57.00000000 304.60233613
v 433.20000000 57.00000000 304.67969682
v 438.90000000 57.00000000 304.71232873
v 444.60000000 57.00000000 304.77593437
v 450.30000000 57.00000000 304.82064015
v 456.00000000 57.00000000 304.87110540
v 461.70000000 57.00000000 304.88902168
v 467.40000000 57.00000000 304.84154109
v 473.10000000 57.00000000 304.90293494
v 478.80000000 57.00000000 304.91522105
v 484.50000000 57.00000000 304.91522105
v 490.20000000 57.00000000 304.78762046
v 495.90000000 57.00000000 304.78762046
v 501.60000000 57.00000000 304.76491712
v 507.30000000 57.00000000 304.72662523
v 513.00000000 57.00000000 304.72662523
v 518.70000000 57.00000000 304.70545229
v 524.40000000 57.00000000 304.62540001
v 530.10000000 57.00000000 304.52752419
v 535.80000000 57.00000000 304.49229746
v 541.50000000 57.00000000 304.36304948
v 547.20000000 57.00000000 304.39535713
v 552.90000000 57.00000000 304.29454342
v 558.60000000 57.00000000 304.22494893
v 564.30000000 57.00000000 304.22494893
v 570.00000000 57.00000000 304.21910428
v 575.70000000 57.00000000 304.10894277
v 581.40000000 57.00000000 304.05423466
v 587.10000000 57.00000000 304.08374890
v 592.80000000 57.00000000 304.03061671
v 598.50000000 57.00000000 303.95447090
v 604.20000000 57.00000000 303.84957333
v 609.90000000 57.00000000 303.93824539
v 615.60000000 57.00000000 303.92556020
v 621.30000000 57.00000000 303.91832156
v 627.00000000 57.00000000 303.84580328
v 632.70000000 57.00000000 303.88765115
v 638.40000000 57.00000000 303.89945040
v 644.10000000 57.00000000 303.91187222
v 649.80000000 57.00000000 303.89072808
v 655.50000000 57.00000000 303.98753887
v 661.20000000 57.00000000 304.01754503
v 666.90000000 57.00000000 304.08997162
v 672.60000000 57.00000000 304.12501101
v 678.30000000 57.00000000 304.17653727
v 684.00000000 57.00000000 304.32874064
v 689.70000000 57.00000000 304.42019314
v 695.40000000 57.00000000 304.45870065
v 701.10000000 57.00000000 304.50605888
v 706.80000000 57.00000000 304.66206540
v 712.50000000 57.00000000 304.75986128
v 718.20000000 57.00000000 304.76705388
v 723.90000000 57.00000000 305.10199493
v 729.60000000 57.00000000 305.10199493
v 735.30000000 57.00000000 305.25515222
v 741.00000000 57.00000000 305.21003344
v 746.70000000 57.00000000 305.36774789
v 752.40000000 57.00000000 305.43301276
v 758.10000000 57.00000000 305.50952305
v 763.80000000 57.00000000 305.64498899
v 769.50000000 57.00000000 305.63161864
v 775.20000000 57.00000000 305.73854273
v 780.90000000 57.00000000 305.84742529
v 786.60000000 57.00000000 305.85051343
v 792.30000000 57.00000000 305.95285488
v 798.00000000 57.00000000 306.02181406
v 0.00000000 62.70000000 301.31845991
v 5.70000000 62.70000000 301.35671569
v 11.40000000 62.70000000 301.26624453
v 17.10000000 62.70000000 300.99161455
v 22.80000000 62.70000000 300.92608826
v 28.50000000 62.70000000 300.86871916
v 34.20000000 62.70000000 300.80175088
v 39.90000000 62.70000000 300.80175088
v 45.60000000 62.70000000 300.50442258
v 51.30000000 62.70000000 300.34729312
v 57.00000000 62.70000000 300.02765699
v 62.70000000 62.70000000 299.99675806
v 68.40000000 62.70000000 299.73239745
v 74.10000000 62.70000000 299.66798796
v 79.80000000 62.70000000 299.59118928
v 85.50000000 62.70000000 299.27155169
v 91.20000000 62.70000000 299.25339954
v 96.90000000 62.70000000 299.25339954
v 102.60000000 62.70000000 299.04338987
v 108.30000000 62.70000000 298.82383417
v 114.00000000 62.70000000 298.67283894
v 119.70000000 62.70000000 298.56479448
v 125.40000000 62.70000000 298.40151679
v 131.10000000 62.70000000 298.34490531
v 136.80000000 62.70000000 298.22710394
v 142.50000000 62.70000000 298.16080556
v 148.20000000 62.70000000 298.07901531
v 153.90000000 62.70000000 298.06690798
v 159.60000000 62.70000000 297.98882225
v 165.30000000 62.70000000 298.03483613
v 171.00000000 62.70000000 297.93656413
v 176.70000000 62.70000000 297.92220948
v 182.40000000 62.70000000 297.86405455
v 188.10000000 62.70000000 297.98478674
v 193.80000000 62.70000000 297.97731897
v 199.50000000 62.70000000 297.97731897
v 205.20000000 62.70000000 298.09653995
v 210.90000000 62.70000000 298.20363706
v 216.60000000 62.70000000 298.18795170
v 222.30000000 62.70000000 298.28689052
v 228.00000000 62.70000000 298.35001573
v 233.70000000 62.70000000 298.56081291
v 239.40000000 62.70000000 298.64979033
v 245.10000000 62.70000000 298.86521212
v 250.80000000 62.70000000 298.87303839
v 256.50000000 62.70000000 299.15924484
v 262.20000000 62.70000000 299.39318252
v 267.90000000 62.70000000 299.51443229
v 273.60000000 62.70000000 299.76233427
v 279.30000000 62.70000000 299.82681945
v 285.00000000 62.70000000 300.05132179
v 290.70000000 62.70000000 300.31641017
v 296.40000000 62.70000000 300.61986790
v 302.10000000 62.70000000 300.67922822
v 307.80000000 62.70000000 300.90169825
v 313.50000000 62.70000000 301.27397580
v 319.20000000 62.70000000 301.45217106
v 324.90000000 62.70000000 301.65812260
v 330.60000000 62.70000000 301.65812260
v 336.30000000 62.70000000 302.03268760
v 342.00000000 62.70000000 302.35829134
v 347.70000000 62.70000000 302.47383390
v 353.40000000 62.70000000 302.57366015
v 359.10000000 62.70000000 302.92394404
v 364.80000000 62.70000000 302.94798209
v 370.50000000 62.70000000 303.25080758
v 376.20000000 62.70000000 303.25080758
v 381.90000000 62.70000000 303.62046776
v 387.60000000 62.70000000 303.74738632
v 393.30000000 62.70000000 302.72906117
v 399.00000000 62.70000000 304.06689096
v 404.70000000 62.70000000 304.14152639
v 410.40000000 62.70000000 304.33641287
v 416.10000000 62.70000000 304.40948425
v 421.80000000 62.70000000 304.45776005
v 427.50000000 62.70000000 304.68366804
v 433.20000000 62.70000000 304.72825513
v 438.90000000 62.70000000 304.74148337
v 444.60000000 62.70000000 304.84258764
v 450.30000000 62.70000000 304.87720428
v 456.00000000 62.70000000 304.86431360
v 461.70000000 62.70000000 304.94073396
v 467.40000000 62.70000000 304.93018787
v 473.10000000 62.70000000 304.94378399
v 478.80000000 62.70000000 304.94851245
v 484.50000000 62.70000000 304.94577464
v 490.20000000 62.70000000 304.90985437
v 495.90000000 62.70000000 304.90528190
v 501.60000000 62.70000000 304.87034879
v 507.30000000 62.70000000 304.85983961
v 513.00000000 62.70000000 304.76626984
v 518.70000000 62.70000000 304.69290295
v 524.40000000 62.70000000 304.67078991
v 530.10000000 62.70000000 304.61444166
v 535.80000000 62.70000000 304.57820396
v 541.50000000 62.70000000 304.50745145
v 547.20000000 62.70000000 304.45084251
v 552.90000000 62.70000000 304.34333670
v 558.60000000 62.70000000 304.35075662
v 564.30000000 62.70000000 304.32856536
v 570.00000000 62.70000000 304.22118951
v 575.70000000 62.70000000 304.13588499
v 581.40000000 62.70000000 304.15926394
v 587.10000000 62.70000000 304.03537717
v 592.80000000 62.70000000 304.06210994
v 598.50000000 62.70000000 304.11419726
v 604.20000000 62.70000000 303.99237804
v 609.90000000 62.70000000 303.99237804
v 615.60000000 62.70000000 303.97754631
v 621.30000000 62.70000000 303.99967406
v 627.00000000 62.70000000 304.03749802
v 632.70000000 62.70000000 303.97439868
v 638.40000000 62.70000000 323.45258084
v 644.10000000 62.70000000 323.44592615
v 649.80000000 62.70000000 304.01793423
v 655.50000000 62.70000000 323.40950555
v 661.20000000 62.70000000 304.14347929
v 666.90000000 62.70000000 304.24270647
v 672.60000000 62.70000000 304.26618945
v 678.30000000 62.70000000 304.34372367
v 684.00000000 62.70000000 304.38760360
v 689.70000000 62.70000000 304.42289252
v 695.40000000 62.70000000 304.67607973
v 701.10000000 62.70000000 304.61782534
v 706.80000000 62.70000000 304.79209045
v 712.50000000 62.70000000 304.75175144
v 718.20000000 62.70000000 304.94429084
v 723.90000000 62.70000000 304.94429084
v 729.60000000 62.70000000 305.10252198
v 735.30000000 62.70000000 305.25515222
v 741.00000000 62.70000000 305.33741577
v 746.70000000 62.70000000 305.36052436
v 752.40000000 62.70000000 305.51033709
v 758.10000000 62.70000000 305.60555223
v 763.80000000 62.70000000 305.65413992
v 769.50000000 62.70000000 305.63161864
v 775.20000000 62.70000000 305.90210662
v 780.90000000 62.70000000 306.01038801
v 786.60000000 62.70000000 305.97580662
v 792.30000000 62.70000000 306.00230529
v 798.00000000 62.70000000 306.05797407
v 0.00000000 68.40000000 301.31845991
v 5.70000000 68.40000000 301.27388057
v 11.40000000 68.40000000 301.12875148
v 17.10000000 68.40000000 301.08562228
v 22.80000000 68.40000000 300.90937321
v 28.50000000 68.40000000 300.77929416
v 34.20000000 68.40000000 300.67155131
v 39.90000000 68.40000000 300.48895818
v 45.60000000 68.40000000 300.48895818
v 51.30000000 68.40000000 300.27925604
v 57.00000000 68.40000000 300.12600160
v 62.70000000 68.40000000 299.90420075
v 68.40000000 68.40000000 299.71838742
v 74.10000000 68.40000000 299.69756209
v 79.80000000 68.40000000 299.42779609
v 85.50000000 68.40000000 299.26357957
v 91.20000000 68.40000000 299.17934691
v 96.90000000 68.40000000 299.03702775
v 102.60000000 68.40000000 298.90079084
v 108.30000000 68.40000000 305.26323329
v 114.00000000 68.40000000 300.40028093
v 119.70000000 68.40000000 298.56479448
v 125.40000000 68.40000000 298.37456894
v 131.10000000 68.40000000 298.24694778
v 136.80000000 68.40000000 298.19969300
v 142.50000000 68.40000000 298.03403922
v 148.20000000 68.40000000 298.03500408
v 153.90000000 68.40000000 297.94392923
v 159.60000000 68.40000000 297.91637082
v 165.30000000 68.40000000 297.91283850
v 171.00000000 68.40000000 297.76381063
v 176.70000000 68.40000000 297.84985685
v 182.40000000 68.40000000 297.87649159
v 188.10000000 68.40000000 297.89308993
v 193.80000000 68.40000000 297.92514873
v 199.50000000 68.40000000 297.96332585
v 205.20000000 68.40000000 298.02966228
v 210.90000000 68.40000000 298.10384144
v 216.60000000 68.40000000 298.21833263
v 222.30000000 68.40000000 298.28136247
v 228.00000000 68.40000000 298.39064999
v 233.70000000 68.40000000 298.44141454
v 239.40000000 68.40000000 298.44141454
v 245.10000000 68.40000000 298.70557249
v 250.80000000 68.40000000 299.03259675
v 256.50000000 68.40000000 299.12021657
v 262.20000000 68.40000000 299.27928837
v 267.90000000 68.40000000 299.49600083
v 273.60000000 68.40000000 299.68911667
v 279.30000000 68.40000000 299.87770278
v 285.00000000 68.40000000 300.09016992
v 290.70000000 68.40000000 300.29427150
v 296.40000000 68.40000000 300.49127853
v 302.10000000 68.40000000 300.75164794
v 307.80000000 68.40000000 300.90373913
v 313.50000000 68.40000000 301.18524332
v 319.20000000 68.40000000 301.29082666
v 324.90000000 68.40000000 301.50823623
v 330.60000000 68.40000000 301.82582024
v 336.30000000 68.40000000 302.01935061
v 342.00000000 68.40000000 302.28409383
v 347.70000000 68.40000000 302.52089725
v 353.40000000 68.40000000 302.61456550
v 359.10000000 68.40000000 302.92394404
v 364.80000000 68.40000000 303.08624844
v 370.50000000 68.40000000 303.32853048
v 376.20000000 68.40000000 303.45514639
v 381.90000000 68.40000000 303.51682757
v 387.60000000 68.40000000 303.85828686
v 393.30000000 68.40000000 303.95788358
v 399.00000000 68.40000000 302.74263921
v 404.70000000 68.40000000 304.17952106
v 410.40000000 68.40000000 304.26249882
v 416.10000000 68.40000000 304.46699970
v 421.80000000 68.40000000 304.55872767
v 427.50000000 68.40000000 304.68366804
v 433.20000000 68.40000000 304.72715883
v 438.90000000 68.40000000 304.76685433
v 444.60000000 68.40000000 304.86451241
v 450.30000000 68.40000000 304.85825905
v 456.00000000 68.40000000 304.90609458
v 461.70000000 68.40000000 304.96881289
v 467.40000000 68.40000000 304.97606144
v 473.10000000 68.40000000 304.92775874
v 478.80000000 68.40000000 304.94851245
v 484.50000000 68.40000000 304.93414164
v 490.20000000 68.40000000 304.96300209
v 495.90000000 68.40000000 304.96121246
v 501.60000000 68.40000000 304.92157527
v 507.30000000 68.40000000 304.84920012
v 513.00000000 68.40000000 304.84491282
v 518.70000000 68.40000000 304.70920517
v 524.40000000 68.40000000 304.74058584
v 530.10000000 68.40000000 304.67174574
v 535.80000000 68.40000000 304.61454076
v 541.50000000 68.40000000 304.59895527
v 547.20000000 68.40000000 304.53163189
v 552.90000000 68.40000000 304.46169387
v 558.60000000 68.40000000 304.42186540
v 564.30000000 68.40000000 304.26912599
v 570.00000000 68.40000000 304.26534395
v 575.70000000 68.40000000 304.28181750
v 581.40000000 68.40000000 304.12569846
v 587.10000000 68.40000000 304.17880892
v 592.80000000 68.40000000 304.17880892
v 598.50000000 68.40000000 304.11419726
v 604.20000000 68.40000000 304.07864501
v 609.90000000 68.40000000 304.02799638
v 615.60000000 68.40000000 304.05638471
v 621.30000000 68.40000000 304.06947476
v 627.00000000 68.40000000 304.04795950
v 632.70000000 68.40000000 304.09200859
v 638.40000000 68.40000000 318.91115253
v 644.10000000 68.40000000 323.46680111
v 649.80000000 68.40000000 323.46077006
v 655.50000000 68.40000000 323.45476434
v 661.20000000 68.40000000 323.40302417
v 666.90000000 68.40000000 323.40968285
v 672.60000000 68.40000000 304.38367372
v 678.30000000 68.40000000 304.43671269
v 684.00000000 68.40000000 304.40180907
v 689.70000000 68.40000000 304.61494757
v 695.40000000 68.40000000 304.66966840
v 701.10000000 68.40000000 304.79299677
v 706.80000000 68.40000000 304.89297610
v 712.50000000 68.40000000 304.89297610
v 718.20000000 68.40000000 304.98731793
v 723.90000000 68.40000000 305.13116168
v 729.60000000 68.40000000 305.22419224
v 735.30000000 68.40000000 305.35217330
v 741.00000000 68.40000000 305.38502439
v 746.70000000 68.40000000 305.50449003
v 752.40000000 68.40000000 305.59315901
v 758.10000000 68.40000000 305.65842761
v 763.80000000 68.40000000 305.83107772
v 769.50000000 68.40000000 305.85859971
v 775.20000000 68.40000000 306.00768925
v 780.90000000 68.40000000 305.97961484
v 786.60000000 68.40000000 306.08245795
v 792.30000000 68.40000000 306.11376041
v 798.00000000 68.40000000 306.13617318
v 0.00000000 74.10000000 301.15821586
v 5.70000000 74.10000000 301.22523455
v 11.40000000 74.10000000 301.09416338
v 17.10000000 74.10000000 301.00141481
v 22.80000000 74.10000000 300.82267220
v 28.50000000 74.10000000 300.70834368
v 34.20000000 74.10000000 300.53067286
v 39.90000000 74.10000000 300.40654504
v 45.60000000 74.10000000 300.34470066
v 51.30000000 74.10000000 300.14562831
v 57.00000000 74.10000000 299.97905722
v 62.70000000 74.10000000 299.84106843
v 68.40000000 74.10000000 299.81635096
v 74.10000000 74.10000000 299.55821221
v 79.80000000 74.10000000 299.42050176
v 85.50000000 74.10000000 299.15547031
v 91.20000000 74.10000000 299.00127206
v 96.90000000 74.10000000 299.03452074
v 102.60000000 74.10000000 298.82901274
v 108.30000000 74.10000000 298.65462253
v 114.00000000 74.10000000 298.53475510
v 119.70000000 74.10000000 298.28951432
v 125.40000000 74.10000000 298.32236490
v 131.10000000 74.10000000 298.20662550
v 136.80000000 74.10000000 298.15694934
v 142.50000000 74.10000000 298.04074882
v 148.20000000 74.10000000 297.97793303
v 153.90000000 74.10000000 297.94220511
v 159.60000000 74.10000000 297.94220511
v 165.30000000 74.10000000 297.84575167
v 171.00000000 74.10000000 297.84618454
v 176.70000000 74.10000000 297.74397489
v 182.40000000 74.10000000 297.74397489
v 188.10000000 74.10000000 297.83552691
v 193.80000000 74.10000000 297.83552691
v 199.50000000 74.10000000 297.90914879
v 205.20000000 74.10000000 297.93246591
v 210.90000000 74.10000000 297.97903086
v 216.60000000 74.10000000 298.11980521
v 222.30000000 74.10000000 298.16892381
v 228.00000000 74.10000000 298.27687716
v 233.70000000 74.10000000 298.43086056
v 239.40000000 74.10000000 298.64399944
v 245.10000000 74.10000000 298.64531055
v 250.80000000 74.10000000 298.90097449
v 256.50000000 74.10000000 299.01382496
v 262.20000000 74.10000000 299.25799945
v 267.90000000 74.10000000 299.32469333
v 273.60000000 74.10000000 299.60118684
v 279.30000000 74.10000000 299.86173464
v 285.00000000 74.10000000 299.96636051
v 290.70000000 74.10000000 300.24031683
v 296.40000000 74.10000000 300.46143971
v 302.10000000 74.10000000 300.56370275
v 307.80000000 74.10000000 300.86367674
v 313.50000000 74.10000000 301.16311814
v 319.20000000 74.10000000 301.34443185
v 324.90000000 74.10000000 301.63888469
v 330.60000000 74.10000000 301.76518692
v 336.30000000 74.10000000 302.01453295
v 342.00000000 74.10000000 302.22603529
v 347.70000000 74.10000000 302.38655379
v 353.40000000 74.10000000 302.60383927
v 359.10000000 74.10000000 302.78153205
v 364.80000000 74.10000000 302.98051926
v 370.50000000 74.10000000 303.22759701
v 376.20000000 74.10000000 303.46362140
v 381.90000000 74.10000000 303.62148049
v 387.60000000 74.10000000 303.71140868
v 393.30000000 74.10000000 303.86300563
v 399.00000000 74.10000000 304.02425949
v 404.70000000 74.10000000 304.21851476
v 410.40000000 74.10000000 304.26249882
v 416.10000000 74.10000000 304.39962342
v 421.80000000 74.10000000 304.39962342
v 427.50000000 74.10000000 304.63052611
v 433.20000000 74.10000000 304.63052611
v 438.90000000 74.10000000 304.77097344
v 444.60000000 74.10000000 304.78814640
v 450.30000000 74.10000000 304.88478984
v 456.00000000 74.10000000 304.92490243
v 461.70000000 74.10000000 304.99232386
v 467.40000000 74.10000000 305.00486652
v 473.10000000 74.10000000 304.90933207
v 478.80000000 74.10000000 305.01918558
v 484.50000000 74.10000000 304.97382405
v 490.20000000 74.10000000 304.96726857
v 495.90000000 74.10000000 304.96500230
v 501.60000000 74.10000000 304.92852708
v 507.30000000 74.10000000 304.92507540
v 513.00000000 74.10000000 304.89560527
v 518.70000000 74.10000000 304.83594503
v 524.40000000 74.10000000 304.76203905
v 530.10000000 74.10000000 304.67174574
v 535.80000000 74.10000000 304.66996673
v 541.50000000 74.10000000 304.63451434
v 547.20000000 74.10000000 304.56292869
v 552.90000000 74.10000000 304.46826269
v 558.60000000 74.10000000 304.38781309
v 564.30000000 74.10000000 304.42440314
v 570.00000000 74.10000000 304.44084359
v 575.70000000 74.10000000 304.24135261
v 581.40000000 74.10000000 304.32779819
v 587.10000000 74.10000000 304.28570576
v 592.80000000 74.10000000 304.28570576
v 598.50000000 74.10000000 304.16725017
v 604.20000000 74.10000000 304.16042655
v 609.90000000 74.10000000 304.12403390
v 615.60000000 74.10000000 304.11410238
v 621.30000000 74.10000000 304.06570493
v 627.00000000 74.10000000 304.13433810
v 632.70000000 74.10000000 304.10945771
v 638.40000000 74.10000000 323.40355102
v 644.10000000 74.10000000 323.40997381
v 649.80000000 74.10000000 323.40092567
v 655.50000000 74.10000000 319.74937277
v 661.20000000 74.10000000 323.43415209
v 666.90000000 74.10000000 320.83187967
v 672.60000000 74.10000000 304.49314438
v 678.30000000 74.10000000 304.43671269
v 684.00000000 74.10000000 304.67374484
v 689.70000000 74.10000000 304.65227277
v 695.40000000 74.10000000 304.64747096
v 701.10000000 74.10000000 304.72551673
v 706.80000000 74.10000000 304.92257496
v 712.50000000 74.10000000 304.95858924
v 718.20000000 74.10000000 305.06015438
v 723.90000000 74.10000000 305.25364503
v 729.60000000 74.10000000 305.40109963
v 735.30000000 74.10000000 305.33123777
v 741.00000000 74.10000000 305.55004728
v 746.70000000 74.10000000 305.50449003
v 752.40000000 74.10000000 305.68771237
v 758.10000000 74.10000000 305.74893873
v 763.80000000 74.10000000 305.93888978
v 769.50000000 74.10000000 305.87138241
v 775.20000000 74.10000000 306.01320262
v 780.90000000 74.10000000 306.07330184
v 786.60000000 74.10000000 306.06592503
v 792.30000000 74.10000000 306.23578525
v 798.00000000 74.10000000 306.21645529
v 0.00000000 79.80000000 301.25571849
v 5.70000000 79.80000000 301.17856369
v 11.40000000 79.80000000 301.05221229
v 17.10000000 79.80000000 300.95065357
v 22.80000000 79.80000000 300.78192464
v 28.50000000 79.80000000 300.68005466
v 34.20000000 79.80000000 300.55703076
v 39.90000000 79.80000000 300.55703076
v 45.60000000 79.80000000 300.17991374
v 51.30000000 79.80000000 300.02267553
v 57.00000000 79.80000000 299.85458831
v 62.70000000 79.80000000 299.84106843
v 68.40000000 79.80000000 299.58689443
v 74.10000000 79.80000000 299.52258507
v 79.80000000 79.80000000 299.24002239
v 85.50000000 79.80000000 299.21540359
v 91.20000000 79.80000000 298.90763233
v 96.90000000 79.80000000 298.93059694
v 102.60000000 79.80000000 298.76268440
v 108.30000000 79.80000000 298.62164217
v 114.00000000 79.80000000 298.47920772
v 119.70000000 79.80000000 298.26630266
v 125.40000000 79.80000000 298.20135375
v 131.10000000 79.80000000 298.10573482
v 136.80000000 79.80000000 298.04150871
v 142.50000000 79.80000000 297.96788990
v 148.20000000 79.80000000 297.87146886
v 153.90000000 79.80000000 297.86749597
v 159.60000000 79.80000000 297.81784281
v 165.30000000 79.80000000 297.80332730
v 171.00000000 79.80000000 297.74687704
v 176.70000000 79.80000000 297.63468681
v 182.40000000 79.80000000 297.71151697
v 188.10000000 79.80000000 297.74724575
v 193.80000000 79.80000000 297.78628293
v 199.50000000 79.80000000 297.83321408
v 205.20000000 79.80000000 297.86830269
v 210.90000000 79.80000000 297.95065080
v 216.60000000 79.80000000 298.00251473
v 222.30000000 79.80000000 298.09339088
v 228.00000000 79.80000000 298.25929965
v 233.70000000 79.80000000 298.25929965
v 239.40000000 79.80000000 298.55927897
v 245.10000000 79.80000000 298.69552190
v 250.80000000 79.80000000 298.81349086
v 256.50000000 79.80000000 298.81349086
v 262.20000000 79.80000000 299.01681711
v 267.90000000 79.80000000 299.32415548
v 273.60000000 79.80000000 299.59459810
v 279.30000000 79.80000000 299.77623060
v 285.00000000 79.80000000 299.84884520
v 290.70000000 79.80000000 300.11046440
v 296.40000000 79.80000000 300.56670295
v 302.10000000 79.80000000 300.56670295
v 307.80000000 79.80000000 300.90907105
v 313.50000000 79.80000000 301.07124825
v 319.20000000 79.80000000 301.41046938
v 324.90000000 79.80000000 301.52581187
v 330.60000000 79.80000000 301.61107631
v 336.30000000 79.80000000 301.88111740
v 342.00000000 79.80000000 302.17430164
v 347.70000000 79.80000000 302.38895258
v 353.40000000 79.80000000 302.61235607
v 359.10000000 79.80000000 302.90334548
v 364.80000000 79.80000000 303.09280112
v 370.50000000 79.80000000 303.23999024
v 376.20000000 79.80000000 303.36434951
v 381.90000000 79.80000000 303.48524754
v 387.60000000 79.80000000 303.72809271
v 393.30000000 79.80000000 303.90640869
v 399.00000000 79.80000000 304.11125363
v 404.70000000 79.80000000 304.13343954
v 410.40000000 79.80000000 304.35168878
v 416.10000000 79.80000000 304.44762500
v 421.80000000 79.80000000 304.56967321
v 427.50000000 79.80000000 304.65304748
v 433.20000000 79.80000000 304.76444787
v 438.90000000 79.80000000 304.81590196
v 444.60000000 79.80000000 304.84629123
v 450.30000000 79.80000000 304.97450570
v 456.00000000 79.80000000 304.99828718
v 461.70000000 79.80000000 304.96833432
v 467.40000000 79.80000000 304.99850385
v 473.10000000 79.80000000 305.02397220
v 478.80000000 79.80000000 305.05203518
v 484.50000000 79.80000000 304.99464154
v 490.20000000 79.80000000 304.99464154
v 495.90000000 79.80000000 305.02390376
v 501.60000000 79.80000000 305.01052993
v 507.30000000 79.80000000 304.99730123
v 513.00000000 79.80000000 304.94477080
v 518.70000000 79.80000000 304.88528433
v 524.40000000 79.80000000 304.79817610
v 530.10000000 79.80000000 304.75145936
v 535.80000000 79.80000000 304.77620332
v 541.50000000 79.80000000 304.65209249
v 547.20000000 79.80000000 304.63559412
v 552.90000000 79.80000000 304.60756588
v 558.60000000 79.80000000 304.46104866
v 564.30000000 79.80000000 304.49427850
v 570.00000000 79.80000000 304.44084359
v 575.70000000 79.80000000 304.40707904
v 581.40000000 79.80000000 304.39033810
v 587.10000000 79.80000000 304.27791840
v 592.80000000 79.80000000 304.30113204
v 598.50000000 79.80000000 304.21763375
v 604.20000000 79.80000000 304.16042655
v 609.90000000 79.80000000 304.23485132
v 615.60000000 79.80000000 304.24029139
v 621.30000000 79.80000000 304.22753220
v 627.00000000 79.80000000 304.22753220
v 632.70000000 79.80000000 304.26642710
v 638.40000000 79.80000000 304.29118925
v 644.10000000 79.80000000 304.25848815
v 649.80000000 79.80000000 304.31747423
v 655.50000000 79.80000000 304.46170318
v 661.20000000 79.80000000 304.46170318
v 666.90000000 79.80000000 320.83187967
v 672.60000000 79.80000000 304.45253897
v 678.30000000 79.80000000 304.60991507
v 684.00000000 79.80000000 304.74224295
v 689.70000000 79.80000000 304.75045038
v 695.40000000 79.80000000 304.89160030
v 701.10000000 79.80000000 304.95239467
v 706.80000000 79.80000000 305.09120384
v 712.50000000 79.80000000 305.06667292
v 718.20000000 79.80000000 305.09063223
v 723.90000000 79.80000000 305.09063223
v 729.60000000 79.80000000 305.40109963
v 735.30000000 79.80000000 305.50869813
v 741.00000000 79.80000000 305.67069697
v 746.70000000 79.80000000 305.71063470
v 752.40000000 79.80000000 305.73982934
v 758.10000000 79.80000000 305.74893873
v 763.80000000 79.80000000 305.94695836
v 769.50000000 79.80000000 305.99763683
v 775.20000000 79.80000000 306.08028699
v 780.90000000 79.80000000 306.09507429
v 786.60000000 79.80000000 306.17606904
v 792.30000000 79.80000000 306.25549382
v 798.00000000 79.80000000 306.28055404
v 0.00000000 85.50000000 301.15442100
v 5.70000000 85.50000000 301.06927749
v 11.40000000 85.50000000 300.97208652
v 17.10000000 85.50000000 300.89301022
v 22.80000000 85.50000000 300.74918841
v 28.50000000 85.50000000 300.53266495
v 34.20000000 85.50000000 300.44424924
v 39.90000000 85.50000000 300.33369220
v 45.60000000 85.50000000 300.21911946
v 51.30000000 85.50000000 299.80783459
v 57.00000000 85.50000000 299.80783459
v 62.70000000 85.50000000 299.74197851
v 68.40000000 85.50000000 299.56971743
v 74.10000000 85.50000000 299.39813797
v 79.80000000 85.50000000 299.22359655
v 85.50000000 85.50000000 299.06731381
v 91.20000000 85.50000000 299.00881251
v 96.90000000 85.50000000 298.83169579
v 102.60000000 85.50000000 298.59353818
v 108.30000000 85.50000000 298.56551667
v 114.00000000 85.50000000 298.39584607
v 119.70000000 85.50000000 298.26630266
v 125.40000000 85.50000000 298.12585952
v 131.10000000 85.50000000 298.06046072
v 136.80000000 85.50000000 298.01332367
v 142.50000000 85.50000000 297.91483611
v 148.20000000 85.50000000 297.82445223
v 153.90000000 85.50000000 297.77855287
v 159.60000000 85.50000000 297.68488181
v 165.30000000 85.50000000 297.68445682
v 171.00000000 85.50000000 297.64895971
v 176.70000000 85.50000000 297.67609880
v 182.40000000 85.50000000 297.62174933
v 188.10000000 85.50000000 297.64921155
v 193.80000000 85.50000000 297.69662658
v 199.50000000 85.50000000 297.75993900
v 205.20000000 85.50000000 297.85645033
v 210.90000000 85.50000000 297.91218358
v 216.60000000 85.50000000 298.01521948
v 222.30000000 85.50000000 298.14699027
v 228.00000000 85.50000000 298.19480953
v 233.70000000 85.50000000 298.35258936
v 239.40000000 85.50000000 298.36371078
v 245.10000000 85.50000000 298.59835929
v 250.80000000 85.50000000 298.72495275
v 256.50000000 85.50000000 298.93572405
v 262.20000000 85.50000000 299.20687342
v 267.90000000 85.50000000 299.38723506
v 273.60000000 85.50000000 299.51059451
v 279.30000000 85.50000000 299.79038846
v 285.00000000 85.50000000 299.97069928
v 290.70000000 85.50000000 300.14017538
v 296.40000000 85.50000000 300.28630721
v 302.10000000 85.50000000 300.56670295
v 307.80000000 85.50000000 300.66248992
v 313.50000000 85.50000000 301.08076954
v 319.20000000 85.50000000 301.32916731
v 324.90000000 85.50000000 301.49462760
v 330.60000000 85.50000000 301.72142757
v 336.30000000 85.50000000 301.97956632
v 342.00000000 85.50000000 302.27006229
v 347.70000000 85.50000000 302.41463870
v 353.40000000 85.50000000 302.45233119
v 359.10000000 85.50000000 302.89474906
v 364.80000000 85.50000000 303.09411230
v 370.50000000 85.50000000 303.20105699
v 376.20000000 85.50000000 303.35964550
v 381.90000000 85.50000000 303.52454019
v 387.60000000 85.50000000 303.77509764
v 393.30000000 85.50000000 303.94004429
v 399.00000000 85.50000000 304.10917766
v 404.70000000 85.50000000 304.20518051
v 410.40000000 85.50000000 304.20518051
v 416.10000000 85.50000000 304.50239334
v 421.80000000 85.50000000 304.50239334
v 427.50000000 85.50000000 304.65870071
v 433.20000000 85.50000000 304.81937357
v 438.90000000 85.50000000 304.80996781
v 444.60000000 85.50000000 304.95052659
v 450.30000000 85.50000000 304.95688099
v 456.00000000 85.50000000 305.00390559
v 461.70000000 85.50000000 305.03741445
v 467.40000000 85.50000000 305.07105074
v 473.10000000 85.50000000 305.06310448
v 478.80000000 85.50000000 305.06310448
v 484.50000000 85.50000000 305.06647794
v 490.20000000 85.50000000 305.07148375
v 495.90000000 85.50000000 305.04160054
v 501.60000000 85.50000000 305.01432803
v 507.30000000 85.50000000 305.03823883
v 513.00000000 85.50000000 304.95991651
v 518.70000000 85.50000000 304.90341815
v 524.40000000 85.50000000 304.90670444
v 530.10000000 85.50000000 304.86227326
v 535.80000000 85.50000000 304.80125277
v 541.50000000 85.50000000 304.75633315
v 547.20000000 85.50000000 304.64264393
v 552.90000000 85.50000000 304.64449739
v 558.60000000 85.50000000 304.60796527
v 564.30000000 85.50000000 304.54557029
v 570.00000000 85.50000000 304.50705796
v 575.70000000 85.50000000 304.48491363
v 581.40000000 85.50000000 304.46308588
v 587.10000000 85.50000000 304.35957717
v 592.80000000 85.50000000 304.34639475
v 598.50000000 85.50000000 304.32404936
v 604.20000000 85.50000000 304.28073939
v 609.90000000 85.50000000 304.26163908
v 615.60000000 85.50000000 304.23381962
v 621.30000000 85.50000000 304.23101193
v 627.00000000 85.50000000 304.31390896
v 632.70000000 85.50000000 304.34104807
v 638.40000000 85.50000000 304.35601726
v 644.10000000 85.50000000 304.36610854
v 649.80000000 85.50000000 304.42813116
v 655.50000000 85.50000000 304.39103026
v 661.20000000 85.50000000 304.45529307
v 666.90000000 85.50000000 304.50832261
v 672.60000000 85.50000000 304.61717634
v 678.30000000 85.50000000 304.65814496
v 684.00000000 85.50000000 304.83369724
v 689.70000000 85.50000000 304.87510769
v 695.40000000 85.50000000 304.86951929
v 701.10000000 85.50000000 304.96551538
v 706.80000000 85.50000000 305.09120384
v 712.50000000 85.50000000 305.18311146
v 718.20000000 85.50000000 305.20753982
v 723.90000000 85.50000000 305.37822633
v 729.60000000 85.50000000 305.42124908
v 735.30000000 85.50000000 305.51008628
v 741.00000000 85.50000000 305.60341450
v 746.70000000 85.50000000 305.73635983
v 752.40000000 85.50000000 305.92928768
v 758.10000000 85.50000000 305.94854722
v 763.80000000 85.50000000 305.94854722
v 769.50000000 85.50000000 306.11051440
v 775.20000000 85.50000000 306.14163059
v 780.90000000 85.50000000 306.23849847
v 786.60000000 85.50000000 306.31912592
v 792.30000000 85.50000000 306.32906924
v 798.00000000 85.50000000 306.39495009
v 0.00000000 91.20000000 301.11607241
v 5.70000000 91.20000000 300.96959318
v 11.40000000 91.20000000 300.90639548
v 17.10000000 91.20000000 300.85032667
v 22.80000000 91.20000000 300.66256815
v 28.50000000 91.20000000 300.46690445
v 34.20000000 91.20000000 300.44424924
v 39.90000000 91.20000000 300.17157536
v 45.60000000 91.20000000 300.13188949
v 51.30000000 91.20000000 299.91114938
v 57.00000000 91.20000000 299.69183775
v 62.70000000 91.20000000 299.59106935
v 68.40000000 91.20000000 299.51784677
v 74.10000000 91.20000000 299.30969872
v 79.80000000 91.20000000 299.15065688
v 85.50000000 91.20000000 298.98573504
v 91.20000000 91.20000000 298.86778946
v 96.90000000 91.20000000 298.70472254
v 102.60000000 91.20000000 298.59353818
v 108.30000000 91.20000000 298.38121856
v 114.00000000 91.20000000 298.25913689
v 119.70000000 91.20000000 298.25746095
v 125.40000000 91.20000000 298.25746095
v 131.10000000 91.20000000 297.96638374
v 136.80000000 91.20000000 297.91098901
v 142.50000000 91.20000000 297.77378888
v 148.20000000 91.20000000 297.77378888
v 153.90000000 91.20000000 297.70199610
v 159.60000000 91.20000000 297.57905306
v 165.30000000 91.20000000 297.57905306
v 171.00000000 91.20000000 297.57907309
v 176.70000000 91.20000000 297.57534019
v 182.40000000 91.20000000 297.57534019
v 188.10000000 91.20000000 297.62183227
v 193.80000000 91.20000000 297.62183227
v 199.50000000 91.20000000 297.72079796
v 205.20000000 91.20000000 297.71351891
v 210.90000000 91.20000000 297.83649498
v 216.60000000 91.20000000 297.94717807
v 222.30000000 91.20000000 298.00401814
v 228.00000000 91.20000000 298.14766865
v 233.70000000 91.20000000 298.30644131
v 239.40000000 91.20000000 298.45242464
v 245.10000000 91.20000000 298.52485671
v 250.80000000 91.20000000 298.75458222
v 256.50000000 91.20000000 298.81334914
v 262.20000000 91.20000000 299.11355003
v 267.90000000 91.20000000 299.32087107
v 273.60000000 91.20000000 299.51059451
v 279.30000000 91.20000000 299.79044594
v 285.00000000 91.20000000 299.90422919
v 290.70000000 91.20000000 300.10790674
v 296.40000000 91.20000000 300.39319223
v 302.10000000 91.20000000 300.46486121
v 307.80000000 91.20000000 300.79829520
v 313.50000000 91.20000000 301.08076954
v 319.20000000 91.20000000 301.32916731
v 324.90000000 91.20000000 301.43664392
v 330.60000000 91.20000000 301.74880289
v 336.30000000 91.20000000 301.96617891
v 342.00000000 91.20000000 302.17029471
v 347.70000000 91.20000000 302.18439718
v 353.40000000 91.20000000 302.45233119
v 359.10000000 91.20000000 302.65256385
v 364.80000000 91.20000000 303.04030948
v 370.50000000 91.20000000 303.27715020
v 376.20000000 91.20000000 303.32413765
v 381.90000000 91.20000000 303.57265137
v 387.60000000 91.20000000 303.76102197
v 393.30000000 91.20000000 303.97346600
v 399.00000000 91.20000000 304.09919870
v 404.70000000 91.20000000 304.24806588
v 410.40000000 91.20000000 304.35786137
v 416.10000000 91.20000000 304.50239334
v 421.80000000 91.20000000 304.51264818
v 427.50000000 91.20000000 304.69792995
v 433.20000000 91.20000000 304.78382559
v 438.90000000 91.20000000 304.89195744
v 444.60000000 91.20000000 304.91274997
v 450.30000000 91.20000000 304.97983480
v 456.00000000 91.20000000 305.04279072
v 461.70000000 91.20000000 305.05460848
v 467.40000000 91.20000000 305.03594077
v 473.10000000 91.20000000 305.14356504
v 478.80000000 91.20000000 305.09076012
v 484.50000000 91.20000000 305.07148375
v 490.20000000 91.20000000 305.07148375
v 495.90000000 91.20000000 305.05582067
v 501.60000000 91.20000000 305.06029361
v 507.30000000 91.20000000 305.04170025
v 513.00000000 91.20000000 304.99963755
v 518.70000000 91.20000000 304.95280039
v 524.40000000 91.20000000 304.88035457
v 530.10000000 91.20000000 304.88058033
v 535.80000000 91.20000000 304.85166514
v 541.50000000 91.20000000 304.72193411
v 547.20000000 91.20000000 304.67566539
v 552.90000000 91.20000000 304.67029212
v 558.60000000 91.20000000 304.66644116
v 564.30000000 91.20000000 304.55290530
v 570.00000000 91.20000000 304.54046338
v 575.70000000 91.20000000 304.43838560
v 581.40000000 91.20000000 304.43838560
v 587.10000000 91.20000000 304.41570111
v 592.80000000 91.20000000 304.43417845
v 598.50000000 91.20000000 304.33789888
v 604.20000000 91.20000000 304.40581200
v 609.90000000 91.20000000 304.33038581
v 615.60000000 91.20000000 304.23381962
v 621.30000000 91.20000000 304.38453751
v 627.00000000 91.20000000 304.37217170
v 632.70000000 91.20000000 304.36174173
v 638.40000000 91.20000000 304.40665932
v 644.10000000 91.20000000 304.44838313
v 649.80000000 91.20000000 304.45385468
v 655.50000000 91.20000000 304.45008718
v 661.20000000 91.20000000 304.51748895
v 666.90000000 91.20000000 304.68764407
v 672.60000000 91.20000000 304.67627388
v 678.30000000 91.20000000 304.72283604
v 684.00000000 91.20000000 304.83369724
v 689.70000000 91.20000000 304.91101163
v 695.40000000 91.20000000 305.07716263
v 701.10000000 91.20000000 305.12776039
v 706.80000000 91.20000000 305.18750538
v 712.50000000 91.20000000 305.21628176
v 718.20000000 91.20000000 305.47371723
v 723.90000000 91.20000000 305.56986492
v 729.60000000 91.20000000 305.56986492
v 735.30000000 91.20000000 305.56624526
v 741.00000000 91.20000000 305.79660030
v 746.70000000 91.20000000 305.89654891
v 752.40000000 91.20000000 305.81359243
v 758.10000000 91.20000000 305.98243576
v 763.80000000 91.20000000 306.10145236
v 769.50000000 91.20000000 306.17958539
v 775.20000000 91.20000000 306.21691103
v 780.90000000 91.20000000 306.29724397
v 786.60000000 91.20000000 306.36191243
v 792.30000000 91.20000000 306.39547048
v 798.00000000 91.20000000 306.41438413
v 0.00000000 96.90000000 301.09203847
v 5.70000000 96.90000000 301.06888625
v 11.40000000 96.90000000 300.90552218
v 17.10000000 96.90000000 300.71074341
v 22.80000000 96.90000000 300.62008996
v 28.50000000 96.90000000 300.52660481
v 34.20000000 96.90000000 300.34430319
v 39.90000000 96.90000000 300.24604106
v 45.60000000 96.90000000 300.05009438
v 51.30000000 96.90000000 299.92313130
v 57.00000000 96.90000000 299.63603948
v 62.70000000 96.90000000 299.52210889
v 68.40000000 96.90000000 299.52210889
v 74.10000000 96.90000000 299.35910149
v 79.80000000 96.90000000 299.07448743
v 85.50000000 96.90000000 298.84449724
v 91.20000000 96.90000000 298.74626410
v 96.90000000 96.90000000 298.68867065
v 102.60000000 96.90000000 298.56378059
v 108.30000000 96.90000000 298.36010226
v 114.00000000 96.90000000 298.26686548
v 119.70000000 96.90000000 298.11154170
v 125.40000000 96.90000000 298.07566469
v 131.10000000 96.90000000 297.96335573
v 136.80000000 96.90000000 297.81522468
v 142.50000000 96.90000000 297.80662469
v 148.20000000 96.90000000 297.68113236
v 153.90000000 96.90000000 297.65309784
v 159.60000000 96.90000000 297.58913050
v 165.30000000 96.90000000 297.56224974
v 171.00000000 96.90000000 297.51060702
v 176.70000000 96.90000000 297.52507807
v 182.40000000 96.90000000 297.53516676
v 188.10000000 96.90000000 297.61420147
v 193.80000000 96.90000000 297.59716357
v 199.50000000 96.90000000 297.63329375
v 205.20000000 96.90000000 297.71835984
v 210.90000000 96.90000000 297.76507856
v 216.60000000 96.90000000 297.80670826
v 222.30000000 96.90000000 298.01705513
v 228.00000000 96.90000000 298.04290134
v 233.70000000 96.90000000 298.24128485
v 239.40000000 96.90000000 298.22138737
v 245.10000000 96.90000000 298.54453812
v 250.80000000 96.90000000 298.70551668
v 256.50000000 96.90000000 298.91982295
v 262.20000000 96.90000000 299.09339465
v 267.90000000 96.90000000 299.22843328
v 273.60000000 96.90000000 299.45781691
v 279.30000000 96.90000000 299.69299105
v 285.00000000 96.90000000 299.74528929
v 290.70000000 96.90000000 300.02931413
v 296.40000000 96.90000000 300.26614384
v 302.10000000 96.90000000 300.53967005
v 307.80000000 96.90000000 300.74182310
v 313.50000000 96.90000000 301.03020605
v 319.20000000 96.90000000 301.09805325
v 324.90000000 96.90000000 301.42168650
v 330.60000000 96.90000000 301.66959878
v 336.30000000 96.90000000 301.97408276
v 342.00000000 96.90000000 302.26995550
v 347.70000000 96.90000000 302.37880404
v 353.40000000 96.90000000 302.52589579
v 359.10000000 96.90000000 302.77106293
v 364.80000000 96.90000000 303.10218691
v 370.50000000 96.90000000 303.24549403
v 376.20000000 96.90000000 303.37428536
v 381.90000000 96.90000000 303.50981642
v 387.60000000 96.90000000 303.78663421
v 393.30000000 96.90000000 303.92339586
v 399.00000000 96.90000000 304.13235351
v 404.70000000 96.90000000 304.26457697
v 410.40000000 96.90000000 304.35415970
v 416.10000000 96.90000000 304.47576787
v 421.80000000 96.90000000 304.60215574
v 427.50000000 96.90000000 304.68830359
v 433.20000000 96.90000000 304.76876197
v 438.90000000 96.90000000 304.87848656
v 444.60000000 96.90000000 304.96368478
v 450.30000000 96.90000000 304.97379461
v 456.00000000 96.90000000 305.05928739
v 461.70000000 96.90000000 305.04905016
v 467.40000000 96.90000000 305.03594077
v 473.10000000 96.90000000 305.14356504
v 478.80000000 96.90000000 305.13034606
v 484.50000000 96.90000000 305.10688200
v 490.20000000 96.90000000 305.12811458
v 495.90000000 96.90000000 305.16962400
v 501.60000000 96.90000000 305.09681969
v 507.30000000 96.90000000 305.06248463
v 513.00000000 96.90000000 305.08517009
v 518.70000000 96.90000000 304.97094402
v 524.40000000 96.90000000 304.93388382
v 530.10000000 96.90000000 304.87268778
v 535.80000000 96.90000000 304.87268778
v 541.50000000 96.90000000 304.83109680
v 547.20000000 96.90000000 304.77171744
v 552.90000000 96.90000000 304.73319647
v 558.60000000 96.90000000 304.64430430
v 564.30000000 96.90000000 304.64376953
v 570.00000000 96.90000000 304.63386029
v 575.70000000 96.90000000 304.56886652
v 581.40000000 96.90000000 304.51654149
v 587.10000000 96.90000000 304.48093958
v 592.80000000 96.90000000 304.51721890
v 598.50000000 96.90000000 304.43960259
v 604.20000000 96.90000000 304.37160100
v 609.90000000 96.90000000 304.39451456
v 615.60000000 96.90000000 304.44158553
v 621.30000000 96.90000000 304.39878146
v 627.00000000 96.90000000 304.46307467
v 632.70000000 96.90000000 304.45242070
v 638.40000000 96.90000000 304.47688863
v 644.10000000 96.90000000 304.46040635
v 649.80000000 96.90000000 304.50664211
v 655.50000000 96.90000000 304.50202618
v 661.20000000 96.90000000 304.58170753
v 666.90000000 96.90000000 304.68010395
v 672.60000000 96.90000000 304.68928938
v 678.30000000 96.90000000 304.78693930
v 684.00000000 96.90000000 304.90369132
v 689.70000000 96.90000000 305.02263761
v 695.40000000 96.90000000 305.16058379
v 701.10000000 96.90000000 305.16058379
v 706.80000000 96.90000000 305.24421709
v 712.50000000 96.90000000 305.42096667
v 718.20000000 96.90000000 305.47371723
v 723.90000000 96.90000000 305.50975605
v 729.60000000 96.90000000 305.62184830
v 735.30000000 96.90000000 305.78338248
v 741.00000000 96.90000000 305.78590773
v 746.70000000 96.90000000 305.96767951
v 752.40000000 96.90000000 306.06840891
v 758.10000000 96.90000000 306.08027268
v 763.80000000 96.90000000 306.10145236
v 769.50000000 96.90000000 306.22931478
v 775.20000000 96.90000000 306.26759884
v 780.90000000 96.90000000 306.29320115
v 786.60000000 96.90000000 306.41913011
v 792.30000000 96.90000000 306.48199104
v 798.00000000 96.90000000 306.39080490
v 0.00000000 102.60000000 301.00734175
v 5.70000000 102.60000000 300.89888378
v 11.40000000 102.60000000 300.79189735
v 17.10000000 102.60000000 300.68104140
v 22.80000000 102.60000000 300.58191648
v 28.50000000 102.60000000 300.37692985
v 34.20000000 102.60000000 300.29657369
v 39.90000000 102.60000000 300.17820072
v 45.60000000 102.60000000 299.98427792
v 51.30000000 102.60000000 299.82608311
v 57.00000000 102.60000000 299.62783735
v 62.70000000 102.60000000 299.47842338
v 68.40000000 102.60000000 299.32285181
v 74.10000000 102.60000000 299.15826841
v 79.80000000 102.60000000 299.07291676
v 85.50000000 102.60000000 298.79337472
v 91.20000000 102.60000000 298.74536249
v 96.90000000 102.60000000 298.62827001
v 102.60000000 102.60000000 298.48446080
v 108.30000000 102.60000000 298.28416473
v 114.00000000 102.60000000 298.22589615
v 119.70000000 102.60000000 298.11154170
v 125.40000000 102.60000000 297.99273519
v 131.10000000 102.60000000 297.85287262
v 136.80000000 102.60000000 297.68199525
v 142.50000000 102.60000000 297.74396766
v 148.20000000 102.60000000 297.64886940
v 153.90000000 102.60000000 297.58323959
v 159.60000000 102.60000000 297.55053610
v 165.30000000 102.60000000 297.49951634
v 171.00000000 102.60000000 297.49087929
v 176.70000000 102.60000000 297.46120416
v 182.40000000 102.60000000 297.53834985
v 188.10000000 102.60000000 297.61420147
v 193.80000000 102.60000000 297.55229532
v 199.50000000 102.60000000 297.49058371
v 205.20000000 102.60000000 297.71835984
v 210.90000000 102.60000000 297.74050879
v 216.60000000 102.60000000 297.82948058
v 222.30000000 102.60000000 297.94167548
v 228.00000000 102.60000000 298.10498280
v 233.70000000 102.60000000 298.20122710
v 239.40000000 102.60000000 298.32081844
v 245.10000000 102.60000000 298.52655195
v 250.80000000 102.60000000 298.63574974
v 256.50000000 102.60000000 298.80194512
v 262.20000000 102.60000000 299.00024074
v 267.90000000 102.60000000 299.20536440
v 273.60000000 102.60000000 299.41160960
v 279.30000000 102.60000000 299.61902957
v 285.00000000 102.60000000 299.74528929
v 290.70000000 102.60000000 300.06215738
v 296.40000000 102.60000000 300.30774503
v 302.10000000 102.60000000 300.52860077
v 307.80000000 102.60000000 300.75943349
v 313.50000000 102.60000000 300.95732893
v 319.20000000 102.60000000 301.09805325
v 324.90000000 102.60000000 301.46055993
v 330.60000000 102.60000000 301.73296728
v 336.30000000 102.60000000 301.88937795
v 342.00000000 102.60000000 302.16295579
v 347.70000000 102.60000000 302.24760697
v 353.40000000 102.60000000 302.54799890
v 359.10000000 102.60000000 302.81975394
v 364.80000000 102.60000000 303.03005829
v 370.50000000 102.60000000 303.24549403
v 376.20000000 102.60000000 303.32139662
v 381.90000000 102.60000000 303.50981642
v 387.60000000 102.60000000 303.71242511
v 393.30000000 102.60000000 303.93864878
v 399.00000000 102.60000000 303.98882158
v 404.70000000 102.60000000 304.23806278
v 410.40000000 102.60000000 304.38619480
v 416.10000000 102.60000000 304.51703882
v 421.80000000 102.60000000 304.58112379
v 427.50000000 102.60000000 304.74967627
v 433.20000000 102.60000000 304.80317643
v 438.90000000 102.60000000 304.93109465
v 444.60000000 102.60000000 304.94222724
v 450.30000000 102.60000000 305.00919570
v 456.00000000 102.60000000 305.06692085
v 461.70000000 102.60000000 305.06469299
v 467.40000000 102.60000000 305.16610395
v 473.10000000 102.60000000 305.11361814
v 478.80000000 102.60000000 305.15276039
v 484.50000000 102.60000000 305.13504583
v 490.20000000 102.60000000 305.12483558
v 495.90000000 102.60000000 305.14579359
v 501.60000000 102.60000000 305.10057972
v 507.30000000 102.60000000 305.08395159
v 513.00000000 102.60000000 305.07748515
v 518.70000000 102.60000000 305.03521429
v 524.40000000 102.60000000 305.01988127
v 530.10000000 102.60000000 304.99820159
v 535.80000000 102.60000000 304.92913417
v 541.50000000 102.60000000 304.84831657
v 547.20000000 102.60000000 304.81607836
v 552.90000000 102.60000000 304.73319647
v 558.60000000 102.60000000 304.73638331
v 564.30000000 102.60000000 304.67597163
v 570.00000000 102.60000000 304.62801256
v 575.70000000 102.60000000 304.56123163
v 581.40000000 102.60000000 304.54959810
v 587.10000000 102.60000000 304.52644378
v 592.80000000 102.60000000 304.50207382
v 598.50000000 102.60000000 304.47804137
v 604.20000000 102.60000000 304.52462925
v 609.90000000 102.60000000 304.46739616
v 615.60000000 102.60000000 304.47243704
v 621.30000000 102.60000000 304.50156232
v 627.00000000 102.60000000 304.50272842
v 632.70000000 102.60000000 304.47820996
v 638.40000000 102.60000000 304.55848418
v 644.10000000 102.60000000 304.52389264
v 649.80000000 102.60000000 304.56388174
v 655.50000000 102.60000000 304.56451258
v 661.20000000 102.60000000 304.56451258
v 666.90000000 102.60000000 304.79570953
v 672.60000000 102.60000000 304.84305283
v 678.30000000 102.60000000 304.87177518
v 684.00000000 102.60000000 305.02492333
v 689.70000000 102.60000000 305.05812913
v 695.40000000 102.60000000 305.16804485
v 701.10000000 102.60000000 305.26001208
v 706.80000000 102.60000000 305.26142322
v 712.50000000 102.60000000 305.43559572
v 718.20000000 102.60000000 305.40272841
v 723.90000000 102.60000000 305.60407828
v 729.60000000 102.60000000 305.67728157
v 735.30000000 102.60000000 305.67728157
v 741.00000000 102.60000000 305.81652110
v 746.70000000 102.60000000 305.98187129
v 752.40000000 102.60000000 306.06787905
v 758.10000000 102.60000000 306.16602659
v 763.80000000 102.60000000 306.23867795
v 769.50000000 102.60000000 306.29156741
v 775.20000000 102.60000000 306.32128478
v 780.90000000 102.60000000 306.40293551
v 786.60000000 102.60000000 306.43272513
v 792.30000000 102.60000000 306.49252722
v 798.00000000 102.60000000 306.43041876
v 0.00000000 108.30000000 301.00734175
v 5.70000000 108.30000000 300.84511277
v 11.40000000 108.30000000 300.83916920
v 17.10000000 108.30000000 300.69252977
v 22.80000000 108.30000000 300.51182276
v 28.50000000 108.30000000 300.33762707
v 34.20000000 108.30000000 300.33724474
v 39.90000000 108.30000000 300.13988884
v 45.60000000 108.30000000 299.97189785
v 51.30000000 108.30000000 299.76561906
v 57.00000000 108.30000000 299.56802061
v 62.70000000 108.30000000 299.46669185
v 68.40000000 108.30000000 299.26957847
v 74.10000000 108.30000000 299.11369813
v 79.80000000 108.30000000 299.04902563
v 85.50000000 108.30000000 298.87202782
v 91.20000000 108.30000000 298.69112149
v 96.90000000 108.30000000 298.55876770
v 102.60000000 108.30000000 298.43275236
v 108.30000000 108.30000000 298.30941323
v 114.00000000 108.30000000 298.10436730
v 119.70000000 108.30000000 298.06040674
v 125.40000000 108.30000000 298.06040674
v 131.10000000 108.30000000 297.82088951
v 136.80000000 108.30000000 297.73653479
v 142.50000000 108.30000000 297.74396766
v 148.20000000 108.30000000 297.59661383
v 153.90000000 108.30000000 297.58323959
v 159.60000000 108.30000000 297.49124519
v 165.30000000 108.30000000 297.49124519
v 171.00000000 108.30000000 297.42114025
v 176.70000000 108.30000000 297.46884408
v 182.40000000 108.30000000 297.41357604
v 188.10000000 108.30000000 297.47414247
v 193.80000000 108.30000000 297.48719360
v 199.50000000 108.30000000 297.56831617
v 205.20000000 108.30000000 297.64060490
v 210.90000000 108.30000000 297.74050879
v 216.60000000 108.30000000 297.83864901
v 222.30000000 108.30000000 297.92369187
v 228.00000000 108.30000000 298.01775502
v 233.70000000 108.30000000 298.01775502
v 239.40000000 108.30000000 298.28710988
v 245.10000000 108.30000000 298.46476890
v 250.80000000 108.30000000 298.63742068
v 256.50000000 108.30000000 298.77119942
v 262.20000000 108.30000000 298.77119942
v 267.90000000 108.30000000 299.24153423
v 273.60000000 108.30000000 299.41280715
v 279.30000000 108.30000000 299.46584291
v 285.00000000 108.30000000 299.84461655
v 290.70000000 108.30000000 300.08014230
v 296.40000000 108.30000000 300.30918599
v 302.10000000 108.30000000 300.52478901
v 307.80000000 108.30000000 300.76360494
v 313.50000000 108.30000000 301.04056686
v 319.20000000 108.30000000 301.24545501
v 324.90000000 108.30000000 301.46055993
v 330.60000000 108.30000000 301.65526593
v 336.30000000 108.30000000 301.94574594
v 342.00000000 108.30000000 302.20473303
v 347.70000000 108.30000000 302.42485239
v 353.40000000 108.30000000 302.61748378
v 359.10000000 108.30000000 302.81975394
v 364.80000000 108.30000000 303.03924592
v 370.50000000 108.30000000 303.25217118
v 376.20000000 108.30000000 303.43204921
v 381.90000000 108.30000000 303.50479904
v 387.60000000 108.30000000 303.74242388
v 393.30000000 108.30000000 303.93862329
v 399.00000000 108.30000000 304.09718073
v 404.70000000 108.30000000 304.17943928
v 410.40000000 108.30000000 304.39265243
v 416.10000000 108.30000000 304.44651799
v 421.80000000 108.30000000 304.61191916
v 427.50000000 108.30000000 304.74796824
v 433.20000000 108.30000000 304.80317643
v 438.90000000 108.30000000 304.84578497
v 444.60000000 108.30000000 304.93917753
v 450.30000000 108.30000000 305.03544435
v 456.00000000 108.30000000 305.12636352
v 461.70000000 108.30000000 305.11668402
v 467.40000000 108.30000000 305.14993334
v 473.10000000 108.30000000 305.17032319
v 478.80000000 108.30000000 305.15276039
v 484.50000000 108.30000000 305.17252605
v 490.20000000 108.30000000 305.21260262
v 495.90000000 108.30000000 305.23296864
v 501.60000000 108.30000000 305.13117120
v 507.30000000 108.30000000 305.17544041
v 513.00000000 108.30000000 305.07748515
v 518.70000000 108.30000000 305.12136118
v 524.40000000 108.30000000 305.00425737
v 530.10000000 108.30000000 304.99820159
v 535.80000000 108.30000000 304.93443956
v 541.50000000 108.30000000 304.89637444
v 547.20000000 108.30000000 304.77886091
v 552.90000000 108.30000000 304.80455499
v 558.60000000 108.30000000 304.82622556
v 564.30000000 108.30000000 304.68401152
v 570.00000000 108.30000000 304.70450414
v 575.70000000 108.30000000 304.68487785
v 581.40000000 108.30000000 304.58051119
v 587.10000000 108.30000000 304.60621097
v 592.80000000 108.30000000 304.55954314
v 598.50000000 108.30000000 304.57400007
v 604.20000000 108.30000000 304.57400007
v 609.90000000 108.30000000 304.46942401
v 615.60000000 108.30000000 304.51960796
v 621.30000000 108.30000000 304.52576908
v 627.00000000 108.30000000 304.51367029
v 632.70000000 108.30000000 304.53946992
v 638.40000000 108.30000000 304.59536941
v 644.10000000 108.30000000 304.63219045
v 649.80000000 108.30000000 304.68545008
v 655.50000000 108.30000000 304.71888274
v 661.20000000 108.30000000 304.71669384
v 666.90000000 108.30000000 304.76901615
v 672.60000000 108.30000000 304.84305283
v 678.30000000 108.30000000 304.89922571
v 684.00000000 108.30000000 305.05194526
v 689.70000000 108.30000000 305.10767474
v 695.40000000 108.30000000 305.16397000
v 701.10000000 108.30000000 305.22063614
v 706.80000000 108.30000000 305.37108990
v 712.50000000 108.30000000 305.36620191
v 718.20000000 108.30000000 305.57306396
v 723.90000000 108.30000000 305.56762964
v 729.60000000 108.30000000 305.68656331
v 735.30000000 108.30000000 305.83916419
v 741.00000000 108.30000000 305.91510233
v 746.70000000 108.30000000 306.00693090
v 752.40000000 108.30000000 306.13355700
v 758.10000000 108.30000000 306.21382890
v 763.80000000 108.30000000 306.20032444
v 769.50000000 108.30000000 306.25709601
v 775.20000000 108.30000000 306.37003850
v 780.90000000 108.30000000 306.47273383
v 786.60000000 108.30000000 306.50763871
v 792.30000000 108.30000000 306.52208612
v 798.00000000 108.30000000 306.52420906
v 0.00000000 114.00000000 300.95258721
v 5.70000000 114.00000000 300.79477891
v 11.40000000 114.00000000 300.75696438
v 17.10000000 114.00000000 300.71369356
v 22.80000000 114.00000000 300.47325500
v 28.50000000 114.00000000 300.36680028
v 34.20000000 114.00000000 300.19660171
v 39.90000000 114.00000000 300.07876053
v 45.60000000 114.00000000 299.93278772
v 51.30000000 114.00000000 299.66558754
v 57.00000000 114.00000000 299.60460849
v 62.70000000 114.00000000 299.27462553
v 68.40000000 114.00000000 299.27462553
v 74.10000000 114.00000000 299.14690600
v 79.80000000 114.00000000 298.94359546
v 85.50000000 114.00000000 298.78839958
v 91.20000000 114.00000000 298.52170144
v 96.90000000 114.00000000 298.52170144
v 102.60000000 114.00000000 298.40405291
v 108.30000000 114.00000000 298.27110928
v 114.00000000 114.00000000 298.01086364
v 119.70000000 114.00000000 297.94708581
v 125.40000000 114.00000000 297.82437847
v 131.10000000 114.00000000 297.70277440
v 136.80000000 114.00000000 297.63148263
v 142.50000000 114.00000000 297.53678580
v 148.20000000 114.00000000 297.53678580
v 153.90000000 114.00000000 297.49477902
v 159.60000000 114.00000000 297.40026658
v 165.30000000 114.00000000 297.39418085
v 171.00000000 114.00000000 297.36258013
v 176.70000000 114.00000000 297.39337514
v 182.40000000 114.00000000 297.38706644
v 188.10000000 114.00000000 297.38592167
v 193.80000000 114.00000000 297.47699804
v 199.50000000 114.00000000 297.48098100
v 205.20000000 114.00000000 297.64647650
v 210.90000000 114.00000000 297.64647650
v 216.60000000 114.00000000 297.76113185
v 222.30000000 114.00000000 297.92668348
v 228.00000000 114.00000000 297.96728871
v 233.70000000 114.00000000 298.12400712
v 239.40000000 114.00000000 298.24798167
v 245.10000000 114.00000000 298.49371845
v 250.80000000 114.00000000 298.60948972
v 256.50000000 114.00000000 298.76986485
v 262.20000000 114.00000000 298.76986485
v 267.90000000 114.00000000 299.18786531
v 273.60000000 114.00000000 299.38392641
v 279.30000000 114.00000000 299.54571341
v 285.00000000 114.00000000 299.83896691
v 290.70000000 114.00000000 299.89474231
v 296.40000000 114.00000000 300.20720600
v 302.10000000 114.00000000 300.52920395
v 307.80000000 114.00000000 300.72987891
v 313.50000000 114.00000000 300.95634063
v 319.20000000 114.00000000 301.23689757
v 324.90000000 114.00000000 301.47735962
v 330.60000000 114.00000000 301.67283656
v 336.30000000 114.00000000 301.67283656
v 342.00000000 114.00000000 302.01106787
v 347.70000000 114.00000000 302.25290809
v 353.40000000 114.00000000 302.61166198
v 359.10000000 114.00000000 302.84140686
v 364.80000000 114.00000000 303.07747972
v 370.50000000 114.00000000 303.20721296
v 376.20000000 114.00000000 303.39535769
v 381.90000000 114.00000000 303.58284278
v 387.60000000 114.00000000 303.77047338
v 393.30000000 114.00000000 303.97063062
v 399.00000000 114.00000000 304.09367717
v 404.70000000 114.00000000 304.13249069
v 410.40000000 114.00000000 304.41628554
v 416.10000000 114.00000000 304.50867813
v 421.80000000 114.00000000 304.68469096
v 427.50000000 114.00000000 304.74015455
v 433.20000000 114.00000000 304.80936336
v 438.90000000 114.00000000 304.84578497
v 444.60000000 114.00000000 304.98705186
v 450.30000000 114.00000000 305.02758575
v 456.00000000 114.00000000 305.02758575
v 461.70000000 114.00000000 305.10504729
v 467.40000000 114.00000000 305.15012733
v 473.10000000 114.00000000 305.15809427
v 478.80000000 114.00000000 305.10461930
v 484.50000000 114.00000000 305.21216850
v 490.20000000 114.00000000 305.19242287
v 495.90000000 114.00000000 305.23296864
v 501.60000000 114.00000000 305.18683840
v 507.30000000 114.00000000 305.15149283
v 513.00000000 114.00000000 305.15149283
v 518.70000000 114.00000000 305.07693717
v 524.40000000 114.00000000 305.06613763
v 530.10000000 114.00000000 304.99235837
v 535.80000000 114.00000000 304.99235837
v 541.50000000 114.00000000 304.94905285
v 547.20000000 114.00000000 304.85737843
v 552.90000000 114.00000000 304.85737843
v 558.60000000 114.00000000 304.76402141
v 564.30000000 114.00000000 304.80772066
v 570.00000000 114.00000000 304.73122959
v 575.70000000 114.00000000 304.70962930
v 581.40000000 114.00000000 304.65500175
v 587.10000000 114.00000000 304.68215632
v 592.80000000 114.00000000 304.63366403
v 598.50000000 114.00000000 304.57400007
v 604.20000000 114.00000000 304.53590168
v 609.90000000 114.00000000 304.58551549
v 615.60000000 114.00000000 304.53176023
v 621.30000000 114.00000000 304.59943485
v 627.00000000 114.00000000 304.62798114
v 632.70000000 114.00000000 304.57822054
v 638.40000000 114.00000000 304.68178833
v 644.10000000 114.00000000 304.66048109
v 649.80000000 114.00000000 304.70230257
v 655.50000000 114.00000000 304.73813666
v 661.20000000 114.00000000 304.78504516
v 666.90000000 114.00000000 304.76901615
v 672.60000000 114.00000000 304.98935133
v 678.30000000 114.00000000 304.98935133
v 684.00000000 114.00000000 305.05310081
v 689.70000000 114.00000000 305.10126851
v 695.40000000 114.00000000 305.23900096
v 701.10000000 114.00000000 305.35576543
v 706.80000000 114.00000000 305.42476457
v 712.50000000 114.00000000 305.52242123
v 718.20000000 114.00000000 305.57751826
v 723.90000000 114.00000000 305.64512644
v 729.60000000 114.00000000 305.68637977
v 735.30000000 114.00000000 305.88083920
v 741.00000000 114.00000000 306.02461574
v 746.70000000 114.00000000 306.01168943
v 752.40000000 114.00000000 306.19487246
v 758.10000000 114.00000000 306.25630464
v 763.80000000 114.00000000 306.35170213
v 769.50000000 114.00000000 306.30499270
v 775.20000000 114.00000000 306.47181865
v 780.90000000 114.00000000 306.48536540
v 786.60000000 114.00000000 306.56331351
v 792.30000000 114.00000000 306.54381900
v 798.00000000 114.00000000 306.59558894
v 0.00000000 119.70000000 300.93120187
v 5.70000000 119.70000000 300.79477891
v 11.40000000 119.70000000 300.75387860
v 17.10000000 119.70000000 300.54821831
v 22.80000000 119.70000000 300.47325500
v 28.50000000 119.70000000 300.47325500
v 34.20000000 119.70000000 300.14555996
v 39.90000000 119.70000000 299.98556103
v 45.60000000 119.70000000 299.93471160
v 51.30000000 119.70000000 299.75911385
v 57.00000000 119.70000000 299.56052805
v 62.70000000 119.70000000 299.34277680
v 68.40000000 119.70000000 299.21190746
v 74.10000000 119.70000000 299.09594841
v 79.80000000 119.70000000 298.93834695
v 85.50000000 119.70000000 298.70008463
v 91.20000000 119.70000000 298.57900064
v 96.90000000 119.70000000 298.47913650
v 102.60000000 119.70000000 298.34804091
v 108.30000000 119.70000000 298.11744520
v 114.00000000 119.70000000 298.03016670
v 119.70000000 119.70000000 297.97371735
v 125.40000000 119.70000000 297.80429127
v 131.10000000 119.70000000 297.78696709
v 136.80000000 119.70000000 297.60416013
v 142.50000000 119.70000000 297.58677588
v 148.20000000 119.70000000 297.52081528
v 153.90000000 119.70000000 297.41423639
v 159.60000000 119.70000000 297.36075705
v 165.30000000 119.70000000 297.36075705
v 171.00000000 119.70000000 297.34755656
v 176.70000000 119.70000000 297.32986164
v 182.40000000 119.70000000 297.39233388
v 188.10000000 119.70000000 297.29573632
v 193.80000000 119.70000000 297.47699804
v 199.50000000 119.70000000 297.46470203
v 205.20000000 119.70000000 297.57635107
v 210.90000000 119.70000000 297.60286486
v 216.60000000 119.70000000 297.67595453
v 222.30000000 119.70000000 297.86320441
v 228.00000000 119.70000000 297.96481849
v 233.70000000 119.70000000 298.06115041
v 239.40000000 119.70000000 298.25432101
v 245.10000000 119.70000000 298.40167832
v 250.80000000 119.70000000 298.53612667
v 256.50000000 119.70000000 298.73609258
v 262.20000000 119.70000000 298.94491863
v 267.90000000 119.70000000 299.13748528
v 273.60000000 119.70000000 299.39748484
v 279.30000000 119.70000000 299.63360320
v 285.00000000 119.70000000 299.67537015
v 290.70000000 119.70000000 300.02503050
v 296.40000000 119.70000000 300.25178611
v 302.10000000 119.70000000 300.39371548
v 307.80000000 119.70000000 300.72158523
v 313.50000000 119.70000000 300.89931971
v 319.20000000 119.70000000 301.05462773
v 324.90000000 119.70000000 301.38933657
v 330.60000000 119.70000000 301.63440266
v 336.30000000 119.70000000 301.83462533
v 342.00000000 119.70000000 302.09925310
v 347.70000000 119.70000000 302.34002632
v 353.40000000 119.70000000 302.62485398
v 359.10000000 119.70000000 302.62756678
v 364.80000000 119.70000000 303.10680352
v 370.50000000 119.70000000 303.39065217
v 376.20000000 119.70000000 303.39065217
v 381.90000000 119.70000000 303.56248242
v 387.60000000 119.70000000 303.79972846
v 393.30000000 119.70000000 303.91255138
v 399.00000000 119.70000000 304.07291136
v 404.70000000 119.70000000 304.26515521
v 410.40000000 119.70000000 304.32183766
v 416.10000000 119.70000000 304.50302818
v 421.80000000 119.70000000 304.61463784
v 427.50000000 119.70000000 304.74096471
v 433.20000000 119.70000000 304.81499974
v 438.90000000 119.70000000 304.92850867
v 444.60000000 119.70000000 304.98310414
v 450.30000000 119.70000000 305.02383147
v 456.00000000 119.70000000 305.10087495
v 461.70000000 119.70000000 305.13126563
v 467.40000000 119.70000000 305.19931920
v 473.10000000 119.70000000 305.22269704
v 478.80000000 119.70000000 305.19050413
v 484.50000000 119.70000000 305.20849081
v 490.20000000 119.70000000 305.24186599
v 495.90000000 119.70000000 305.15606131
v 501.60000000 119.70000000 305.17650463
v 507.30000000 119.70000000 305.20484559
v 513.00000000 119.70000000 305.13915331
v 518.70000000 119.70000000 305.10351203
v 524.40000000 119.70000000 305.09538903
v 530.10000000 119.70000000 305.01477871
v 535.80000000 119.70000000 305.01908914
v 541.50000000 119.70000000 304.95003808
v 547.20000000 119.70000000 304.95383994
v 552.90000000 119.70000000 304.86685040
v 558.60000000 119.70000000 304.75192689
v 564.30000000 119.70000000 304.80519367
v 570.00000000 119.70000000 304.76101928
v 575.70000000 119.70000000 304.71725040
v 581.40000000 119.70000000 304.71725040
v 587.10000000 119.70000000 304.67747938
v 592.80000000 119.70000000 304.64700748
v 598.50000000 119.70000000 304.65654581
v 604.20000000 119.70000000 304.58337625
v 609.90000000 119.70000000 304.60685215
v 615.60000000 119.70000000 304.61806925
v 621.30000000 119.70000000 304.56727175
v 627.00000000 119.70000000 304.62267707
v 632.70000000 119.70000000 304.63177320
v 638.40000000 119.70000000 304.64713085
v 644.10000000 119.70000000 304.72668620
v 649.80000000 119.70000000 304.75019350
v 655.50000000 119.70000000 304.80475843
v 661.20000000 119.70000000 304.88256225
v 666.90000000 119.70000000 304.89388058
v 672.60000000 119.70000000 304.95192991
v 678.30000000 119.70000000 304.98935133
v 684.00000000 119.70000000 305.17324751
v 689.70000000 119.70000000 305.17324751
v 695.40000000 119.70000000 305.32983748
v 701.10000000 119.70000000 305.32522711
v 706.80000000 119.70000000 305.46151879
v 712.50000000 119.70000000 305.42003175
v 718.20000000 119.70000000 305.72437197
v 723.90000000 119.70000000 305.72437197
v 729.60000000 119.70000000 305.89074788
v 735.30000000 119.70000000 305.89074788
v 741.00000000 119.70000000 305.98295887
v 746.70000000 119.70000000 306.03993515
v 752.40000000 119.70000000 306.23214178
v 758.10000000 119.70000000 306.23214178
v 763.80000000 119.70000000 306.31790851
v 769.50000000 119.70000000 306.38896204
v 775.20000000 119.70000000 306.48474004
v 780.90000000 119.70000000 306.49906766
v 786.60000000 119.70000000 306.55318230
v 792.30000000 119.70000000 306.64357435
v 798.00000000 119.70000000 306.66762329
v 0.00000000 125.40000000 300.92412132
v 5.70000000 125.40000000 300.79339388
v 11.40000000 125.40000000 300.57806349
v 17.10000000 125.40000000 300.58444860
v 22.80000000 125.40000000 300.43441412
v 28.50000000 125.40000000 300.29708607
v 34.20000000 125.40000000 300.07666064
v 39.90000000 125.40000000 299.94576040
v 45.60000000 125.40000000 299.81828160
v 51.30000000 125.40000000 299.60537490
v 57.00000000 125.40000000 299.44782576
v 62.70000000 125.40000000 299.35958757
v 68.40000000 125.40000000 299.12387006
v 74.10000000 125.40000000 299.07020048
v 79.80000000 125.40000000 298.93064886
v 85.50000000 125.40000000 298.66926988
v 91.20000000 125.40000000 298.66546908
v 96.90000000 125.40000000 298.49735968
v 102.60000000 125.40000000 298.30527905
v 108.30000000 125.40000000 298.13437010
v 114.00000000 125.40000000 298.00042324
v 119.70000000 125.40000000 297.80429127
v 125.40000000 125.40000000 297.80429127
v 131.10000000 125.40000000 297.72284217
v 136.80000000 125.40000000 297.53975815
v 142.50000000 125.40000000 297.54247717
v 148.20000000 125.40000000 297.44679715
v 153.90000000 125.40000000 297.41481796
v 159.60000000 125.40000000 297.44880600
v 165.30000000 125.40000000 297.36075705
v 171.00000000 125.40000000 297.34846955
v 176.70000000 125.40000000 297.32986164
v 182.40000000 125.40000000 297.33954741
v 188.10000000 125.40000000 297.34082409
v 193.80000000 125.40000000 297.43235944
v 199.50000000 125.40000000 297.43235944
v 205.20000000 125.40000000 297.46920204
v 210.90000000 125.40000000 297.54358237
v 216.60000000 125.40000000 297.69106056
v 222.30000000 125.40000000 297.75873099
v 228.00000000 125.40000000 297.92898624
v 233.70000000 125.40000000 298.04446926
v 239.40000000 125.40000000 298.14831063
v 245.10000000 125.40000000 298.41160985
v 250.80000000 125.40000000 298.47999259
v 256.50000000 125.40000000 298.72051795
v 262.20000000 125.40000000 298.80072215
v 267.90000000 125.40000000 299.09449249
v 273.60000000 125.40000000 308.35803703
v 279.30000000 125.40000000 306.75354516
v 285.00000000 125.40000000 299.65189498
v 290.70000000 125.40000000 299.87807597
v 296.40000000 125.40000000 300.16889944
v 302.10000000 125.40000000 300.38462526
v 307.80000000 125.40000000 300.74270348
v 313.50000000 125.40000000 300.90431040
v 319.20000000 125.40000000 301.13363099
v 324.90000000 125.40000000 301.26574272
v 330.60000000 125.40000000 301.73598211
v 336.30000000 125.40000000 301.83462533
v 342.00000000 125.40000000 302.06896239
v 347.70000000 125.40000000 302.35013658
v 353.40000000 125.40000000 302.42527907
v 359.10000000 125.40000000 302.68214805
v 364.80000000 125.40000000 302.89315676
v 370.50000000 125.40000000 303.26457620
v 376.20000000 125.40000000 303.42086621
v 381.90000000 125.40000000 303.63782353
v 387.60000000 125.40000000 303.95257757
v 393.30000000 125.40000000 303.95257757
v 399.00000000 125.40000000 304.02979012
v 404.70000000 125.40000000 304.20981643
v 410.40000000 125.40000000 304.38146967
v 416.10000000 125.40000000 304.58858985
v 421.80000000 125.40000000 304.65949307
v 427.50000000 125.40000000 304.69553567
v 433.20000000 125.40000000 304.83798078
v 438.90000000 125.40000000 304.93653571
v 444.60000000 125.40000000 305.04811283
v 450.30000000 125.40000000 305.01517928
v 456.00000000 125.40000000 305.07919058
v 461.70000000 125.40000000 305.19683430
v 467.40000000 125.40000000 305.15875702
v 473.10000000 125.40000000 305.22269704
v 478.80000000 125.40000000 305.24800793
v 484.50000000 125.40000000 305.24800793
v 490.20000000 125.40000000 305.27004334
v 495.90000000 125.40000000 305.23556249
v 501.60000000 125.40000000 305.24871857
v 507.30000000 125.40000000 305.21971947
v 513.00000000 125.40000000 305.20986868
v 518.70000000 125.40000000 305.09983966
v 524.40000000 125.40000000 305.15673658
v 530.10000000 125.40000000 305.09239768
v 535.80000000 125.40000000 305.06162733
v 541.50000000 125.40000000 305.01459770
v 547.20000000 125.40000000 304.99195085
v 552.90000000 125.40000000 304.92755901
v 558.60000000 125.40000000 304.81021663
v 564.30000000 125.40000000 304.85915105
v 570.00000000 125.40000000 304.78286625
v 575.70000000 125.40000000 304.77565898
v 581.40000000 125.40000000 304.77689749
v 587.10000000 125.40000000 304.72425815
v 592.80000000 125.40000000 304.64360589
v 598.50000000 125.40000000 304.68925653
v 604.20000000 125.40000000 304.68726513
v 609.90000000 125.40000000 304.63478998
v 615.60000000 125.40000000 304.67149799
v 621.30000000 125.40000000 304.64137972
v 627.00000000 125.40000000 304.68036544
v 632.70000000 125.40000000 304.68933370
v 638.40000000 125.40000000 304.75466542
v 644.10000000 125.40000000 304.78512905
v 649.80000000 125.40000000 304.74509613
v 655.50000000 125.40000000 304.81674646
v 661.20000000 125.40000000 304.86940327
v 666.90000000 125.40000000 304.91206870
v 672.60000000 125.40000000 304.99774705
v 678.30000000 125.40000000 305.09682497
v 684.00000000 125.40000000 305.13295839
v 689.70000000 125.40000000 305.14470556
v 695.40000000 125.40000000 305.33673759
v 701.10000000 125.40000000 305.34073795
v 706.80000000 125.40000000 305.50713934
v 712.50000000 125.40000000 305.60349553
v 718.20000000 125.40000000 305.65836972
v 723.90000000 125.40000000 305.81807986
v 729.60000000 125.40000000 305.85519080
v 735.30000000 125.40000000 306.03592849
v 741.00000000 125.40000000 306.06558594
v 746.70000000 125.40000000 306.12122268
v 752.40000000 125.40000000 306.28065683
v 758.10000000 125.40000000 306.34459164
v 763.80000000 125.40000000 306.42642955
v 769.50000000 125.40000000 306.48640855
v 775.20000000 125.40000000 306.56044238
v 780.90000000 125.40000000 306.61200549
v 786.60000000 125.40000000 306.63069417
v 792.30000000 125.40000000 306.72926210
v 798.00000000 125.40000000 306.67548558
v 0.00000000 131.10000000 300.91528301
v 5.70000000 131.10000000 300.76883684
v 11.40000000 131.10000000 300.61970462
v 17.10000000 131.10000000 300.49688701
v 22.80000000 131.10000000 300.43847689
v 28.50000000 131.10000000 300.27630471
v 34.20000000 131.10000000 300.19601380
v 39.90000000 131.10000000 299.86786108
v 45.60000000 131.10000000 299.79052326
v 51.30000000 131.10000000 299.66681574
v 57.00000000 131.10000000 299.40620938
v 62.70000000 131.10000000 299.29200738
v 68.40000000 131.10000000 299.15021575
v 74.10000000 131.10000000 298.94528823
v 79.80000000 131.10000000 298.93064886
v 85.50000000 131.10000000 298.72953376
v 91.20000000 131.10000000 298.47556320
v 96.90000000 131.10000000 298.42744064
v 102.60000000 131.10000000 298.23037415
v 108.30000000 131.10000000 298.12198320
v 114.00000000 131.10000000 298.03786294
v 119.70000000 131.10000000 297.91780667
v 125.40000000 131.10000000 297.77135430
v 131.10000000 131.10000000 297.67324972
v 136.80000000 131.10000000 297.56625443
v 142.50000000 131.10000000 297.52988033
v 148.20000000 131.10000000 297.48050451
v 153.90000000 131.10000000 297.38211874
v 159.60000000 131.10000000 297.29420570
v 165.30000000 131.10000000 297.29420570
v 171.00000000 131.10000000 297.27512527
v 176.70000000 131.10000000 297.24025441
v 182.40000000 131.10000000 297.28147270
v 188.10000000 131.10000000 297.35581944
v 193.80000000 131.10000000 297.30680953
v 199.50000000 131.10000000 297.37695853
v 205.20000000 131.10000000 297.51927112
v 210.90000000 131.10000000 297.58665154
v 216.60000000 131.10000000 297.68535641
v 222.30000000 131.10000000 297.78372399
v 228.00000000 131.10000000 297.81313046
v 233.70000000 131.10000000 298.05963922
v 239.40000000 131.10000000 298.14538454
v 245.10000000 131.10000000 298.36973338
v 250.80000000 131.10000000 298.52471450
v 256.50000000 131.10000000 298.72051795
v 262.20000000 131.10000000 298.93291193
v 267.90000000 131.10000000 299.12635568
v 273.60000000 131.10000000 299.34559679
v 279.30000000 131.10000000 299.56723210
v 285.00000000 131.10000000 299.77563114
v 290.70000000 131.10000000 299.97154033
v 296.40000000 131.10000000 300.11208741
v 302.10000000 131.10000000 300.49843867
v 307.80000000 131.10000000 300.74790519
v 313.50000000 131.10000000 300.90059265
v 319.20000000 131.10000000 301.13363099
v 324.90000000 131.10000000 301.46617029
v 330.60000000 131.10000000 301.73598211
v 336.30000000 131.10000000 301.80469849
v 342.00000000 131.10000000 302.02438171
v 347.70000000 131.10000000 302.68571560
v 353.40000000 131.10000000 302.68571560
v 359.10000000 131.10000000 302.83276031
v 364.80000000 131.10000000 303.04406145
v 370.50000000 131.10000000 303.23944413
v 376.20000000 131.10000000 303.40393906
v 381.90000000 131.10000000 303.50576636
v 387.60000000 131.10000000 303.83242030
v 393.30000000 131.10000000 303.96924620
v 399.00000000 131.10000000 304.08714980
v 404.70000000 131.10000000 304.25963455
v 410.40000000 131.10000000 304.42544473
v 416.10000000 131.10000000 304.50966889
v 421.80000000 131.10000000 304.64440824
v 427.50000000 131.10000000 304.74673143
v 433.20000000 131.10000000 304.89393579
v 438.90000000 131.10000000 304.95156738
v 444.60000000 131.10000000 305.02677923
v 450.30000000 131.10000000 305.09189810
v 456.00000000 131.10000000 305.15473869
v 461.70000000 131.10000000 305.14862781
v 467.40000000 131.10000000 305.18717767
v 473.10000000 131.10000000 305.22269704
v 478.80000000 131.10000000 305.22980218
v 484.50000000 131.10000000 305.27900340
v 490.20000000 131.10000000 305.22773271
v 495.90000000 131.10000000 305.26381779
v 501.60000000 131.10000000 305.26381779
v 507.30000000 131.10000000 305.22378495
v 513.00000000 131.10000000 305.20986868
v 518.70000000 131.10000000 305.19116291
v 524.40000000 131.10000000 305.10012146
v 530.10000000 131.10000000 305.12700663
v 535.80000000 131.10000000 305.02742417
v 541.50000000 131.10000000 305.00965810
v 547.20000000 131.10000000 305.01205022
v 552.90000000 131.10000000 304.94408740
v 558.60000000 131.10000000 304.86186915
v 564.30000000 131.10000000 304.86928641
v 570.00000000 131.10000000 304.81453637
v 575.70000000 131.10000000 304.78794611
v 581.40000000 131.10000000 304.69281101
v 587.10000000 131.10000000 304.72115325
v 592.80000000 131.10000000 304.71958199
v 598.50000000 131.10000000 304.70682828
v 604.20000000 131.10000000 304.68726513
v 609.90000000 131.10000000 304.68163885
v 615.60000000 131.10000000 304.68163885
v 621.30000000 131.10000000 304.73253211
v 627.00000000 131.10000000 304.69670608
v 632.70000000 131.10000000 304.68933370
v 638.40000000 131.10000000 304.69776871
v 644.10000000 131.10000000 304.79717943
v 649.80000000 131.10000000 304.80742252
v 655.50000000 131.10000000 304.89941032
v 661.20000000 131.10000000 304.93082132
v 666.90000000 131.10000000 305.00116426
v 672.60000000 131.10000000 305.06501671
v 678.30000000 131.10000000 305.10454870
v 684.00000000 131.10000000 305.17519915
v 689.70000000 131.10000000 305.31445660
v 695.40000000 131.10000000 305.40972930
v 701.10000000 131.10000000 305.48032747
v 706.80000000 131.10000000 305.56640710
v 712.50000000 131.10000000 305.62220317
v 718.20000000 131.10000000 305.75655222
v 723.90000000 131.10000000 305.83749862
v 729.60000000 131.10000000 305.85519080
v 735.30000000 131.10000000 306.05460847
v 741.00000000 131.10000000 305.94714911
v 746.70000000 131.10000000 306.18228659
v 752.40000000 131.10000000 306.28310679
v 758.10000000 131.10000000 306.40134719
v 763.80000000 131.10000000 306.41798082
v 769.50000000 131.10000000 306.49542857
v 775.20000000 131.10000000 306.52580410
v 780.90000000 131.10000000 306.57713386
v 786.60000000 131.10000000 306.64193414
v 792.30000000 131.10000000 306.69015808
v 798.00000000 131.10000000 306.73063125
v 0.00000000 136.80000000 300.91528301
v 5.70000000 136.80000000 300.76877978
v 11.40000000 136.80000000 300.64899572
v 17.10000000 136.80000000 300.38236133
v 22.80000000 136.80000000 300.43847689
v 28.50000000 136.80000000 300.13871559
v 34.20000000 136.80000000 300.09790437
v 39.90000000 136.80000000 299.91221609
v 45.60000000 136.80000000 299.91221609
v 51.30000000 136.80000000 299.65238442
v 57.00000000 136.80000000 299.49324306
v 62.70000000 136.80000000 299.30611903
v 68.40000000 136.80000000 299.16695710
v 74.10000000 136.80000000 299.01335776
v 79.80000000 136.80000000 298.90196503
v 85.50000000 136.80000000 298.58059331
v 91.20000000 136.80000000 298.48606274
v 96.90000000 136.80000000 298.44045706
v 102.60000000 136.80000000 298.26768439
v 108.30000000 136.80000000 298.08924620
v 114.00000000 136.80000000 297.98518419
v 119.70000000 136.80000000 297.91780667
v 125.40000000 136.80000000 297.79703815
v 131.10000000 136.80000000 297.69941742
v 136.80000000 136.80000000 297.54907248
v 142.50000000 136.80000000 297.52988033
v 148.20000000 136.80000000 297.39969823
v 153.90000000 136.80000000 297.35298511
v 159.60000000 136.80000000 297.32607320
v 165.30000000 136.80000000 297.29176021
v 171.00000000 136.80000000 297.22952215
v 176.70000000 136.80000000 297.23733259
v 182.40000000 136.80000000 297.32543432
v 188.10000000 136.80000000 297.28695316
v 193.80000000 136.80000000 297.28695316
v 199.50000000 136.80000000 297.36765617
v 205.20000000 136.80000000 297.51927112
v 210.90000000 136.80000000 297.54763697
v 216.60000000 136.80000000 297.62730384
v 222.30000000 136.80000000 297.79755513
v 228.00000000 136.80000000 297.81313046
v 233.70000000 136.80000000 297.97939860
v 239.40000000 136.80000000 298.18472200
v 245.10000000 136.80000000 298.36973338
v 250.80000000 136.80000000 298.49344101
v 256.50000000 136.80000000 298.61427444
v 262.20000000 136.80000000 298.61427444
v 267.90000000 136.80000000 299.10278375
v 273.60000000 136.80000000 299.34914182
v 279.30000000 136.80000000 299.77690456
v 285.00000000 136.80000000 299.77690456
v 290.70000000 136.80000000 299.92673013
v 296.40000000 136.80000000 300.14933487
v 302.10000000 136.80000000 300.49269606
v 307.80000000 136.80000000 300.69214177
v 313.50000000 136.80000000 300.94640267
v 319.20000000 136.80000000 301.15307211
v 324.90000000 136.80000000 301.37263027
v 330.60000000 136.80000000 301.58298650
v 336.30000000 136.80000000 301.95312703
v 342.00000000 136.80000000 301.98682539
v 347.70000000 136.80000000 302.40979831
v 353.40000000 136.80000000 302.65077559
v 359.10000000 136.80000000 302.58443951
v 364.80000000 136.80000000 302.89927465
v 370.50000000 136.80000000 303.25681588
v 376.20000000 136.80000000 303.38761750
v 381.90000000 136.80000000 303.61215917
v 387.60000000 136.80000000 303.72547768
v 393.30000000 136.80000000 303.91956641
v 399.00000000 136.80000000 304.13062740
v 404.70000000 136.80000000 304.30745253
v 410.40000000 136.80000000 304.40563263
v 416.10000000 136.80000000 304.40563263
v 421.80000000 136.80000000 304.59861118
v 427.50000000 136.80000000 304.73958763
v 433.20000000 136.80000000 304.84116192
v 438.90000000 136.80000000 304.94514640
v 444.60000000 136.80000000 304.97207552
v 450.30000000 136.80000000 305.09578810
v 456.00000000 136.80000000 305.14357532
v 461.70000000 136.80000000 305.19433422
v 467.40000000 136.80000000 305.25689872
v 473.10000000 136.80000000 305.25689872
v 478.80000000 136.80000000 305.22207690
v 484.50000000 136.80000000 305.22207690
v 490.20000000 136.80000000 305.29380857
v 495.90000000 136.80000000 305.29112685
v 501.60000000 136.80000000 305.25774418
v 507.30000000 136.80000000 305.24588347
v 513.00000000 136.80000000 305.19586288
v 518.70000000 136.80000000 305.16101854
v 524.40000000 136.80000000 305.12446458
v 530.10000000 136.80000000 305.12687939
v 535.80000000 136.80000000 305.06982279
v 541.50000000 136.80000000 305.02498223
v 547.20000000 136.80000000 304.96071543
v 552.90000000 136.80000000 304.96393357
v 558.60000000 136.80000000 304.93920271
v 564.30000000 136.80000000 304.84264318
v 570.00000000 136.80000000 304.82282499
v 575.70000000 136.80000000 304.76939334
v 581.40000000 136.80000000 304.69547457
v 587.10000000 136.80000000 304.75444129
v 592.80000000 136.80000000 304.71814915
v 598.50000000 136.80000000 304.67429869
v 604.20000000 136.80000000 304.65094669
v 609.90000000 136.80000000 304.72147918
v 615.60000000 136.80000000 304.66702412
v 621.30000000 136.80000000 304.68870830
v 627.00000000 136.80000000 304.77464777
v 632.70000000 136.80000000 304.77866359
v 638.40000000 136.80000000 304.74728897
v 644.10000000 136.80000000 304.82634873
v 649.80000000 136.80000000 304.82581494
v 655.50000000 136.80000000 304.89586125
v 661.20000000 136.80000000 304.93581629
v 666.90000000 136.80000000 305.01442060
v 672.60000000 136.80000000 305.07249522
v 678.30000000 136.80000000 305.14863390
v 684.00000000 136.80000000 305.27888029
v 689.70000000 136.80000000 305.29290009
v 695.40000000 136.80000000 305.40519046
v 701.10000000 136.80000000 305.44471959
v 706.80000000 136.80000000 305.61495578
v 712.50000000 136.80000000 305.67773520
v 718.20000000 136.80000000 305.79384639
v 723.90000000 136.80000000 305.89291549
v 729.60000000 136.80000000 305.90669524
v 735.30000000 136.80000000 306.08875345
v 741.00000000 136.80000000 306.05623099
v 746.70000000 136.80000000 306.21443074
v 752.40000000 136.80000000 306.26272715
v 758.10000000 136.80000000 306.38030506
v 763.80000000 136.80000000 306.43045725
v 769.50000000 136.80000000 306.51870342
v 775.20000000 136.80000000 306.54761284
v 780.90000000 136.80000000 306.62270591
v 786.60000000 136.80000000 306.62763269
v 792.30000000 136.80000000 306.77679710
v 798.00000000 136.80000000 306.74468319
v 0.00000000 142.50000000 300.80912814
v 5.70000000 142.50000000 300.74984051
v 11.40000000 142.50000000 300.64592539
v 17.10000000 142.50000000 300.52295138
v 22.80000000 142.50000000 300.19088906
v 28.50000000 142.50000000 300.19088906
v 34.20000000 142.50000000 302.67057767
v 39.90000000 142.50000000 299.87101295
v 45.60000000 142.50000000 299.78143379
v 51.30000000 142.50000000 299.57013019
v 57.00000000 142.50000000 299.48598004
v 62.70000000 142.50000000 302.68923018
v 68.40000000 142.50000000 299.16555320
v 74.10000000 142.50000000 299.04525580
v 79.80000000 142.50000000 298.74198710
v 85.50000000 142.50000000 298.66558617
v 91.20000000 142.50000000 298.53436721
v 96.90000000 142.50000000 298.34460031
v 102.60000000 142.50000000 298.26444025
v 108.30000000 142.50000000 298.11077464
v 114.00000000 142.50000000 297.94904127
v 119.70000000 142.50000000 297.80426516
v 125.40000000 142.50000000 297.68445355
v 131.10000000 142.50000000 297.67963592
v 136.80000000 142.50000000 297.54435646
v 142.50000000 142.50000000 297.47531726
v 148.20000000 142.50000000 297.41571125
v 153.90000000 142.50000000 297.28846195
v 159.60000000 142.50000000 297.32607320
v 165.30000000 142.50000000 297.21873633
v 171.00000000 142.50000000 297.22670722
v 176.70000000 142.50000000 297.21095704
v 182.40000000 142.50000000 297.26126196
v 188.10000000 142.50000000 297.28695316
v 193.80000000 142.50000000 297.33371300
v 199.50000000 142.50000000 297.36431247
v 205.20000000 142.50000000 297.46708643
v 210.90000000 142.50000000 297.62724590
v 216.60000000 142.50000000 297.62724590
v 222.30000000 142.50000000 297.72268726
v 228.00000000 142.50000000 297.89318521
v 233.70000000 142.50000000 298.03875882
v 239.40000000 142.50000000 298.18915220
v 245.10000000 142.50000000 298.26505628
v 250.80000000 142.50000000 298.53760391
v 256.50000000 142.50000000 298.71855453
v 262.20000000 142.50000000 298.91693324
v 267.90000000 142.50000000 298.92456935
v 273.60000000 142.50000000 299.23419540
v 279.30000000 142.50000000 299.73656449
v 285.00000000 142.50000000 299.73656449
v 290.70000000 142.50000000 299.96788071
v 296.40000000 142.50000000 300.25282039
v 302.10000000 142.50000000 300.38726426
v 307.80000000 142.50000000 300.67660921
v 313.50000000 142.50000000 300.88325882
v 319.20000000 142.50000000 301.11821921
v 324.90000000 142.50000000 301.24152374
v 330.60000000 142.50000000 301.58298650
v 336.30000000 142.50000000 301.81401021
v 342.00000000 142.50000000 302.07017589
v 347.70000000 142.50000000 302.37898195
v 353.40000000 142.50000000 302.58386496
v 359.10000000 142.50000000 302.79127793
v 364.80000000 142.50000000 302.89583306
v 370.50000000 142.50000000 303.25439941
v 376.20000000 142.50000000 303.43209611
v 381.90000000 142.50000000 303.52919288
v 387.60000000 142.50000000 303.78154790
v 393.30000000 142.50000000 303.98916175
v 399.00000000 142.50000000 304.15056113
v 404.70000000 142.50000000 304.25091775
v 410.40000000 142.50000000 304.40755606
v 416.10000000 142.50000000 304.54805346
v 421.80000000 142.50000000 304.67126430
v 427.50000000 142.50000000 304.74283504
v 433.20000000 142.50000000 304.83464787
v 438.90000000 142.50000000 304.94514640
v 444.60000000 142.50000000 305.06996639
v 450.30000000 142.50000000 305.10802891
v 456.00000000 142.50000000 305.16642807
v 461.70000000 142.50000000 305.18275900
v 467.40000000 142.50000000 305.28037140
v 473.10000000 142.50000000 305.28037140
v 478.80000000 142.50000000 305.22207690
v 484.50000000 142.50000000 305.30481954
v 490.20000000 142.50000000 305.29571452
v 495.90000000 142.50000000 305.25294860
v 501.60000000 142.50000000 305.24279021
v 507.30000000 142.50000000 305.24119425
v 513.00000000 142.50000000 305.23110507
v 518.70000000 142.50000000 305.18794066
v 524.40000000 142.50000000 305.14106580
v 530.10000000 142.50000000 305.08271530
v 535.80000000 142.50000000 305.09361255
v 541.50000000 142.50000000 305.05151997
v 547.20000000 142.50000000 304.97090380
v 552.90000000 142.50000000 305.01290653
v 558.60000000 142.50000000 304.90203475
v 564.30000000 142.50000000 304.90126258
v 570.00000000 142.50000000 304.82272470
v 575.70000000 142.50000000 304.83021512
v 581.40000000 142.50000000 304.76305527
v 587.10000000 142.50000000 304.72645157
v 592.80000000 142.50000000 304.70126723
v 598.50000000 142.50000000 304.74695638
v 604.20000000 142.50000000 304.78533087
v 609.90000000 142.50000000 304.74629809
v 615.60000000 142.50000000 304.74600327
v 621.30000000 142.50000000 304.78181718
v 627.00000000 142.50000000 304.75460647
v 632.70000000 142.50000000 304.73143234
v 638.40000000 142.50000000 304.77362385
v 644.10000000 142.50000000 304.85865295
v 649.80000000 142.50000000 304.86764124
v 655.50000000 142.50000000 304.88015645
v 661.20000000 142.50000000 304.97901502
v 666.90000000 142.50000000 305.09330830
v 672.60000000 142.50000000 305.09330830
v 678.30000000 142.50000000 305.19813597
v 684.00000000 142.50000000 305.26120727
v 689.70000000 142.50000000 305.33324021
v 695.40000000 142.50000000 305.49993350
v 701.10000000 142.50000000 305.49993350
v 706.80000000 142.50000000 305.65518635
v 712.50000000 142.50000000 305.68563964
v 718.20000000 142.50000000 305.85025148
v 723.90000000 142.50000000 305.90649613
v 729.60000000 142.50000000 305.98607658
v 735.30000000 142.50000000 305.98607658
v 741.00000000 142.50000000 306.15367462
v 746.70000000 142.50000000 306.24027607
v 752.40000000 142.50000000 306.36387050
v 758.10000000 142.50000000 306.41351162
v 763.80000000 142.50000000 306.44713280
v 769.50000000 142.50000000 306.55034118
v 775.20000000 142.50000000 306.66189784
v 780.90000000 142.50000000 306.60184441
v 786.60000000 142.50000000 306.70584902
v 792.30000000 142.50000000 306.78980138
v 798.00000000 142.50000000 306.76476262
v 0.00000000 148.20000000 302.74845983
v 5.70000000 148.20000000 302.73776788
v 11.40000000 148.20000000 302.68475937
v 17.10000000 148.20000000 302.71102566
v 22.80000000 148.20000000 302.71671272
v 28.50000000 148.20000000 302.65602594
v 34.20000000 148.20000000 302.67057767
v 39.90000000 148.20000000 302.67647262
v 45.60000000 148.20000000 299.78143379
v 51.30000000 148.20000000 302.68526369
v 57.00000000 148.20000000 302.73044937
v 62.70000000 148.20000000 302.68923018
v 68.40000000 148.20000000 302.68373422
v 74.10000000 148.20000000 302.72944973
v 79.80000000 148.20000000 302.71467872
v 85.50000000 148.20000000 302.71136580
v 91.20000000 148.20000000 302.73859764
v 96.90000000 148.20000000 302.71212373
v 102.60000000 148.20000000 302.66408526
v 108.30000000 148.20000000 298.13826544
v 114.00000000 148.20000000 302.72470143
v 119.70000000 148.20000000 302.71203673
v 125.40000000 148.20000000 297.74071845
v 131.10000000 148.20000000 302.70851924
v 136.80000000 148.20000000 302.73994248
v 142.50000000 148.20000000 297.41106401
v 148.20000000 148.20000000 303.51453344
v 153.90000000 148.20000000 302.67941670
v 159.60000000 148.20000000 302.71621213
v 165.30000000 148.20000000 302.68979576
v 171.00000000 148.20000000 302.72864584
v 176.70000000 148.20000000 302.68980835
v 182.40000000 148.20000000 302.65561557
v 188.10000000 148.20000000 297.31377877
v 193.80000000 148.20000000 302.72668559
v 199.50000000 148.20000000 302.72943463
v 205.20000000 148.20000000 302.75020405
v 210.90000000 148.20000000 297.55287837
v 216.60000000 148.20000000 302.70737598
v 222.30000000 148.20000000 297.76167571
v 228.00000000 148.20000000 297.89318521
v 233.70000000 148.20000000 302.70679745
v 239.40000000 148.20000000 302.74165273
v 245.10000000 148.20000000 302.71556905
v 250.80000000 148.20000000 298.46590016
v 256.50000000 148.20000000 302.70676031
v 262.20000000 148.20000000 302.68317353
v 267.90000000 148.20000000 302.72209385
v 273.60000000 148.20000000 299.21809285
v 279.30000000 148.20000000 299.49647494
v 285.00000000 148.20000000 299.68128941
v 290.70000000 148.20000000 299.97913817
v 296.40000000 148.20000000 300.17616625
v 302.10000000 148.20000000 300.35387602
v 307.80000000 148.20000000 300.69741832
v 313.50000000 148.20000000 300.83345797
v 319.20000000 148.20000000 301.38119552
v 324.90000000 148.20000000 301.38119552
v 330.60000000 148.20000000 301.57718008
v 336.30000000 148.20000000 301.94504756
v 342.00000000 148.20000000 302.12245083
v 347.70000000 148.20000000 302.36658728
v 353.40000000 148.20000000 302.62840155
v 359.10000000 148.20000000 302.86446889
v 364.80000000 148.20000000 302.98606445
v 370.50000000 148.20000000 303.17860711
v 376.20000000 148.20000000 303.28174505
v 381.90000000 148.20000000 303.63344377
v 387.60000000 148.20000000 303.66347843
v 393.30000000 148.20000000 304.01061343
v 399.00000000 148.20000000 304.05886635
v 404.70000000 148.20000000 304.21935468
v 410.40000000 148.20000000 304.40755606
v 416.10000000 148.20000000 304.49536738
v 421.80000000 148.20000000 304.69212471
v 427.50000000 148.20000000 304.81548207
v 433.20000000 148.20000000 304.90345294
v 438.90000000 148.20000000 304.97892994
v 444.60000000 148.20000000 305.02619138
v 450.30000000 148.20000000 305.09106552
v 456.00000000 148.20000000 305.16287146
v 461.70000000 148.20000000 305.19482059
v 467.40000000 148.20000000 305.17533004
v 473.10000000 148.20000000 305.25652909
v 478.80000000 148.20000000 305.27452752
v 484.50000000 148.20000000 305.32802137
v 490.20000000 148.20000000 305.23780178
v 495.90000000 148.20000000 305.27352940
v 501.60000000 148.20000000 305.26096730
v 507.30000000 148.20000000 305.25344833
v 513.00000000 148.20000000 305.26336424
v 518.70000000 148.20000000 305.19707815
v 524.40000000 148.20000000 305.19707815
v 530.10000000 148.20000000 305.12874075
v 535.80000000 148.20000000 305.08737342
v 541.50000000 148.20000000 305.05419824
v 547.20000000 148.20000000 305.03411106
v 552.90000000 148.20000000 304.96267567
v 558.60000000 148.20000000 304.90203475
v 564.30000000 148.20000000 304.90126258
v 570.00000000 148.20000000 304.82272470
v 575.70000000 148.20000000 304.85961674
v 581.40000000 148.20000000 304.85609540
v 587.10000000 148.20000000 304.77458905
v 592.80000000 148.20000000 304.82311264
v 598.50000000 148.20000000 304.71547750
v 604.20000000 148.20000000 304.78533087
v 609.90000000 148.20000000 304.73873365
v 615.60000000 148.20000000 304.72618209
v 621.30000000 148.20000000 304.75055878
v 627.00000000 148.20000000 304.69826403
v 632.70000000 148.20000000 304.77820402
v 638.40000000 148.20000000 304.77308638
v 644.10000000 148.20000000 304.85865295
v 649.80000000 148.20000000 304.82568911
v 655.50000000 148.20000000 304.97738352
v 661.20000000 148.20000000 305.00293228
v 666.90000000 148.20000000 305.07850078
v 672.60000000 148.20000000 305.15479176
v 678.30000000 148.20000000 305.23806874
v 684.00000000 148.20000000 305.29094979
v 689.70000000 148.20000000 305.38458868
v 695.40000000 148.20000000 305.54852953
v 701.10000000 148.20000000 305.54852953
v 706.80000000 148.20000000 305.54425363
v 712.50000000 148.20000000 305.60296314
v 718.20000000 148.20000000 305.78392368
v 723.90000000 148.20000000 305.84963437
v 729.60000000 148.20000000 305.99249193
v 735.30000000 148.20000000 306.10739070
v 741.00000000 148.20000000 306.18644292
v 746.70000000 148.20000000 306.24677267
v 752.40000000 148.20000000 306.32058484
v 758.10000000 148.20000000 306.40337323
v 763.80000000 148.20000000 306.51291604
v 769.50000000 148.20000000 306.53195745
v 775.20000000 148.20000000 306.53195745
v 780.90000000 148.20000000 306.63653648
v 786.60000000 148.20000000 306.75226138
v 792.30000000 148.20000000 306.71880373
v 798.00000000 148.20000000 306.79014855
v 0.00000000 153.90000000 302.72306741
v 5.70000000 153.90000000 302.73269676
v 11.40000000 153.90000000 302.71435718
v 17.10000000 153.90000000 302.72736975
v 22.80000000 153.90000000 302.73306496
v 28.50000000 153.90000000 302.74537380
v 34.20000000 153.90000000 302.70611067
v 39.90000000 153.90000000 303.51651885
v 45.60000000 153.90000000 299.79169873
v 51.30000000 153.90000000 302.80717404
v 57.00000000 153.90000000 302.72636749
v 62.70000000 153.90000000 302.68011164
v 68.40000000 153.90000000 302.70394707
v 74.10000000 153.90000000 302.70303117
v 79.80000000 153.90000000 302.71307733
v 85.50000000 153.90000000 302.71810632
v 91.20000000 153.90000000 302.70520161
v 96.90000000 153.90000000 302.69896382
v 102.60000000 153.90000000 302.71760684
v 108.30000000 153.90000000 302.65337750
v 114.00000000 153.90000000 302.71920058
v 119.70000000 153.90000000 302.73764001
v 125.40000000 153.90000000 302.71487311
v 131.10000000 153.90000000 302.71987731
v 136.80000000 153.90000000 303.51452150
v 142.50000000 153.90000000 302.72050829
v 148.20000000 153.90000000 302.75045617
v 153.90000000 153.90000000 302.71338016
v 159.60000000 153.90000000 302.69403115
v 165.30000000 153.90000000 302.68323808
v 171.00000000 153.90000000 302.73695010
v 176.70000000 153.90000000 302.70286006
v 182.40000000 153.90000000 302.68187922
v 188.10000000 153.90000000 302.73280915
v 193.80000000 153.90000000 302.70692715
v 199.50000000 153.90000000 302.67765883
v 205.20000000 153.90000000 302.75020405
v 210.90000000 153.90000000 302.69373204
v 216.60000000 153.90000000 302.67296156
v 222.30000000 153.90000000 302.70308799
v 228.00000000 153.90000000 302.68914424
v 233.70000000 153.90000000 302.68953802
v 239.40000000 153.90000000 302.74165273
v 245.10000000 153.90000000 302.71340020
v 250.80000000 153.90000000 302.69406170
v 256.50000000 153.90000000 302.68330250
v 262.20000000 153.90000000 298.73817269
v 267.90000000 153.90000000 302.70121206
v 273.60000000 153.90000000 302.73152644
v 279.30000000 153.90000000 302.72472790
v 285.00000000 153.90000000 302.72077275
v 290.70000000 153.90000000 302.66896262
v 296.40000000 153.90000000 302.73738348
v 302.10000000 153.90000000 302.69281556
v 307.80000000 153.90000000 302.69281556
v 313.50000000 153.90000000 300.96261443
v 319.20000000 153.90000000 302.71409753
v 324.90000000 153.90000000 302.71977182
v 330.60000000 153.90000000 302.68296358
v 336.30000000 153.90000000 302.70784070
v 342.00000000 153.90000000 302.70425985
v 347.70000000 153.90000000 302.73426527
v 353.40000000 153.90000000 302.68269318
v 359.10000000 153.90000000 302.81648015
v 364.80000000 153.90000000 302.98365805
v 370.50000000 153.90000000 302.70166356
v 376.20000000 153.90000000 303.43512313
v 381.90000000 153.90000000 303.59812276
v 387.60000000 153.90000000 303.84876105
v 393.30000000 153.90000000 303.92072724
v 399.00000000 153.90000000 304.07156110
v 404.70000000 153.90000000 304.22553257
v 410.40000000 153.90000000 304.42997228
v 416.10000000 153.90000000 302.72114733
v 421.80000000 153.90000000 304.63853708
v 427.50000000 153.90000000 304.78100717
v 433.20000000 153.90000000 304.85676757
v 438.90000000 153.90000000 304.91588299
v 444.60000000 153.90000000 305.04415338
v 450.30000000 153.90000000 305.07547682
v 456.00000000 153.90000000 305.18853239
v 461.70000000 153.90000000 305.21259092
v 467.40000000 153.90000000 302.70523733
v 473.10000000 153.90000000 305.27857966
v 478.80000000 153.90000000 305.28764202
v 484.50000000 153.90000000 305.30454082
v 490.20000000 153.90000000 305.26405415
v 495.90000000 153.90000000 305.28918483
v 501.60000000 153.90000000 305.25765594
v 507.30000000 153.90000000 305.26898272
v 513.00000000 153.90000000 305.23301877
v 518.70000000 153.90000000 305.20068928
v 524.40000000 153.90000000 305.19853555
v 530.10000000 153.90000000 305.16627073
v 535.80000000 153.90000000 305.10572703
v 541.50000000 153.90000000 305.11236066
v 547.20000000 153.90000000 305.07349368
v 552.90000000 153.90000000 304.98627108
v 558.60000000 153.90000000 304.98066084
v 564.30000000 153.90000000 304.91134188
v 570.00000000 153.90000000 304.92683505
v 575.70000000 153.90000000 304.85961674
v 581.40000000 153.90000000 304.85609540
v 587.10000000 153.90000000 304.78675128
v 592.80000000 153.90000000 304.71971499
v 598.50000000 153.90000000 304.75333512
v 604.20000000 153.90000000 304.81622708
v 609.90000000 153.90000000 304.76067320
v 615.60000000 153.90000000 304.72103710
v 621.30000000 153.90000000 303.52713942
v 627.00000000 153.90000000 304.79697893
v 632.70000000 153.90000000 304.76379494
v 638.40000000 153.90000000 304.77308638
v 644.10000000 153.90000000 304.89880182
v 649.80000000 153.90000000 304.91101188
v 655.50000000 153.90000000 304.95996921
v 661.20000000 153.90000000 305.06082978
v 666.90000000 153.90000000 305.06518964
v 672.60000000 153.90000000 305.06518964
v 678.30000000 153.90000000 305.10531837
v 684.00000000 153.90000000 305.10531837
v 689.70000000 153.90000000 305.38550632
v 695.40000000 153.90000000 305.46648931
v 701.10000000 153.90000000 305.49779145
v 706.80000000 153.90000000 305.63637201
v 712.50000000 153.90000000 305.75904760
v 718.20000000 153.90000000 305.76802699
v 723.90000000 153.90000000 305.79464278
v 729.60000000 153.90000000 306.09731280
v 735.30000000 153.90000000 306.10725432
v 741.00000000 153.90000000 306.18644292
v 746.70000000 153.90000000 306.26589800
v 752.40000000 153.90000000 306.36848771
v 758.10000000 153.90000000 306.38624598
v 763.80000000 153.90000000 306.41568177
v 769.50000000 153.90000000 306.59334410
v 775.20000000 153.90000000 306.62004473
v 780.90000000 153.90000000 306.59002612
v 786.60000000 153.90000000 306.70940384
v 792.30000000 153.90000000 306.77415546
v 798.00000000 153.90000000 306.77644558
v 0.00000000 159.60000000 300.90623074
v 5.70000000 159.60000000 302.71752390
v 11.40000000 159.60000000 300.60979494
v 17.10000000 159.60000000 300.48149837
v 22.80000000 159.60000000 302.72145160
v 28.50000000 159.60000000 302.72145160
v 34.20000000 159.60000000 302.71083328
v 39.90000000 159.60000000 302.71151351
v 45.60000000 159.60000000 299.69977810
v 51.30000000 159.60000000 299.55590460
v 57.00000000 159.60000000 302.74524496
v 62.70000000 159.60000000 299.15100192
v 68.40000000 159.60000000 302.68492055
v 74.10000000 159.60000000 302.75450963
v 79.80000000 159.60000000 302.73229733
v 85.50000000 159.60000000 302.68423890
v 91.20000000 159.60000000 302.69288831
v 96.90000000 159.60000000 302.75464275
v 102.60000000 159.60000000 298.15603903
v 108.30000000 159.60000000 302.71421268
v 114.00000000 159.60000000 298.01065520
v 119.70000000 159.60000000 302.72280479
v 125.40000000 159.60000000 302.74147345
v 131.10000000 159.60000000 302.75351393
v 136.80000000 159.60000000 302.75076721
v 142.50000000 159.60000000 302.67839780
v 148.20000000 159.60000000 302.63876360
v 153.90000000 159.60000000 302.73989373
v 159.60000000 159.60000000 302.65523120
v 165.30000000 159.60000000 302.76909756
v 171.00000000 159.60000000 302.71986340
v 176.70000000 159.60000000 302.72974598
v 182.40000000 159.60000000 302.67007031
v 188.10000000 159.60000000 302.70540882
v 193.80000000 159.60000000 302.69428959
v 199.50000000 159.60000000 302.73855441
v 205.20000000 159.60000000 302.73090284
v 210.90000000 159.60000000 302.68062125
v 216.60000000 159.60000000 297.65414231
v 222.30000000 159.60000000 302.72904064
v 228.00000000 159.60000000 302.72620526
v 233.70000000 159.60000000 298.02272255
v 239.40000000 159.60000000 302.72700627
v 245.10000000 159.60000000 302.74634224
v 250.80000000 159.60000000 302.73964915
v 256.50000000 159.60000000 302.72632639
v 262.20000000 159.60000000 302.67606126
v 267.90000000 159.60000000 302.68152394
v 273.60000000 159.60000000 302.74539209
v 279.30000000 159.60000000 302.69209593
v 285.00000000 159.60000000 302.73044841
v 290.70000000 159.60000000 299.94705344
v 296.40000000 159.60000000 302.70262964
v 302.10000000 159.60000000 302.72120312
v 307.80000000 159.60000000 302.73648005
v 313.50000000 159.60000000 302.73961205
v 319.20000000 159.60000000 301.11096854
v 324.90000000 159.60000000 302.68801159
v 330.60000000 159.60000000 301.56065198
v 336.30000000 159.60000000 302.71619971
v 342.00000000 159.60000000 302.72199101
v 347.70000000 159.60000000 302.74740713
v 353.40000000 159.60000000 302.70658852
v 359.10000000 159.60000000 302.79670605
v 364.80000000 159.60000000 303.04687871
v 370.50000000 159.60000000 303.22888945
v 376.20000000 159.60000000 303.29298838
v 381.90000000 159.60000000 303.58503299
v 387.60000000 159.60000000 303.73801024
v 393.30000000 159.60000000 303.99936521
v 399.00000000 159.60000000 304.15721665
v 404.70000000 159.60000000 304.27280185
v 410.40000000 159.60000000 304.37562998
v 416.10000000 159.60000000 304.58020751
v 421.80000000 159.60000000 304.65226713
v 427.50000000 159.60000000 304.74527132
v 433.20000000 159.60000000 304.92833188
v 438.90000000 159.60000000 305.01644790
v 444.60000000 159.60000000 305.05091251
v 450.30000000 159.60000000 305.10416420
v 456.00000000 159.60000000 305.14172529
v 461.70000000 159.60000000 305.25545747
v 467.40000000 159.60000000 305.21293372
v 473.10000000 159.60000000 302.68582122
v 478.80000000 159.60000000 305.30348691
v 484.50000000 159.60000000 305.30184260
v 490.20000000 159.60000000 305.27561374
v 495.90000000 159.60000000 305.27481046
v 501.60000000 159.60000000 305.28622009
v 507.30000000 159.60000000 305.25954738
v 513.00000000 159.60000000 305.22674315
v 518.70000000 159.60000000 305.20850979
v 524.40000000 159.60000000 305.17559455
v 530.10000000 159.60000000 305.16669963
v 535.80000000 159.60000000 305.14659016
v 541.50000000 159.60000000 305.08195774
v 547.20000000 159.60000000 305.01153335
v 552.90000000 159.60000000 305.05253068
v 558.60000000 159.60000000 305.00740114
v 564.30000000 159.60000000 302.73862741
v 570.00000000 159.60000000 304.86856834
v 575.70000000 159.60000000 304.83855284
v 581.40000000 159.60000000 304.78888583
v 587.10000000 159.60000000 304.78739864
v 592.80000000 159.60000000 304.73052286
v 598.50000000 159.60000000 304.78010592
v 604.20000000 159.60000000 304.70624478
v 609.90000000 159.60000000 304.76223457
v 615.60000000 159.60000000 304.74181907
v 621.30000000 159.60000000 304.78968736
v 627.00000000 159.60000000 304.84084279
v 632.70000000 159.60000000 304.78703258
v 638.40000000 159.60000000 304.78703258
v 644.10000000 159.60000000 304.89468615
v 649.80000000 159.60000000 304.91988117
v 655.50000000 159.60000000 305.02326163
v 661.20000000 159.60000000 305.04737747
v 666.90000000 159.60000000 305.10357937
v 672.60000000 159.60000000 302.79353516
v 678.30000000 159.60000000 305.22839996
v 684.00000000 159.60000000 305.26758032
v 689.70000000 159.60000000 302.75300269
v 695.40000000 159.60000000 305.44781292
v 701.10000000 159.60000000 302.76833234
v 706.80000000 159.60000000 305.64869105
v 712.50000000 159.60000000 305.72929362
v 718.20000000 159.60000000 305.82894438
v 723.90000000 159.60000000 305.88998025
v 729.60000000 159.60000000 305.99058421
v 735.30000000 159.60000000 306.13816488
v 741.00000000 159.60000000 306.17260539
v 746.70000000 159.60000000 306.26633742
v 752.40000000 159.60000000 306.27465540
v 758.10000000 159.60000000 306.49651731
v 763.80000000 159.60000000 306.55441384
v 769.50000000 159.60000000 306.57861721
v 775.20000000 159.60000000 306.68728792
v 780.90000000 159.60000000 306.73219290
v 786.60000000 159.60000000 306.76359833
v 792.30000000 159.60000000 302.71210627
v 798.00000000 159.60000000 306.86663322
v 0.00000000 165.30000000 300.88641436
v 5.70000000 165.30000000 300.72952376
v 11.40000000 165.30000000 300.66021087
v 17.10000000 165.30000000 300.47976960
v 22.80000000 165.30000000 300.37721216
v 28.50000000 165.30000000 300.19295867
v 34.20000000 165.30000000 300.12402441
v 39.90000000 165.30000000 299.77850665
v 45.60000000 165.30000000 299.72534990
v 51.30000000 165.30000000 299.60845874
v 57.00000000 165.30000000 299.44737773
v 62.70000000 165.30000000 299.33657235
v 68.40000000 165.30000000 299.15474226
v 74.10000000 165.30000000 298.92581236
v 79.80000000 165.30000000 308.85946240
v 85.50000000 165.30000000 310.65853018
v 91.20000000 165.30000000 303.51507481
v 96.90000000 165.30000000 298.33105040
v 102.60000000 165.30000000 298.26269687
v 108.30000000 165.30000000 298.11443367
v 114.00000000 165.30000000 297.97814250
v 119.70000000 165.30000000 297.91059281
v 125.40000000 165.30000000 297.68957512
v 131.10000000 165.30000000 297.69164598
v 136.80000000 165.30000000 297.52070641
v 142.50000000 165.30000000 297.43527100
v 148.20000000 165.30000000 297.43161902
v 153.90000000 165.30000000 297.33886637
v 159.60000000 165.30000000 297.32070074
v 165.30000000 165.30000000 297.26727348
v 171.00000000 165.30000000 297.26513434
v 176.70000000 165.30000000 297.23864524
v 182.40000000 165.30000000 297.28301457
v 188.10000000 165.30000000 297.33742152
v 193.80000000 165.30000000 297.34215837
v 199.50000000 165.30000000 297.42518993
v 205.20000000 165.30000000 297.46597900
v 210.90000000 165.30000000 302.68062125
v 216.60000000 165.30000000 297.65414231
v 222.30000000 165.30000000 297.76983060
v 228.00000000 165.30000000 297.91578457
v 233.70000000 165.30000000 298.02385705
v 239.40000000 165.30000000 298.15405842
v 245.10000000 165.30000000 298.32805256
v 250.80000000 165.30000000 298.56025631
v 256.50000000 165.30000000 298.67457057
v 262.20000000 165.30000000 298.67457057
v 267.90000000 165.30000000 299.07395288
v 273.60000000 165.30000000 299.31520408
v 279.30000000 165.30000000 299.53835827
v 285.00000000 165.30000000 302.72409003
v 290.70000000 165.30000000 299.98491393
v 296.40000000 165.30000000 300.25250913
v 302.10000000 165.30000000 302.75163804
v 307.80000000 165.30000000 302.72459928
v 313.50000000 165.30000000 302.70058106
v 319.20000000 165.30000000 301.18828130
v 324.90000000 165.30000000 302.64880667
v 330.60000000 165.30000000 302.70811288
v 336.30000000 165.30000000 302.71619971
v 342.00000000 165.30000000 302.06087934
v 347.70000000 165.30000000 302.69047340
v 353.40000000 165.30000000 302.53997963
v 359.10000000 165.30000000 302.71725827
v 364.80000000 165.30000000 302.98363335
v 370.50000000 165.30000000 303.25027318
v 376.20000000 165.30000000 303.44863510
v 381.90000000 165.30000000 303.58498783
v 387.60000000 165.30000000 302.71933418
v 393.30000000 165.30000000 303.96320937
v 399.00000000 165.30000000 304.19431367
v 404.70000000 165.30000000 302.70751767
v 410.40000000 165.30000000 304.41499419
v 416.10000000 165.30000000 304.54248609
v 421.80000000 165.30000000 304.63093213
v 427.50000000 165.30000000 304.72887026
v 433.20000000 165.30000000 304.80878643
v 438.90000000 165.30000000 304.93104414
v 444.60000000 165.30000000 305.05739185
v 450.30000000 165.30000000 305.13471745
v 456.00000000 165.30000000 305.14445970
v 461.70000000 165.30000000 305.20647739
v 467.40000000 165.30000000 305.24745414
v 473.10000000 165.30000000 305.23534362
v 478.80000000 165.30000000 305.27806530
v 484.50000000 165.30000000 305.29023056
v 490.20000000 165.30000000 305.29218348
v 495.90000000 165.30000000 305.29518603
v 501.60000000 165.30000000 305.30159508
v 507.30000000 165.30000000 305.26938721
v 513.00000000 165.30000000 305.22674315
v 518.70000000 165.30000000 305.18766261
v 524.40000000 165.30000000 305.19455163
v 530.10000000 165.30000000 305.16276312
v 535.80000000 165.30000000 305.12095472
v 541.50000000 165.30000000 305.07480264
v 547.20000000 165.30000000 305.03432719
v 552.90000000 165.30000000 304.98592087
v 558.60000000 165.30000000 304.91299531
v 564.30000000 165.30000000 304.96699796
v 570.00000000 165.30000000 304.88540495
v 575.70000000 165.30000000 304.81144479
v 581.40000000 165.30000000 304.84387029
v 587.10000000 165.30000000 304.80308430
v 592.80000000 165.30000000 304.80088480
v 598.50000000 165.30000000 304.80702138
v 604.20000000 165.30000000 304.74751375
v 609.90000000 165.30000000 304.75950443
v 615.60000000 165.30000000 304.77876049
v 621.30000000 165.30000000 304.75458673
v 627.00000000 165.30000000 304.79925430
v 632.70000000 165.30000000 304.85103270
v 638.40000000 165.30000000 304.86863139
v 644.10000000 165.30000000 304.88820702
v 649.80000000 165.30000000 304.89799014
v 655.50000000 165.30000000 303.52922727
v 661.20000000 165.30000000 305.03727921
v 666.90000000 165.30000000 305.06792894
v 672.60000000 165.30000000 305.20970886
v 678.30000000 165.30000000 305.20367536
v 684.00000000 165.30000000 305.23447459
v 689.70000000 165.30000000 305.38224429
v 695.40000000 165.30000000 305.46834712
v 701.10000000 165.30000000 305.53965882
v 706.80000000 165.30000000 305.64568042
v 712.50000000 165.30000000 305.80598813
v 718.20000000 165.30000000 305.84061516
v 723.90000000 165.30000000 305.93860697
v 729.60000000 165.30000000 305.92771962
v 735.30000000 165.30000000 306.07323469
v 741.00000000 165.30000000 306.22141997
v 746.70000000 165.30000000 306.26231816
v 752.40000000 165.30000000 306.38468556
v 758.10000000 165.30000000 306.43984175
v 763.80000000 165.30000000 306.56640059
v 769.50000000 165.30000000 306.61714520
v 775.20000000 165.30000000 306.67075405
v 780.90000000 165.30000000 306.72415630
v 786.60000000 165.30000000 306.71885341
v 792.30000000 165.30000000 306.79855664
v 798.00000000 165.30000000 306.85150911
v 0.00000000 171.00000000 300.88641436
v 5.70000000 171.00000000 300.79881391
v 11.40000000 171.00000000 300.65083770
v 17.10000000 171.00000000 300.52697798
v 22.80000000 171.00000000 300.46401847
v 28.50000000 171.00000000 300.25654521
v 34.20000000 171.00000000 300.10679505
v 39.90000000 171.00000000 299.91488312
v 45.60000000 171.00000000 299.72534990
v 51.30000000 171.00000000 299.64814829
v 57.00000000 171.00000000 299.50324969
v 62.70000000 171.00000000 299.36047870
v 68.40000000 171.00000000 299.36047870
v 74.10000000 171.00000000 298.95746011
v 79.80000000 171.00000000 298.79599398
v 85.50000000 171.00000000 298.61850728
v 91.20000000 171.00000000 298.60491542
v 96.90000000 171.00000000 298.38744085
v 102.60000000 171.00000000 298.27370161
v 108.30000000 171.00000000 298.08188470
v 114.00000000 171.00000000 298.00224070
v 119.70000000 171.00000000 297.82271381
v 125.40000000 171.00000000 297.68957512
v 131.10000000 171.00000000 297.60906397
v 136.80000000 171.00000000 297.54917849
v 142.50000000 171.00000000 297.48917295
v 148.20000000 171.00000000 297.40534241
v 153.90000000 171.00000000 297.32507995
v 159.60000000 171.00000000 297.29157846
v 165.30000000 171.00000000 297.26727348
v 171.00000000 171.00000000 297.26475985
v 176.70000000 171.00000000 297.23806649
v 182.40000000 171.00000000 297.24844382
v 188.10000000 171.00000000 297.37188787
v 193.80000000 171.00000000 297.33843680
v 199.50000000 171.00000000 297.33953813
v 205.20000000 171.00000000 297.44214840
v 210.90000000 171.00000000 297.56497226
v 216.60000000 171.00000000 297.57510382
v 222.30000000 171.00000000 297.77697057
v 228.00000000 171.00000000 297.83606809
v 233.70000000 171.00000000 298.03624302
v 239.40000000 171.00000000 298.09390578
v 245.10000000 171.00000000 298.33020005
v 250.80000000 171.00000000 298.57283604
v 256.50000000 171.00000000 298.68858079
v 262.20000000 171.00000000 298.93769938
v 267.90000000 171.00000000 299.07395288
v 273.60000000 171.00000000 299.31520408
v 279.30000000 171.00000000 299.55284168
v 285.00000000 171.00000000 299.69695995
v 290.70000000 171.00000000 300.04662196
v 296.40000000 171.00000000 300.28349638
v 302.10000000 171.00000000 300.51989770
v 307.80000000 171.00000000 300.67822389
v 313.50000000 171.00000000 300.92459114
v 319.20000000 171.00000000 301.22389018
v 324.90000000 171.00000000 301.45920756
v 330.60000000 171.00000000 301.76291387
v 336.30000000 171.00000000 301.92397188
v 342.00000000 171.00000000 302.16074731
v 347.70000000 171.00000000 302.24183667
v 353.40000000 171.00000000 302.58391623
v 359.10000000 171.00000000 302.80760180
v 364.80000000 171.00000000 303.01465995
v 370.50000000 171.00000000 303.25027318
v 376.20000000 171.00000000 310.29292666
v 381.90000000 171.00000000 303.59156600
v 387.60000000 171.00000000 303.82574814
v 393.30000000 171.00000000 303.97895011
v 399.00000000 171.00000000 304.14044057
v 404.70000000 171.00000000 304.29180130
v 410.40000000 171.00000000 304.42414289
v 416.10000000 171.00000000 304.55517441
v 421.80000000 171.00000000 304.59547499
v 427.50000000 171.00000000 304.82335851
v 433.20000000 171.00000000 304.86176819
v 438.90000000 171.00000000 304.98481410
v 444.60000000 171.00000000 305.07112091
v 450.30000000 171.00000000 305.05836968
v 456.00000000 171.00000000 305.16564106
v 461.70000000 171.00000000 305.20979331
v 467.40000000 171.00000000 305.25513723
v 473.10000000 171.00000000 305.24435242
v 478.80000000 171.00000000 305.27806530
v 484.50000000 171.00000000 305.27963988
v 490.20000000 171.00000000 305.27932828
v 495.90000000 171.00000000 305.27766451
v 501.60000000 171.00000000 305.25518681
v 507.30000000 171.00000000 305.25775262
v 513.00000000 171.00000000 305.20621678
v 518.70000000 171.00000000 305.21604933
v 524.40000000 171.00000000 305.17202190
v 530.10000000 171.00000000 305.20560892
v 535.80000000 171.00000000 305.11869014
v 541.50000000 171.00000000 305.04353259
v 547.20000000 171.00000000 305.07291666
v 552.90000000 171.00000000 304.94382539
v 558.60000000 171.00000000 304.98534043
v 564.30000000 171.00000000 304.89754905
v 570.00000000 171.00000000 304.84889435
v 575.70000000 171.00000000 304.82781261
v 581.40000000 171.00000000 304.85643231
v 587.10000000 171.00000000 304.80370319
v 592.80000000 171.00000000 304.79136350
v 598.50000000 171.00000000 304.72439618
v 604.20000000 171.00000000 304.75500990
v 609.90000000 171.00000000 304.73792398
v 615.60000000 171.00000000 304.72932524
v 621.30000000 171.00000000 304.74005074
v 627.00000000 171.00000000 304.80351588
v 632.70000000 171.00000000 304.81025109
v 638.40000000 171.00000000 304.81179324
v 644.10000000 171.00000000 304.82428823
v 649.80000000 171.00000000 304.96823427
v 655.50000000 171.00000000 304.95495479
v 661.20000000 171.00000000 304.98388165
v 666.90000000 171.00000000 305.07563303
v 672.60000000 171.00000000 302.69954778
v 678.30000000 171.00000000 302.69954778
v 684.00000000 171.00000000 305.36967141
v 689.70000000 171.00000000 305.43778357
v 695.40000000 171.00000000 302.71147631
v 701.10000000 171.00000000 305.50071754
v 706.80000000 171.00000000 305.62903966
v 712.50000000 171.00000000 305.79389925
v 718.20000000 171.00000000 305.77211860
v 723.90000000 171.00000000 305.94454975
v 729.60000000 171.00000000 306.00043520
v 735.30000000 171.00000000 306.06907710
v 741.00000000 171.00000000 306.15885553
v 746.70000000 171.00000000 306.30850437
v 752.40000000 171.00000000 306.40132119
v 758.10000000 171.00000000 306.45827037
v 763.80000000 171.00000000 306.51386766
v 769.50000000 171.00000000 306.60732136
v 775.20000000 171.00000000 306.64024638
v 780.90000000 171.00000000 306.69858500
v 786.60000000 171.00000000 306.76079854
v 792.30000000 171.00000000 306.75862157
v 798.00000000 171.00000000 306.81831239
v 0.00000000 176.70000000 300.91455125
v 5.70000000 176.70000000 300.76964113
v 11.40000000 176.70000000 300.65083770
v 17.10000000 176.70000000 300.57585000
v 22.80000000 176.70000000 300.44438159
v 28.50000000 176.70000000 300.25776659
v 34.20000000 176.70000000 300.07700182
v 39.90000000 176.70000000 299.93129606
v 45.60000000 176.70000000 299.82468605
v 51.30000000 176.70000000 299.61372366
v 57.00000000 176.70000000 299.52627495
v 62.70000000 176.70000000 299.33633714
v 68.40000000 176.70000000 299.33633714
v 74.10000000 176.70000000 299.00633145
v 79.80000000 176.70000000 298.71394086
v 85.50000000 176.70000000 298.72824253
v 91.20000000 176.70000000 298.57765073
v 96.90000000 176.70000000 298.42191203
v 102.60000000 176.70000000 298.42191203
v 108.30000000 176.70000000 298.12242357
v 114.00000000 176.70000000 297.98778358
v 119.70000000 176.70000000 297.90939230
v 125.40000000 176.70000000 297.77255808
v 131.10000000 176.70000000 297.70700955
v 136.80000000 176.70000000 297.58123801
v 142.50000000 176.70000000 297.53754839
v 148.20000000 176.70000000 297.36096339
v 153.90000000 176.70000000 297.40224023
v 159.60000000 176.70000000 297.30698884
v 165.30000000 176.70000000 297.32905415
v 171.00000000 176.70000000 297.24961240
v 176.70000000 176.70000000 297.27365105
v 182.40000000 176.70000000 297.29303351
v 188.10000000 176.70000000 297.37188787
v 193.80000000 176.70000000 297.35257736
v 199.50000000 176.70000000 297.43182487
v 205.20000000 176.70000000 297.49767526
v 210.90000000 176.70000000 297.55377544
v 216.60000000 176.70000000 297.64876905
v 222.30000000 176.70000000 297.78230723
v 228.00000000 176.70000000 310.95939598
v 233.70000000 176.70000000 298.03624302
v 239.40000000 176.70000000 298.22257717
v 245.10000000 176.70000000 298.35866356
v 250.80000000 176.70000000 298.55978425
v 256.50000000 176.70000000 298.76838677
v 262.20000000 176.70000000 298.90369974
v 267.90000000 176.70000000 299.13431083
v 273.60000000 176.70000000 299.35255860
v 279.30000000 176.70000000 299.35255860
v 285.00000000 176.70000000 299.78820352
v 290.70000000 176.70000000 299.93135885
v 296.40000000 176.70000000 300.18319149
v 302.10000000 176.70000000 300.50703001
v 307.80000000 176.70000000 300.61384100
v 313.50000000 176.70000000 300.76168712
v 319.20000000 176.70000000 301.07667652
v 324.90000000 176.70000000 301.48419722
v 330.60000000 176.70000000 301.73600889
v 336.30000000 176.70000000 301.90058907
v 342.00000000 176.70000000 302.18941436
v 347.70000000 176.70000000 302.29884137
v 353.40000000 176.70000000 302.57253572
v 359.10000000 176.70000000 302.81179528
v 364.80000000 176.70000000 310.29367539
v 370.50000000 176.70000000 310.31407078
v 376.20000000 176.70000000 303.40363648
v 381.90000000 176.70000000 310.34467314
v 387.60000000 176.70000000 310.24574307
v 393.30000000 176.70000000 303.94565815
v 399.00000000 176.70000000 304.09480582
v 404.70000000 176.70000000 304.27353112
v 410.40000000 176.70000000 304.37087737
v 416.10000000 176.70000000 304.54341191
v 421.80000000 176.70000000 304.58405150
v 427.50000000 176.70000000 304.77637206
v 433.20000000 176.70000000 304.87531042
v 438.90000000 176.70000000 304.92786596
v 444.60000000 176.70000000 305.03689826
v 450.30000000 176.70000000 305.10552245
v 456.00000000 176.70000000 305.14909678
v 461.70000000 176.70000000 305.23233702
v 467.40000000 176.70000000 305.19214603
v 473.10000000 176.70000000 305.22824304
v 478.80000000 176.70000000 305.27585407
v 484.50000000 176.70000000 305.31905553
v 490.20000000 176.70000000 305.31905553
v 495.90000000 176.70000000 305.30290796
v 501.60000000 176.70000000 305.29859625
v 507.30000000 176.70000000 305.26848384
v 513.00000000 176.70000000 305.20369134
v 518.70000000 176.70000000 305.15636239
v 524.40000000 176.70000000 305.15636239
v 530.10000000 176.70000000 305.11811342
v 535.80000000 176.70000000 305.16838463
v 541.50000000 176.70000000 305.03688094
v 547.20000000 176.70000000 305.03742589
v 552.90000000 176.70000000 304.94382539
v 558.60000000 176.70000000 304.89901020
v 564.30000000 176.70000000 304.88913182
v 570.00000000 176.70000000 304.84889435
v 575.70000000 176.70000000 304.87490068
v 581.40000000 176.70000000 304.80071312
v 587.10000000 176.70000000 304.77487331
v 592.80000000 176.70000000 304.78006117
v 598.50000000 176.70000000 304.70179609
v 604.20000000 176.70000000 304.74373914
v 609.90000000 176.70000000 304.72366177
v 615.60000000 176.70000000 304.74426712
v 621.30000000 176.70000000 304.75814984
v 627.00000000 176.70000000 304.79033785
v 632.70000000 176.70000000 304.80990511
v 638.40000000 176.70000000 304.80990511
v 644.10000000 176.70000000 304.82428823
v 649.80000000 176.70000000 304.93128533
v 655.50000000 176.70000000 304.93588380
v 661.20000000 176.70000000 305.01905805
v 666.90000000 176.70000000 305.06189751
v 672.60000000 176.70000000 305.14247677
v 678.30000000 176.70000000 305.22098394
v 684.00000000 176.70000000 305.22098394
v 689.70000000 176.70000000 305.37770007
v 695.40000000 176.70000000 305.46272963
v 701.10000000 176.70000000 305.52244038
v 706.80000000 176.70000000 305.64788943
v 712.50000000 176.70000000 305.75121429
v 718.20000000 176.70000000 305.83673908
v 723.90000000 176.70000000 305.96345924
v 729.60000000 176.70000000 306.07574618
v 735.30000000 176.70000000 306.16084089
v 741.00000000 176.70000000 306.16084089
v 746.70000000 176.70000000 306.27008844
v 752.40000000 176.70000000 306.38298594
v 758.10000000 176.70000000 306.37484085
v 763.80000000 176.70000000 306.48651267
v 769.50000000 176.70000000 306.58310002
v 775.20000000 176.70000000 306.69285642
v 780.90000000 176.70000000 306.68243845
v 786.60000000 176.70000000 306.73054893
v 792.30000000 176.70000000 306.77383305
v 798.00000000 176.70000000 306.77383305
v 0.00000000 182.40000000 300.88599358
v 5.70000000 182.40000000 300.85337874
v 11.40000000 182.40000000 300.60917821
v 17.10000000 182.40000000 300.55938388
v 22.80000000 182.40000000 300.35588529
v 28.50000000 182.40000000 300.34635419
v 34.20000000 182.40000000 300.12246451
v 39.90000000 182.40000000 299.93769653
v 45.60000000 182.40000000 299.85241804
v 51.30000000 182.40000000 299.64617551
v 57.00000000 182.40000000 299.52438163
v 62.70000000 182.40000000 299.31377316
v 68.40000000 182.40000000 299.18666348
v 74.10000000 182.40000000 299.02361789
v 79.80000000 182.40000000 298.87655481
v 85.50000000 182.40000000 298.70940506
v 91.20000000 182.40000000 298.61392131
v 96.90000000 182.40000000 298.46572615
v 102.60000000 182.40000000 298.19838783
v 108.30000000 182.40000000 298.14946019
v 114.00000000 182.40000000 298.08290800
v 119.70000000 182.40000000 297.86553291
v 125.40000000 182.40000000 297.79926933
v 131.10000000 182.40000000 297.72215069
v 136.80000000 182.40000000 297.58667102
v 142.50000000 182.40000000 297.49457033
v 148.20000000 182.40000000 297.44570235
v 153.90000000 182.40000000 297.40194471
v 159.60000000 182.40000000 297.35793010
v 165.30000000 182.40000000 297.33697860
v 171.00000000 182.40000000 297.24961240
v 176.70000000 182.40000000 297.34787047
v 182.40000000 182.40000000 297.36296083
v 188.10000000 182.40000000 297.37188787
v 193.80000000 182.40000000 297.38321630
v 199.50000000 182.40000000 297.41335478
v 205.20000000 182.40000000 297.55179898
v 210.90000000 182.40000000 297.64152073
v 216.60000000 182.40000000 297.66057561
v 222.30000000 182.40000000 297.85515661
v 228.00000000 182.40000000 312.19692042
v 233.70000000 182.40000000 298.10712590
v 239.40000000 182.40000000 298.23458227
v 245.10000000 182.40000000 298.35866356
v 250.80000000 182.40000000 298.55204715
v 256.50000000 182.40000000 298.70668728
v 262.20000000 182.40000000 298.93423302
v 267.90000000 182.40000000 299.10328429
v 273.60000000 182.40000000 299.31525438
v 279.30000000 182.40000000 299.59451582
v 285.00000000 182.40000000 299.80215616
v 290.70000000 182.40000000 299.94046262
v 296.40000000 182.40000000 300.22555646
v 302.10000000 182.40000000 305.93678569
v 307.80000000 182.40000000 305.93678569
v 313.50000000 182.40000000 300.90016513
v 319.20000000 182.40000000 301.18533325
v 324.90000000 182.40000000 301.48975034
v 330.60000000 182.40000000 301.66504847
v 336.30000000 182.40000000 301.96400175
v 342.00000000 182.40000000 302.08685051
v 347.70000000 182.40000000 302.33813917
v 353.40000000 182.40000000 302.59925179
v 359.10000000 182.40000000 302.78710722
v 364.80000000 182.40000000 310.26804208
v 370.50000000 182.40000000 310.29581497
v 376.20000000 182.40000000 310.28371506
v 381.90000000 182.40000000 310.30555070
v 387.60000000 182.40000000 310.24743293
v 393.30000000 182.40000000 304.00590669
v 399.00000000 182.40000000 304.06539922
v 404.70000000 182.40000000 304.29610416
v 410.40000000 182.40000000 304.44900238
v 416.10000000 182.40000000 304.53836259
v 421.80000000 182.40000000 304.66192079
v 427.50000000 182.40000000 304.77637206
v 433.20000000 182.40000000 304.82618145
v 438.90000000 182.40000000 304.96556178
v 444.60000000 182.40000000 305.07284646
v 450.30000000 182.40000000 305.09419685
v 456.00000000 182.40000000 305.14087983
v 461.70000000 182.40000000 305.19519480
v 467.40000000 182.40000000 305.21171485
v 473.10000000 182.40000000 305.22161451
v 478.80000000 182.40000000 305.27869815
v 484.50000000 182.40000000 305.22151736
v 490.20000000 182.40000000 305.27723555
v 495.90000000 182.40000000 305.23839738
v 501.60000000 182.40000000 305.29859625
v 507.30000000 182.40000000 305.28201787
v 513.00000000 182.40000000 305.23026430
v 518.70000000 182.40000000 305.20151151
v 524.40000000 182.40000000 305.13221863
v 530.10000000 182.40000000 305.06940898
v 535.80000000 182.40000000 305.09373046
v 541.50000000 182.40000000 305.00405560
v 547.20000000 182.40000000 305.00401237
v 552.90000000 182.40000000 304.96309349
v 558.60000000 182.40000000 304.89901020
v 564.30000000 182.40000000 304.91975830
v 570.00000000 182.40000000 304.83221849
v 575.70000000 182.40000000 304.84857052
v 581.40000000 182.40000000 304.80071312
v 587.10000000 182.40000000 304.70996513
v 592.80000000 182.40000000 304.75404323
v 598.50000000 182.40000000 304.78144439
v 604.20000000 182.40000000 304.70395245
v 609.90000000 182.40000000 304.72862896
v 615.60000000 182.40000000 304.72406474
v 621.30000000 182.40000000 304.73326398
v 627.00000000 182.40000000 304.69559666
v 632.70000000 182.40000000 304.81491883
v 638.40000000 182.40000000 304.84844199
v 644.10000000 182.40000000 304.88226359
v 649.80000000 182.40000000 304.89831214
v 655.50000000 182.40000000 304.87578446
v 661.20000000 182.40000000 304.91866644
v 666.90000000 182.40000000 304.98482693
v 672.60000000 182.40000000 305.14844056
v 678.30000000 182.40000000 305.22098394
v 684.00000000 182.40000000 305.23967656
v 689.70000000 182.40000000 305.37770007
v 695.40000000 182.40000000 305.46888423
v 701.10000000 182.40000000 305.52244038
v 706.80000000 182.40000000 305.68819359
v 712.50000000 182.40000000 305.68282299
v 718.20000000 182.40000000 305.78053670
v 723.90000000 182.40000000 305.96345924
v 729.60000000 182.40000000 305.99851462
v 735.30000000 182.40000000 306.09814208
v 741.00000000 182.40000000 306.16084089
v 746.70000000 182.40000000 306.27975330
v 752.40000000 182.40000000 306.34921936
v 758.10000000 182.40000000 306.46243876
v 763.80000000 182.40000000 306.52987507
v 769.50000000 182.40000000 306.50244595
v 775.20000000 182.40000000 306.63974904
v 780.90000000 182.40000000 306.65063562
v 786.60000000 182.40000000 306.78052541
v 792.30000000 182.40000000 306.78162021
v 798.00000000 182.40000000 306.78162021
v 0.00000000 188.10000000 300.94800481
v 5.70000000 188.10000000 300.73927076
v 11.40000000 188.10000000 300.67335121
v 17.10000000 188.10000000 300.61659319
v 22.80000000 188.10000000 300.35588529
v 28.50000000 188.10000000 300.29863887
v 34.20000000 188.10000000 300.12750776
v 39.90000000 188.10000000 299.97875737
v 45.60000000 188.10000000 299.80498587
v 51.30000000 188.10000000 299.60298364
v 57.00000000 188.10000000 299.49216376
v 62.70000000 188.10000000 299.46449666
v 68.40000000 188.10000000 299.16186327
v 74.10000000 188.10000000 298.98377720
v 79.80000000 188.10000000 298.91443364
v 85.50000000 188.10000000 298.77957279
v 91.20000000 188.10000000 298.62392786
v 96.90000000 188.10000000 298.42225587
v 102.60000000 188.10000000 298.28977174
v 108.30000000 188.10000000 298.16188288
v 114.00000000 188.10000000 298.06047058
v 119.70000000 188.10000000 297.92002011
v 125.40000000 188.10000000 297.88639860
v 131.10000000 188.10000000 297.79246706
v 136.80000000 188.10000000 297.64365128
v 142.50000000 188.10000000 297.64365128
v 148.20000000 188.10000000 297.54239993
v 153.90000000 188.10000000 297.40059823
v 159.60000000 188.10000000 297.39282948
v 165.30000000 188.10000000 297.31231658
v 171.00000000 188.10000000 297.32479449
v 176.70000000 188.10000000 297.35294610
v 182.40000000 188.10000000 297.40146951
v 188.10000000 188.10000000 297.32346053
v 193.80000000 188.10000000 297.42159106
v 199.50000000 188.10000000 297.48738045
v 205.20000000 188.10000000 297.54919156
v 210.90000000 188.10000000 297.57758452
v 216.60000000 188.10000000 297.82236624
v 222.30000000 188.10000000 297.82236624
v 228.00000000 188.10000000 297.91697518
v 233.70000000 188.10000000 298.14591947
v 239.40000000 188.10000000 298.30599279
v 245.10000000 188.10000000 298.42513569
v 250.80000000 188.10000000 298.58133233
v 256.50000000 188.10000000 298.81781933
v 262.20000000 188.10000000 298.93846729
v 267.90000000 188.10000000 299.18393945
v 273.60000000 188.10000000 299.27090760
v 279.30000000 188.10000000 299.60908518
v 285.00000000 188.10000000 299.79703787
v 290.70000000 188.10000000 300.03404075
v 296.40000000 188.10000000 300.30986031
v 302.10000000 188.10000000 307.76744218
v 307.80000000 188.10000000 308.74432594
v 313.50000000 188.10000000 300.82244580
v 319.20000000 188.10000000 301.27984631
v 324.90000000 188.10000000 301.48407840
v 330.60000000 188.10000000 301.66761516
v 336.30000000 188.10000000 301.92808359
v 342.00000000 188.10000000 302.21374931
v 347.70000000 188.10000000 302.38125997
v 353.40000000 188.10000000 302.54870123
v 359.10000000 188.10000000 302.86025684
v 364.80000000 188.10000000 310.29947040
v 370.50000000 188.10000000 310.32414472
v 376.20000000 188.10000000 310.32430096
v 381.90000000 188.10000000 310.31890440
v 387.60000000 188.10000000 310.27200496
v 393.30000000 188.10000000 303.90300507
v 399.00000000 188.10000000 304.10903884
v 404.70000000 188.10000000 304.30194743
v 410.40000000 188.10000000 304.34265105
v 416.10000000 188.10000000 304.58498155
v 421.80000000 188.10000000 304.66192079
v 427.50000000 188.10000000 304.77637206
v 433.20000000 188.10000000 304.89535390
v 438.90000000 188.10000000 304.92953757
v 444.60000000 188.10000000 305.02190379
v 450.30000000 188.10000000 305.09353306
v 456.00000000 188.10000000 305.14356859
v 461.70000000 188.10000000 305.18441669
v 467.40000000 188.10000000 305.23592319
v 473.10000000 188.10000000 305.24153995
v 478.80000000 188.10000000 305.25250171
v 484.50000000 188.10000000 305.24898017
v 490.20000000 188.10000000 305.22064216
v 495.90000000 188.10000000 305.22309767
v 501.60000000 188.10000000 305.23004619
v 507.30000000 188.10000000 305.16313446
v 513.00000000 188.10000000 305.12917503
v 518.70000000 188.10000000 305.16173408
v 524.40000000 188.10000000 305.14723883
v 530.10000000 188.10000000 305.12967791
v 535.80000000 188.10000000 305.05601895
v 541.50000000 188.10000000 305.04419859
v 547.20000000 188.10000000 305.01898325
v 552.90000000 188.10000000 304.94686077
v 558.60000000 188.10000000 304.92327180
v 564.30000000 188.10000000 304.85672163
v 570.00000000 188.10000000 304.83479025
v 575.70000000 188.10000000 304.76205494
v 581.40000000 188.10000000 304.74439324
v 587.10000000 188.10000000 304.79186520
v 592.80000000 188.10000000 304.70202532
v 598.50000000 188.10000000 304.75228207
v 604.20000000 188.10000000 304.70395245
v 609.90000000 188.10000000 304.72862896
v 615.60000000 188.10000000 304.73550760
v 621.30000000 188.10000000 304.74494607
v 627.00000000 188.10000000 304.69559666
v 632.70000000 188.10000000 304.77165883
v 638.40000000 188.10000000 304.78118548
v 644.10000000 188.10000000 304.79104717
v 649.80000000 188.10000000 304.89831214
v 655.50000000 188.10000000 304.94434699
v 661.20000000 188.10000000 304.99246233
v 666.90000000 188.10000000 305.07551116
v 672.60000000 188.10000000 305.11537053
v 678.30000000 188.10000000 305.15285681
v 684.00000000 188.10000000 305.27602046
v 689.70000000 188.10000000 305.30669732
v 695.40000000 188.10000000 305.36285639
v 701.10000000 188.10000000 305.55231712
v 706.80000000 188.10000000 305.58181286
v 712.50000000 188.10000000 305.70338518
v 718.20000000 188.10000000 305.84873937
v 723.90000000 188.10000000 305.88588899
v 729.60000000 188.10000000 305.88439301
v 735.30000000 188.10000000 306.00756084
v 741.00000000 188.10000000 306.22615912
v 746.70000000 188.10000000 306.30895096
v 752.40000000 188.10000000 306.27565051
v 758.10000000 188.10000000 306.45444364
v 763.80000000 188.10000000 306.56655625
v 769.50000000 188.10000000 306.56094554
v 775.20000000 188.10000000 306.63854283
v 780.90000000 188.10000000 306.67469656
v 786.60000000 188.10000000 306.75278879
v 792.30000000 188.10000000 306.78162021
v 798.00000000 188.10000000 306.73921354
v 0.00000000 193.80000000 300.94800481
v 5.70000000 193.80000000 300.86547780
v 11.40000000 193.80000000 300.86547780
v 17.10000000 193.80000000 300.63540802
v 22.80000000 193.80000000 300.38897607
v 28.50000000 193.80000000 300.29754107
v 34.20000000 193.80000000 300.19283331
v 39.90000000 193.80000000 299.99198971
v 45.60000000 193.80000000 299.87257138
v 51.30000000 193.80000000 299.78032260
v 57.00000000 193.80000000 299.48043795
v 62.70000000 193.80000000 299.49151124
v 68.40000000 193.80000000 299.31503429
v 74.10000000 193.80000000 299.10275688
v 79.80000000 193.80000000 298.97309060
v 85.50000000 193.80000000 298.74020150
v 91.20000000 193.80000000 298.65287319
v 96.90000000 193.80000000 298.53196186
v 102.60000000 193.80000000 298.31441443
v 108.30000000 193.80000000 298.12478591
v 114.00000000 193.80000000 298.12478591
v 119.70000000 193.80000000 297.96779141
v 125.40000000 193.80000000 297.92535450
v 131.10000000 193.80000000 297.72782115
v 136.80000000 193.80000000 297.64120673
v 142.50000000 193.80000000 297.56859416
v 148.20000000 193.80000000 297.48632711
v 153.90000000 193.80000000 297.45162581
v 159.60000000 193.80000000 297.39344078
v 165.30000000 193.80000000 297.37906403
v 171.00000000 193.80000000 297.35808816
v 176.70000000 193.80000000 297.37022657
v 182.40000000 193.80000000 297.38395198
v 188.10000000 193.80000000 297.39655035
v 193.80000000 193.80000000 297.46623822
v 199.50000000 193.80000000 297.46623822
v 205.20000000 193.80000000 297.52245724
v 210.90000000 193.80000000 297.64282685
v 216.60000000 193.80000000 297.71244180
v 222.30000000 193.80000000 297.95197923
v 228.00000000 193.80000000 298.02533718
v 233.70000000 193.80000000 298.16992720
v 239.40000000 193.80000000 298.13165906
v 245.10000000 193.80000000 298.47555511
v 250.80000000 193.80000000 298.64948938
v 256.50000000 193.80000000 298.65829318
v 262.20000000 193.80000000 299.03588371
v 267.90000000 193.80000000 299.03588371
v 273.60000000 193.80000000 299.35983334
v 279.30000000 193.80000000 299.60404163
v 285.00000000 193.80000000 299.88684601
v 290.70000000 193.80000000 300.11886516
v 296.40000000 193.80000000 300.31729714
v 302.10000000 193.80000000 300.78994972
v 307.80000000 193.80000000 300.78994972
v 313.50000000 193.80000000 300.86536499
v 319.20000000 193.80000000 301.26921745
v 324.90000000 193.80000000 301.49456902
v 330.60000000 193.80000000 301.68981186
v 336.30000000 193.80000000 302.00057102
v 342.00000000 193.80000000 302.12483373
v 347.70000000 193.80000000 302.42396629
v 353.40000000 193.80000000 302.64511773
v 359.10000000 193.80000000 302.77058390
v 364.80000000 193.80000000 310.28117892
v 370.50000000 193.80000000 310.30274945
v 376.20000000 193.80000000 310.35691893
v 381.90000000 193.80000000 310.31186403
v 387.60000000 193.80000000 310.30072193
v 393.30000000 193.80000000 303.94128279
v 399.00000000 193.80000000 304.06270389
v 404.70000000 193.80000000 304.25533838
v 410.40000000 193.80000000 304.47006532
v 416.10000000 193.80000000 304.53187200
v 421.80000000 193.80000000 304.70810438
v 427.50000000 193.80000000 304.78094549
v 433.20000000 193.80000000 304.85341666
v 438.90000000 193.80000000 304.91406036
v 444.60000000 193.80000000 305.02329348
v 450.30000000 193.80000000 305.05150399
v 456.00000000 193.80000000 305.12137436
v 461.70000000 193.80000000 305.14927207
v 467.40000000 193.80000000 305.21071596
v 473.10000000 193.80000000 305.21589302
v 478.80000000 193.80000000 305.22359447
v 484.50000000 193.80000000 305.27426045
v 490.20000000 193.80000000 305.27528171
v 495.90000000 193.80000000 305.17011173
v 501.60000000 193.80000000 305.22421313
v 507.30000000 193.80000000 305.18328332
v 513.00000000 193.80000000 305.14612595
v 518.70000000 193.80000000 305.16172072
v 524.40000000 193.80000000 305.14027177
v 530.10000000 193.80000000 305.00418516
v 535.80000000 193.80000000 305.06944320
v 541.50000000 193.80000000 305.04933184
v 547.20000000 193.80000000 304.97466237
v 552.90000000 193.80000000 304.89021563
v 558.60000000 193.80000000 304.84743808
v 564.30000000 193.80000000 304.84743808
v 570.00000000 193.80000000 304.84132922
v 575.70000000 193.80000000 304.79592481
v 581.40000000 193.80000000 304.74256091
v 587.10000000 193.80000000 304.70729168
v 592.80000000 193.80000000 304.59283493
v 598.50000000 193.80000000 304.65558217
v 604.20000000 193.80000000 304.69915822
v 609.90000000 193.80000000 304.67845729
v 615.60000000 193.80000000 304.73550760
v 621.30000000 193.80000000 304.71495899
v 627.00000000 193.80000000 304.73952478
v 632.70000000 193.80000000 304.73952478
v 638.40000000 193.80000000 304.82422951
v 644.10000000 193.80000000 304.83076886
v 649.80000000 193.80000000 304.84177236
v 655.50000000 193.80000000 304.89552366
v 661.20000000 193.80000000 305.02775796
v 666.90000000 193.80000000 305.00596287
v 672.60000000 193.80000000 305.08480030
v 678.30000000 193.80000000 305.15285681
v 684.00000000 193.80000000 305.26426627
v 689.70000000 193.80000000 305.36467823
v 695.40000000 193.80000000 305.42244030
v 701.10000000 193.80000000 305.53597877
v 706.80000000 193.80000000 305.61584742
v 712.50000000 193.80000000 305.66056617
v 718.20000000 193.80000000 305.70811323
v 723.90000000 193.80000000 305.92119577
v 729.60000000 193.80000000 305.94983345
v 735.30000000 193.80000000 305.98705673
v 741.00000000 193.80000000 306.22615912
v 746.70000000 193.80000000 306.21269314
v 752.40000000 193.80000000 306.27004198
v 758.10000000 193.80000000 306.39177224
v 763.80000000 193.80000000 306.47301094
v 769.50000000 193.80000000 306.54650410
v 775.20000000 193.80000000 306.58359737
v 780.90000000 193.80000000 306.64310368
v 786.60000000 193.80000000 306.64093586
v 792.30000000 193.80000000 306.68063737
v 798.00000000 193.80000000 306.70571084
v 0.00000000 199.50000000 301.03090025
v 5.70000000 199.50000000 300.94574355
v 11.40000000 199.50000000 300.73623988
v 17.10000000 199.50000000 300.60385844
v 22.80000000 199.50000000 300.42904353
v 28.50000000 199.50000000 300.33149393
v 34.20000000 199.50000000 300.23226093
v 39.90000000 199.50000000 300.06304896
v 45.60000000 199.50000000 299.92718457
v 51.30000000 199.50000000 299.78032260
v 57.00000000 199.50000000 299.63187633
v 62.70000000 199.50000000 299.40995889
v 68.40000000 199.50000000 299.15730057
v 74.10000000 199.50000000 299.15730057
v 79.80000000 199.50000000 298.97947112
v 85.50000000 199.50000000 298.75763659
v 91.20000000 199.50000000 298.64777610
v 96.90000000 199.50000000 298.49957935
v 102.60000000 199.50000000 298.38278321
v 108.30000000 199.50000000 298.27997425
v 114.00000000 199.50000000 298.14683828
v 119.70000000 199.50000000 298.08408506
v 125.40000000 199.50000000 297.90767010
v 131.10000000 199.50000000 297.78888998
v 136.80000000 199.50000000 297.70433862
v 142.50000000 199.50000000 297.69900671
v 148.20000000 199.50000000 297.58564502
v 153.90000000 199.50000000 297.52723463
v 159.60000000 199.50000000 297.43993646
v 165.30000000 199.50000000 297.43137045
v 171.00000000 199.50000000 297.42099283
v 176.70000000 199.50000000 297.46824743
v 182.40000000 199.50000000 297.41690277
v 188.10000000 199.50000000 297.44683998
v 193.80000000 199.50000000 297.44683998
v 199.50000000 199.50000000 297.52044038
v 205.20000000 199.50000000 297.65691682
v 210.90000000 199.50000000 297.72154944
v 216.60000000 199.50000000 297.69262132
v 222.30000000 199.50000000 297.86722031
v 228.00000000 199.50000000 297.98204011
v 233.70000000 199.50000000 298.13989830
v 239.40000000 199.50000000 298.22380191
v 245.10000000 199.50000000 298.51107453
v 250.80000000 199.50000000 298.60774174
v 256.50000000 199.50000000 298.77975230
v 262.20000000 199.50000000 299.02731841
v 267.90000000 199.50000000 299.25893516
v 273.60000000 199.50000000 299.41863840
v 279.30000000 199.50000000 299.64631628
v 285.00000000 199.50000000 299.78930886
v 290.70000000 199.50000000 300.11886516
v 296.40000000 199.50000000 300.31729714
v 302.10000000 199.50000000 300.57363811
v 307.80000000 199.50000000 300.79404570
v 313.50000000 199.50000000 300.98907598
v 319.20000000 199.50000000 301.19080036
v 324.90000000 199.50000000 301.46212839
v 330.60000000 199.50000000 301.69215629
v 336.30000000 199.50000000 302.00050027
v 342.00000000 199.50000000 302.21034737
v 347.70000000 199.50000000 302.43241685
v 353.40000000 199.50000000 302.70424580
v 359.10000000 199.50000000 302.94188991
v 364.80000000 199.50000000 310.30679582
v 370.50000000 199.50000000 310.31562944
v 376.20000000 199.50000000 310.28163525
v 381.90000000 199.50000000 310.28449946
v 387.60000000 199.50000000 310.33088744
v 393.30000000 199.50000000 304.01397292
v 399.00000000 199.50000000 302.70892070
v 404.70000000 199.50000000 304.36318981
v 410.40000000 199.50000000 304.36318981
v 416.10000000 199.50000000 304.46641397
v 421.80000000 199.50000000 304.56773207
v 427.50000000 199.50000000 304.78094549
v 433.20000000 199.50000000 304.85341666
v 438.90000000 199.50000000 304.90213591
v 444.60000000 199.50000000 304.98593328
v 450.30000000 199.50000000 305.07960547
v 456.00000000 199.50000000 305.07525411
v 461.70000000 199.50000000 305.14175160
v 467.40000000 199.50000000 305.19118045
v 473.10000000 199.50000000 305.19118045
v 478.80000000 199.50000000 305.24038443
v 484.50000000 199.50000000 305.23504565
v 490.20000000 199.50000000 305.24926453
v 495.90000000 199.50000000 305.22757434
v 501.60000000 199.50000000 305.20139708
v 507.30000000 199.50000000 305.17464370
v 513.00000000 199.50000000 305.14197119
v 518.70000000 199.50000000 305.17755034
v 524.40000000 199.50000000 305.07775544
v 530.10000000 199.50000000 305.07814482
v 535.80000000 199.50000000 305.00111664
v 541.50000000 199.50000000 304.98319469
v 547.20000000 199.50000000 318.80372395
v 552.90000000 199.50000000 324.65702221
v 558.60000000 199.50000000 324.64221071
v 564.30000000 199.50000000 324.61636613
v 570.00000000 199.50000000 324.60130586
v 575.70000000 199.50000000 324.55101861
v 581.40000000 199.50000000 304.72620902
v 587.10000000 199.50000000 304.67602070
v 592.80000000 199.50000000 304.64988297
v 598.50000000 199.50000000 304.66961677
v 604.20000000 199.50000000 304.62765404
v 609.90000000 199.50000000 304.63013015
v 615.60000000 199.50000000 304.65083627
v 621.30000000 199.50000000 304.66073061
v 627.00000000 199.50000000 304.65831092
v 632.70000000 199.50000000 304.68635211
v 638.40000000 199.50000000 304.69569599
v 644.10000000 199.50000000 304.76112065
v 649.80000000 199.50000000 304.83845997
v 655.50000000 199.50000000 304.85720101
v 661.20000000 199.50000000 304.90224563
v 666.90000000 199.50000000 304.99926107
v 672.60000000 199.50000000 304.94682593
v 678.30000000 199.50000000 305.22862922
v 684.00000000 199.50000000 305.22862922
v 689.70000000 199.50000000 305.22862922
v 695.40000000 199.50000000 305.33371504
v 701.10000000 199.50000000 305.48071906
v 706.80000000 199.50000000 305.50094193
v 712.50000000 199.50000000 305.64568425
v 718.20000000 199.50000000 305.76638628
v 723.90000000 199.50000000 305.81911242
v 729.60000000 199.50000000 305.91477187
v 735.30000000 199.50000000 306.01418943
v 741.00000000 199.50000000 306.12487120
v 746.70000000 199.50000000 306.19135233
v 752.40000000 199.50000000 306.30405666
v 758.10000000 199.50000000 306.35581350
v 763.80000000 199.50000000 306.43918108
v 769.50000000 199.50000000 306.54650410
v 775.20000000 199.50000000 306.56732577
v 780.90000000 199.50000000 306.62343343
v 786.60000000 199.50000000 306.69715337
v 792.30000000 199.50000000 306.76521486
v 798.00000000 199.50000000 306.66986655
v 0.00000000 205.20000000 301.09828913
v 5.70000000 205.20000000 300.95801246
v 11.40000000 205.20000000 300.85888160
v 17.10000000 205.20000000 300.69525035
v 22.80000000 205.20000000 300.40328845
v 28.50000000 205.20000000 300.40328845
v 34.20000000 205.20000000 300.26867310
v 39.90000000 205.20000000 300.10365193
v 45.60000000 205.20000000 299.92718457
v 51.30000000 205.20000000 299.84085596
v 57.00000000 205.20000000 299.62552049
v 62.70000000 205.20000000 299.38754180
v 68.40000000 205.20000000 299.34677228
v 74.10000000 205.20000000 299.10363584
v 79.80000000 205.20000000 298.97947112
v 85.50000000 205.20000000 298.75763659
v 91.20000000 205.20000000 298.73668404
v 96.90000000 205.20000000 298.59092917
v 102.60000000 205.20000000 298.42212101
v 108.30000000 205.20000000 298.27997425
v 114.00000000 205.20000000 298.14683828
v 119.70000000 205.20000000 298.00375768
v 125.40000000 205.20000000 297.90970471
v 131.10000000 205.20000000 297.86711630
v 136.80000000 205.20000000 297.83280545
v 142.50000000 205.20000000 297.69191972
v 148.20000000 205.20000000 297.58564502
v 153.90000000 205.20000000 297.56593568
v 159.60000000 205.20000000 297.49907304
v 165.30000000 205.20000000 297.44446099
v 171.00000000 205.20000000 297.42099283
v 176.70000000 205.20000000 297.46824743
v 182.40000000 205.20000000 297.46376456
v 188.10000000 205.20000000 297.49030571
v 193.80000000 205.20000000 297.56249766
v 199.50000000 205.20000000 297.59786859
v 205.20000000 205.20000000 297.64592233
v 210.90000000 205.20000000 297.73620089
v 216.60000000 205.20000000 297.82291522
v 222.30000000 205.20000000 297.95001909
v 228.00000000 205.20000000 297.99007667
v 233.70000000 205.20000000 298.22177335
v 239.40000000 205.20000000 298.36031625
v 245.10000000 205.20000000 298.36040502
v 250.80000000 205.20000000 298.68903466
v 256.50000000 205.20000000 298.82474492
v 262.20000000 205.20000000 299.10796434
v 267.90000000 205.20000000 299.19664296
v 273.60000000 205.20000000 299.49089701
v 279.30000000 205.20000000 299.65285196
v 285.00000000 205.20000000 299.90881075
v 290.70000000 205.20000000 300.09304465
v 296.40000000 205.20000000 300.32962946
v 302.10000000 205.20000000 300.51682199
v 307.80000000 205.20000000 300.83721526
v 313.50000000 205.20000000 300.92382583
v 319.20000000 205.20000000 301.18156318
v 324.90000000 205.20000000 301.38241408
v 330.60000000 205.20000000 301.83215506
v 336.30000000 205.20000000 301.96999484
v 342.00000000 205.20000000 301.96999484
v 347.70000000 205.20000000 302.35600478
v 353.40000000 205.20000000 302.70424580
v 359.10000000 205.20000000 302.88885473
v 364.80000000 205.20000000 310.28250583
v 370.50000000 205.20000000 310.31191544
v 376.20000000 205.20000000 310.30497256
v 381.90000000 205.20000000 310.32927723
v 387.60000000 205.20000000 310.24063962
v 393.30000000 205.20000000 303.91972898
v 399.00000000 205.20000000 304.14780333
v 404.70000000 205.20000000 304.17562609
v 410.40000000 205.20000000 304.39790897
v 416.10000000 205.20000000 304.55395932
v 421.80000000 205.20000000 304.59729152
v 427.50000000 205.20000000 304.76651442
v 433.20000000 205.20000000 304.76017240
v 438.90000000 205.20000000 304.93741942
v 444.60000000 205.20000000 304.99693644
v 450.30000000 205.20000000 305.05169576
v 456.00000000 205.20000000 305.10470546
v 461.70000000 205.20000000 305.11690870
v 467.40000000 205.20000000 305.16592980
v 473.10000000 205.20000000 305.19140985
v 478.80000000 205.20000000 305.21229694
v 484.50000000 205.20000000 305.20775129
v 490.20000000 205.20000000 305.21147145
v 495.90000000 205.20000000 305.22285835
v 501.60000000 205.20000000 305.16022560
v 507.30000000 205.20000000 305.13901917
v 513.00000000 205.20000000 305.15821970
v 518.70000000 205.20000000 305.11133210
v 524.40000000 205.20000000 305.08554950
v 530.10000000 205.20000000 304.97307627
v 535.80000000 205.20000000 304.99639815
v 541.50000000 205.20000000 304.91576284
v 547.20000000 205.20000000 320.34143740
v 552.90000000 205.20000000 324.62466395
v 558.60000000 205.20000000 324.58895965
v 564.30000000 205.20000000 324.64044350
v 570.00000000 205.20000000 324.62105316
v 575.70000000 205.20000000 324.60545629
v 581.40000000 205.20000000 304.69482487
v 587.10000000 205.20000000 304.65669697
v 592.80000000 205.20000000 304.59425692
v 598.50000000 205.20000000 304.62823555
v 604.20000000 205.20000000 304.62638869
v 609.90000000 205.20000000 304.59314421
v 615.60000000 205.20000000 304.63796178
v 621.30000000 205.20000000 304.63826685
v 627.00000000 205.20000000 304.65489945
v 632.70000000 205.20000000 304.65540836
v 638.40000000 205.20000000 304.69109199
v 644.10000000 205.20000000 304.74706518
v 649.80000000 205.20000000 304.80735838
v 655.50000000 205.20000000 304.83834822
v 661.20000000 205.20000000 304.90812592
v 666.90000000 205.20000000 304.96395599
v 672.60000000 205.20000000 304.99854572
v 678.30000000 205.20000000 304.99854572
v 684.00000000 205.20000000 305.21853999
v 689.70000000 205.20000000 343.45132448
v 695.40000000 205.20000000 343.77027941
v 701.10000000 205.20000000 343.72372241
v 706.80000000 205.20000000 343.76719397
v 712.50000000 205.20000000 327.23063905
v 718.20000000 205.20000000 305.76638628
v 723.90000000 205.20000000 305.77540118
v 729.60000000 205.20000000 305.91477187
v 735.30000000 205.20000000 305.95754136
v 741.00000000 205.20000000 306.08918203
v 746.70000000 205.20000000 306.18392514
v 752.40000000 205.20000000 306.27524823
v 758.10000000 205.20000000 306.28784292
v 763.80000000 205.20000000 306.44586259
v 769.50000000 205.20000000 306.44694691
v 775.20000000 205.20000000 306.49867005
v 780.90000000 205.20000000 306.54380926
v 786.60000000 205.20000000 306.63384842
v 792.30000000 205.20000000 306.61803720
v 798.00000000 205.20000000 306.66986655
v 0.00000000 210.90000000 301.04821376
v 5.70000000 210.90000000 300.87220672
v 11.40000000 210.90000000 300.87220672
v 17.10000000 210.90000000 300.69247103
v 22.80000000 210.90000000 300.58890185
v 28.50000000 210.90000000 300.45391038
v 34.20000000 210.90000000 300.34428349
v 39.90000000 210.90000000 300.18130934
v 45.60000000 210.90000000 299.89035829
v 51.30000000 210.90000000 299.85603162
v 57.00000000 210.90000000 299.66663505
v 62.70000000 210.90000000 299.43183908
v 68.40000000 210.90000000 299.37450618
v 74.10000000 210.90000000 299.37450618
v 79.80000000 210.90000000 299.13948100
v 85.50000000 210.90000000 298.88167124
v 91.20000000 210.90000000 298.87394568
v 96.90000000 210.90000000 298.68633107
v 102.60000000 210.90000000 298.47814423
v 108.30000000 210.90000000 298.32106447
v 114.00000000 210.90000000 298.25951968
v 119.70000000 210.90000000 298.03157213
v 125.40000000 210.90000000 298.05795827
v 131.10000000 210.90000000 297.84341093
v 136.80000000 210.90000000 297.76880545
v 142.50000000 210.90000000 297.70869624
v 148.20000000 210.90000000 297.64643365
v 153.90000000 210.90000000 297.65140893
v 159.60000000 210.90000000 297.56187879
v 165.30000000 210.90000000 297.56187879
v 171.00000000 210.90000000 297.54837766
v 176.70000000 210.90000000 297.53799495
v 182.40000000 210.90000000 297.49619989
v 188.10000000 210.90000000 297.57456865
v 193.80000000 210.90000000 297.60771250
v 199.50000000 210.90000000 297.62699923
v 205.20000000 210.90000000 297.68618975
v 210.90000000 210.90000000 297.83814462
v 216.60000000 210.90000000 297.90081096
v 222.30000000 210.90000000 297.90194344
v 228.00000000 210.90000000 298.17125437
v 233.70000000 210.90000000 298.39654142
v 239.40000000 210.90000000 298.39654142
v 245.10000000 210.90000000 298.55015049
v 250.80000000 210.90000000 298.60389971
v 256.50000000 210.90000000 298.83952626
v 262.20000000 210.90000000 299.10115160
v 267.90000000 210.90000000 299.34943399
v 273.60000000 210.90000000 299.55474355
v 279.30000000 210.90000000 299.63049198
v 285.00000000 210.90000000 299.83967565
v 290.70000000 210.90000000 300.13410676
v 296.40000000 210.90000000 300.44478540
v 302.10000000 210.90000000 300.63945958
v 307.80000000 210.90000000 300.70518394
v 313.50000000 210.90000000 300.70518394
v 319.20000000 210.90000000 301.26777076
v 324.90000000 210.90000000 301.57064274
v 330.60000000 210.90000000 301.79132877
v 336.30000000 210.90000000 302.02013001
v 342.00000000 210.90000000 302.22839358
v 347.70000000 210.90000000 302.33465514
v 353.40000000 210.90000000 302.65788699
v 359.10000000 210.90000000 302.83310474
v 364.80000000 210.90000000 303.06440223
v 370.50000000 210.90000000 303.24670613
v 376.20000000 210.90000000 303.50862912
v 381.90000000 210.90000000 303.63977275
v 387.60000000 210.90000000 303.84882483
v 393.30000000 210.90000000 303.98766268
v 399.00000000 210.90000000 304.13500796
v 404.70000000 210.90000000 302.71846269
v 410.40000000 210.90000000 304.44759138
v 416.10000000 210.90000000 304.57895354
v 421.80000000 210.90000000 304.57895354
v 427.50000000 210.90000000 304.73419731
v 433.20000000 210.90000000 304.84344530
v 438.90000000 210.90000000 304.88863005
v 444.60000000 210.90000000 305.03303004
v 450.30000000 210.90000000 305.08017451
v 456.00000000 210.90000000 305.06143798
v 461.70000000 210.90000000 305.14970303
v 467.40000000 210.90000000 305.13833631
v 473.10000000 210.90000000 305.15175751
v 478.80000000 210.90000000 305.21130499
v 484.50000000 210.90000000 305.14118963
v 490.20000000 210.90000000 305.20069346
v 495.90000000 210.90000000 305.21510109
v 501.60000000 210.90000000 305.11794531
v 507.30000000 210.90000000 305.04279177
v 513.00000000 210.90000000 305.04279177
v 518.70000000 210.90000000 305.02638185
v 524.40000000 210.90000000 305.02665276
v 530.10000000 210.90000000 304.91785438
v 535.80000000 210.90000000 304.94834246
v 541.50000000 210.90000000 304.93588116
v 547.20000000 210.90000000 322.39103030
v 552.90000000 210.90000000 324.64445521
v 558.60000000 210.90000000 324.61435294
v 564.30000000 210.90000000 324.62852948
v 570.00000000 210.90000000 324.64055324
v 575.70000000 210.90000000 324.63221892
v 581.40000000 210.90000000 304.62992266
v 587.10000000 210.90000000 304.60359891
v 592.80000000 210.90000000 304.59841757
v 598.50000000 210.90000000 304.56715231
v 604.20000000 210.90000000 304.58138881
v 609.90000000 210.90000000 304.57058956
v 615.60000000 210.90000000 304.60249018
v 621.30000000 210.90000000 304.61383514
v 627.00000000 210.90000000 304.57547755
v 632.70000000 210.90000000 304.61959700
v 638.40000000 210.90000000 304.67335904
v 644.10000000 210.90000000 304.75154662
v 649.80000000 210.90000000 304.75154662
v 655.50000000 210.90000000 304.82451304
v 661.20000000 210.90000000 304.82485367
v 666.90000000 210.90000000 304.88948268
v 672.60000000 210.90000000 304.96736497
v 678.30000000 210.90000000 305.04294222
v 684.00000000 210.90000000 305.13705447
v 689.70000000 210.90000000 343.76159120
v 695.40000000 210.90000000 343.72667764
v 701.10000000 210.90000000 343.68295183
v 706.80000000 210.90000000 343.72432664
v 712.50000000 210.90000000 343.73200281
v 718.20000000 210.90000000 305.63654664
v 723.90000000 210.90000000 305.73571102
v 729.60000000 210.90000000 305.84116503
v 735.30000000 210.90000000 305.93602879
v 741.00000000 210.90000000 306.04575672
v 746.70000000 210.90000000 306.17729155
v 752.40000000 210.90000000 306.17729155
v 758.10000000 210.90000000 306.30661553
v 763.80000000 210.90000000 306.31298906
v 769.50000000 210.90000000 306.39262481
v 775.20000000 210.90000000 306.48669065
v 780.90000000 210.90000000 306.55822022
v 786.60000000 210.90000000 306.61820643
v 792.30000000 210.90000000 306.69518162
v 798.00000000 210.90000000 306.64730177
v 0.00000000 216.60000000 301.09843667
v 5.70000000 216.60000000 300.98295201
v 11.40000000 216.60000000 300.94641153
v 17.10000000 216.60000000 300.82416753
v 22.80000000 216.60000000 300.69930333
v 28.50000000 216.60000000 300.51742238
v 34.20000000 216.60000000 300.31085183
v 39.90000000 216.60000000 300.22518080
v 45.60000000 216.60000000 300.01080222
v 51.30000000 216.60000000 299.93500411
v 57.00000000 216.60000000 299.73285873
v 62.70000000 216.60000000 299.61724769
v 68.40000000 216.60000000 309.06555312
v 74.10000000 216.60000000 299.22993787
v 79.80000000 216.60000000 299.10296115
v 85.50000000 216.60000000 298.95559962
v 91.20000000 216.60000000 298.84031148
v 96.90000000 216.60000000 298.65611586
v 102.60000000 216.60000000 298.51150908
v 108.30000000 216.60000000 298.43722475
v 114.00000000 216.60000000 298.33032708
v 119.70000000 216.60000000 298.16000115
v 125.40000000 216.60000000 298.05795827
v 131.10000000 216.60000000 297.94528459
v 136.80000000 216.60000000 297.76880545
v 142.50000000 216.60000000 297.79498550
v 148.20000000 216.60000000 297.64289592
v 153.90000000 216.60000000 297.61905912
v 159.60000000 216.60000000 297.63332199
v 165.30000000 216.60000000 297.56520608
v 171.00000000 216.60000000 297.55932086
v 176.70000000 216.60000000 297.51379515
v 182.40000000 216.60000000 297.51379515
v 188.10000000 216.60000000 297.60782773
v 193.80000000 216.60000000 297.60434669
v 199.50000000 216.60000000 297.65309717
v 205.20000000 216.60000000 297.68618975
v 210.90000000 216.60000000 297.77344553
v 216.60000000 216.60000000 297.95165375
v 222.30000000 216.60000000 297.93730210
v 228.00000000 216.60000000 298.17695670
v 233.70000000 216.60000000 298.24877681
v 239.40000000 216.60000000 298.41786108
v 245.10000000 216.60000000 298.48228948
v 250.80000000 216.60000000 298.83808080
v 256.50000000 216.60000000 298.97576773
v 262.20000000 216.60000000 299.11452858
v 267.90000000 216.60000000 299.31337871
v 273.60000000 216.60000000 299.57069793
v 279.30000000 216.60000000 299.68644922
v 285.00000000 216.60000000 299.99912850
v 290.70000000 216.60000000 300.23110248
v 296.40000000 216.60000000 300.32900728
v 302.10000000 216.60000000 300.58309227
v 307.80000000 216.60000000 300.80076820
v 313.50000000 216.60000000 301.08950830
v 319.20000000 216.60000000 301.30496630
v 324.90000000 216.60000000 301.58715078
v 330.60000000 216.60000000 301.78785259
v 336.30000000 216.60000000 302.02013001
v 342.00000000 216.60000000 302.28007506
v 347.70000000 216.60000000 302.45405960
v 353.40000000 216.60000000 302.60745623
v 359.10000000 216.60000000 302.96841554
v 364.80000000 216.60000000 303.05391941
v 370.50000000 216.60000000 303.23763658
v 376.20000000 216.60000000 303.50862912
v 381.90000000 216.60000000 303.68348446
v 387.60000000 216.60000000 303.81601118
v 393.30000000 216.60000000 303.97024676
v 399.00000000 216.60000000 304.13260076
v 404.70000000 216.60000000 304.31941030
v 410.40000000 216.60000000 304.41513131
v 416.10000000 216.60000000 304.57284757
v 421.80000000 216.60000000 304.64742798
v 427.50000000 216.60000000 304.74141939
v 433.20000000 216.60000000 304.80404065
v 438.90000000 216.60000000 304.93882691
v 444.60000000 216.60000000 316.15633800
v 450.30000000 216.60000000 316.14938546
v 456.00000000 216.60000000 316.13513328
v 461.70000000 216.60000000 316.13496069
v 467.40000000 216.60000000 316.08858138
v 473.10000000 216.60000000 314.23114818
v 478.80000000 216.60000000 305.17085078
v 484.50000000 216.60000000 305.14351222
v 490.20000000 216.60000000 305.14500726
v 495.90000000 216.60000000 305.11233044
v 501.60000000 216.60000000 305.10509025
v 507.30000000 216.60000000 305.10915320
v 513.00000000 216.60000000 305.08221353
v 518.70000000 216.60000000 305.07256655
v 524.40000000 216.60000000 305.01770225
v 530.10000000 216.60000000 304.96796058
v 535.80000000 216.60000000 304.92147137
v 541.50000000 216.60000000 304.86762439
v 547.20000000 216.60000000 323.32064456
v 552.90000000 216.60000000 324.63757540
v 558.60000000 216.60000000 324.65225650
v 564.30000000 216.60000000 324.61250451
v 570.00000000 216.60000000 324.61323672
v 575.70000000 216.60000000 324.59815803
v 581.40000000 216.60000000 304.58598475
v 587.10000000 216.60000000 304.55103323
v 592.80000000 216.60000000 304.52303796
v 598.50000000 216.60000000 304.52029119
v 604.20000000 216.60000000 304.49766660
v 609.90000000 216.60000000 304.56154020
v 615.60000000 216.60000000 304.53354124
v 621.30000000 216.60000000 304.51956795
v 627.00000000 216.60000000 304.58045762
v 632.70000000 216.60000000 304.56479681
v 638.40000000 216.60000000 304.60269771
v 644.10000000 216.60000000 304.65984868
v 649.80000000 216.60000000 304.61169426
v 655.50000000 216.60000000 304.77973436
v 661.20000000 216.60000000 304.77417285
v 666.90000000 216.60000000 304.78897785
v 672.60000000 216.60000000 304.90677825
v 678.30000000 216.60000000 304.98395370
v 684.00000000 216.60000000 305.11616854
v 689.70000000 216.60000000 342.37694607
v 695.40000000 216.60000000 343.74218340
v 701.10000000 216.60000000 343.72756413
v 706.80000000 216.60000000 343.75424184
v 712.50000000 216.60000000 343.76500880
v 718.20000000 216.60000000 305.64797368
v 723.90000000 216.60000000 305.70382776
v 729.60000000 216.60000000 305.72997036
v 735.30000000 216.60000000 305.89072813
v 741.00000000 216.60000000 306.03136257
v 746.70000000 216.60000000 306.14811276
v 752.40000000 216.60000000 306.22531541
v 758.10000000 216.60000000 306.30160687
v 763.80000000 216.60000000 306.36032468
v 769.50000000 216.60000000 306.33345202
v 775.20000000 216.60000000 306.45663023
v 780.90000000 216.60000000 306.60436576
v 786.60000000 216.60000000 306.54346767
v 792.30000000 216.60000000 306.60652087
v 798.00000000 216.60000000 306.59156837
v 0.00000000 222.30000000 301.16600576
v 5.70000000 222.30000000 301.06829044
v 11.40000000 222.30000000 300.98991437
v 17.10000000 222.30000000 300.85664505
v 22.80000000 222.30000000 300.76952205
v 28.50000000 222.30000000 300.54734420
v 34.20000000 222.30000000 300.32388973
v 39.90000000 222.30000000 300.39483084
v 45.60000000 222.30000000 300.21865021
v 51.30000000 222.30000000 299.90362537
v 57.00000000 222.30000000 299.69761704
v 62.70000000 222.30000000 299.67866083
v 68.40000000 222.30000000 299.51300960
v 74.10000000 222.30000000 299.36672157
v 79.80000000 222.30000000 299.30913835
v 85.50000000 222.30000000 298.97215529
v 91.20000000 222.30000000 298.93430684
v 96.90000000 222.30000000 298.71130865
v 102.60000000 222.30000000 298.63922498
v 108.30000000 222.30000000 298.48612220
v 114.00000000 222.30000000 298.38584977
v 119.70000000 222.30000000 298.24307533
v 125.40000000 222.30000000 298.14278595
v 131.10000000 222.30000000 298.02805692
v 136.80000000 222.30000000 297.90170310
v 142.50000000 222.30000000 297.81999837
v 148.20000000 222.30000000 297.75854793
v 153.90000000 222.30000000 297.66011156
v 159.60000000 222.30000000 297.69779576
v 165.30000000 222.30000000 297.66305669
v 171.00000000 222.30000000 297.64255247
v 176.70000000 222.30000000 297.65232256
v 182.40000000 222.30000000 297.62148579
v 188.10000000 222.30000000 297.63121259
v 193.80000000 222.30000000 297.70484518
v 199.50000000 222.30000000 297.76923424
v 205.20000000 222.30000000 297.81043127
v 210.90000000 222.30000000 297.84104702
v 216.60000000 222.30000000 297.91445883
v 222.30000000 222.30000000 298.08102285
v 228.00000000 222.30000000 298.10556578
v 233.70000000 222.30000000 298.27651387
v 239.40000000 222.30000000 298.54979542
v 245.10000000 222.30000000 298.63539333
v 250.80000000 222.30000000 298.77962532
v 256.50000000 222.30000000 298.92981550
v 262.20000000 222.30000000 299.14432231
v 267.90000000 222.30000000 299.41404738
v 273.60000000 222.30000000 299.55368421
v 279.30000000 222.30000000 299.83349262
v 285.00000000 222.30000000 300.03364644
v 290.70000000 222.30000000 300.17906056
v 296.40000000 222.30000000 300.34894314
v 302.10000000 222.30000000 300.68432106
v 307.80000000 222.30000000 300.94880974
v 313.50000000 222.30000000 301.16980082
v 319.20000000 222.30000000 301.40111410
v 324.90000000 222.30000000 301.40529374
v 330.60000000 222.30000000 301.65474168
v 336.30000000 222.30000000 301.94915460
v 342.00000000 222.30000000 302.33532050
v 347.70000000 222.30000000 302.53114347
v 353.40000000 222.30000000 302.64660681
v 359.10000000 222.30000000 302.93797689
v 364.80000000 222.30000000 303.05372209
v 370.50000000 222.30000000 303.35331569
v 376.20000000 222.30000000 303.54554810
v 381.90000000 222.30000000 303.66704628
v 387.60000000 222.30000000 303.78608120
v 393.30000000 222.30000000 303.91537928
v 399.00000000 222.30000000 304.10725382
v 404.70000000 222.30000000 304.27644107
v 410.40000000 222.30000000 304.31318552
v 416.10000000 222.30000000 304.50629908
v 421.80000000 222.30000000 304.70104828
v 427.50000000 222.30000000 304.74195860
v 433.20000000 222.30000000 304.79012041
v 438.90000000 222.30000000 304.93202718
v 444.60000000 222.30000000 316.12956022
v 450.30000000 222.30000000 316.10749344
v 456.00000000 222.30000000 316.17143021
v 461.70000000 222.30000000 316.13138346
v 467.40000000 222.30000000 316.09409091
v 473.10000000 222.30000000 316.14360870
v 478.80000000 222.30000000 305.13022499
v 484.50000000 222.30000000 305.12917975
v 490.20000000 222.30000000 305.12207453
v 495.90000000 222.30000000 305.10511774
v 501.60000000 222.30000000 305.05553991
v 507.30000000 222.30000000 305.04573718
v 513.00000000 222.30000000 305.04839660
v 518.70000000 222.30000000 304.97983225
v 524.40000000 222.30000000 304.92369289
v 530.10000000 222.30000000 304.93629845
v 535.80000000 222.30000000 304.89265906
v 541.50000000 222.30000000 304.84806777
v 547.20000000 222.30000000 324.67971032
v 552.90000000 222.30000000 324.64885777
v 558.60000000 222.30000000 324.64612836
v 564.30000000 222.30000000 324.58530381
v 570.00000000 222.30000000 324.60500188
v 575.70000000 222.30000000 304.58913627
v 581.40000000 222.30000000 304.60033162
v 587.10000000 222.30000000 304.45727800
v 592.80000000 222.30000000 304.50437186
v 598.50000000 222.30000000 304.45851188
v 604.20000000 222.30000000 304.48656938
v 609.90000000 222.30000000 304.41890905
v 615.60000000 222.30000000 304.53479910
v 621.30000000 222.30000000 304.48199074
v 627.00000000 222.30000000 304.50395110
v 632.70000000 222.30000000 304.53710182
v 638.40000000 222.30000000 304.55619789
v 644.10000000 222.30000000 304.55765997
v 649.80000000 222.30000000 304.64445914
v 655.50000000 222.30000000 304.77973436
v 661.20000000 222.30000000 304.79710074
v 666.90000000 222.30000000 304.79935686
v 672.60000000 222.30000000 304.95927859
v 678.30000000 222.30000000 304.86243941
v 684.00000000 222.30000000 305.04753689
v 689.70000000 222.30000000 343.75621558
v 695.40000000 222.30000000 343.76156152
v 701.10000000 222.30000000 343.71343817
v 706.80000000 222.30000000 343.71995097
v 712.50000000 222.30000000 343.78654145
v 718.20000000 222.30000000 305.58207901
v 723.90000000 222.30000000 305.70171267
v 729.60000000 222.30000000 305.85107976
v 735.30000000 222.30000000 305.86450770
v 741.00000000 222.30000000 306.01032675
v 746.70000000 222.30000000 306.04531934
v 752.40000000 222.30000000 306.17171765
v 758.10000000 222.30000000 306.17314339
v 763.80000000 222.30000000 306.29582973
v 769.50000000 222.30000000 306.32405606
v 775.20000000 222.30000000 306.42224286
v 780.90000000 222.30000000 306.45571013
v 786.60000000 222.30000000 306.50684610
v 792.30000000 222.30000000 306.52332979
v 798.00000000 222.30000000 306.58297622
v 0.00000000 228.00000000 301.20900915
v 5.70000000 228.00000000 301.08395758
v 11.40000000 228.00000000 301.04121385
v 17.10000000 228.00000000 300.81668166
v 22.80000000 228.00000000 300.76205242
v 28.50000000 228.00000000 300.65354021
v 34.20000000 228.00000000 300.50089167
v 39.90000000 228.00000000 300.37052575
v 45.60000000 228.00000000 300.13774088
v 51.30000000 228.00000000 300.02450648
v 57.00000000 228.00000000 299.82189448
v 62.70000000 228.00000000 299.72085003
v 68.40000000 228.00000000 299.53434649
v 74.10000000 228.00000000 299.46578949
v 79.80000000 228.00000000 299.32701262
v 85.50000000 228.00000000 299.09537446
v 91.20000000 228.00000000 298.93809433
v 96.90000000 228.00000000 298.72055545
v 102.60000000 228.00000000 298.65710563
v 108.30000000 228.00000000 298.48826720
v 114.00000000 228.00000000 298.40208656
v 119.70000000 228.00000000 298.19633000
v 125.40000000 228.00000000 298.19334961
v 131.10000000 228.00000000 298.09434560
v 136.80000000 228.00000000 297.92233877
v 142.50000000 228.00000000 297.92233877
v 148.20000000 228.00000000 297.81611247
v 153.90000000 228.00000000 297.75527617
v 159.60000000 228.00000000 297.72568153
v 165.30000000 228.00000000 297.74864936
v 171.00000000 228.00000000 297.62345403
v 176.70000000 228.00000000 297.71539152
v 182.40000000 228.00000000 297.69007590
v 188.10000000 228.00000000 297.71359967
v 193.80000000 228.00000000 297.75158931
v 199.50000000 228.00000000 297.76923424
v 205.20000000 228.00000000 297.84212539
v 210.90000000 228.00000000 297.96533688
v 216.60000000 228.00000000 298.09418880
v 222.30000000 228.00000000 298.20918427
v 228.00000000 228.00000000 298.24810215
v 233.70000000 228.00000000 298.31096143
v 239.40000000 228.00000000 298.55582997
v 245.10000000 228.00000000 298.76201702
v 250.80000000 228.00000000 298.93360794
v 256.50000000 228.00000000 299.10301079
v 262.20000000 228.00000000 299.16130402
v 267.90000000 228.00000000 299.40965872
v 273.60000000 228.00000000 299.60487583
v 279.30000000 228.00000000 299.60487583
v 285.00000000 228.00000000 300.03364644
v 290.70000000 228.00000000 300.09466755
v 296.40000000 228.00000000 300.48975513
v 302.10000000 228.00000000 300.68432106
v 307.80000000 228.00000000 300.94074547
v 313.50000000 228.00000000 301.17679066
v 319.20000000 228.00000000 301.30584417
v 324.90000000 228.00000000 301.66902302
v 330.60000000 228.00000000 301.76953656
v 336.30000000 228.00000000 302.13652137
v 342.00000000 228.00000000 302.21888209
v 347.70000000 228.00000000 302.48003289
v 353.40000000 228.00000000 302.69762588
v 359.10000000 228.00000000 302.92383046
v 364.80000000 228.00000000 303.17370888
v 370.50000000 228.00000000 303.25508376
v 376.20000000 228.00000000 303.52365822
v 381.90000000 228.00000000 303.63724863
v 387.60000000 228.00000000 303.86661133
v 393.30000000 228.00000000 303.99286981
v 399.00000000 228.00000000 302.67638372
v 404.70000000 228.00000000 304.23507798
v 410.40000000 228.00000000 304.41099119
v 416.10000000 228.00000000 304.57023029
v 421.80000000 228.00000000 304.67230201
v 427.50000000 228.00000000 304.74195860
v 433.20000000 228.00000000 304.76683179
v 438.90000000 228.00000000 304.88497135
v 444.60000000 228.00000000 316.15525826
v 450.30000000 228.00000000 316.17757471
v 456.00000000 228.00000000 316.18536741
v 461.70000000 228.00000000 316.14169991
v 467.40000000 228.00000000 316.14308356
v 473.10000000 228.00000000 316.10590112
v 478.80000000 228.00000000 305.11022238
v 484.50000000 228.00000000 305.06846841
v 490.20000000 228.00000000 305.07659360
v 495.90000000 228.00000000 305.07436095
v 501.60000000 228.00000000 305.07719375
v 507.30000000 228.00000000 305.07719375
v 513.00000000 228.00000000 305.00851702
v 518.70000000 228.00000000 304.92688404
v 524.40000000 228.00000000 304.89568843
v 530.10000000 228.00000000 304.93629845
v 535.80000000 228.00000000 304.84163554
v 541.50000000 228.00000000 304.79587899
v 547.20000000 228.00000000 310.99214455
v 552.90000000 228.00000000 324.60863545
v 558.60000000 228.00000000 324.60455736
v 564.30000000 228.00000000 324.60925218
v 570.00000000 228.00000000 304.59169131
v 575.70000000 228.00000000 324.63737108
v 581.40000000 228.00000000 304.48755568
v 587.10000000 228.00000000 304.47714608
v 592.80000000 228.00000000 304.47803779
v 598.50000000 228.00000000 304.46843864
v 604.20000000 228.00000000 304.48656938
v 609.90000000 228.00000000 304.34697427
v 615.60000000 228.00000000 304.44623475
v 621.30000000 228.00000000 304.44493167
v 627.00000000 228.00000000 304.47933984
v 632.70000000 228.00000000 304.50488350
v 638.40000000 228.00000000 304.50807921
v 644.10000000 228.00000000 304.49487369
v 649.80000000 228.00000000 304.54467634
v 655.50000000 228.00000000 304.57948022
v 661.20000000 228.00000000 304.71511966
v 666.90000000 228.00000000 304.76158761
v 672.60000000 228.00000000 304.80086846
v 678.30000000 228.00000000 304.86243941
v 684.00000000 228.00000000 305.00150506
v 689.70000000 228.00000000 305.01560148
v 695.40000000 228.00000000 305.14730585
v 701.10000000 228.00000000 305.16982382
v 706.80000000 228.00000000 305.29338076
v 712.50000000 228.00000000 305.39166963
v 718.20000000 228.00000000 305.49339294
v 723.90000000 228.00000000 305.53335750
v 729.60000000 228.00000000 305.67043386
v 735.30000000 228.00000000 305.81966658
v 741.00000000 228.00000000 306.01032675
v 746.70000000 228.00000000 306.01881395
v 752.40000000 228.00000000 306.06713846
v 758.10000000 228.00000000 306.16126932
v 763.80000000 228.00000000 306.21303643
v 769.50000000 228.00000000 306.21013818
v 775.20000000 228.00000000 306.41516993
v 780.90000000 228.00000000 306.43623806
v 786.60000000 228.00000000 306.45174363
v 792.30000000 228.00000000 306.45174363
v 798.00000000 228.00000000 306.58297622
v 0.00000000 233.70000000 301.32580941
v 5.70000000 233.70000000 301.14727181
v 11.40000000 233.70000000 301.09605069
v 17.10000000 233.70000000 300.88394804
v 22.80000000 233.70000000 300.84470522
v 28.50000000 233.70000000 300.63518446
v 34.20000000 233.70000000 300.44636063
v 39.90000000 233.70000000 300.42632189
v 45.60000000 233.70000000 300.26654067
v 51.30000000 233.70000000 300.06695473
v 57.00000000 233.70000000 300.03381790
v 62.70000000 233.70000000 299.78783397
v 68.40000000 233.70000000 299.66840157
v 74.10000000 233.70000000 299.66840157
v 79.80000000 233.70000000 299.32385387
v 85.50000000 233.70000000 299.09426517
v 91.20000000 233.70000000 298.98398597
v 96.90000000 233.70000000 298.98421354
v 102.60000000 233.70000000 298.85854857
v 108.30000000 233.70000000 298.58982852
v 114.00000000 233.70000000 298.58982852
v 119.70000000 233.70000000 298.39355820
v 125.40000000 233.70000000 298.25958320
v 131.10000000 233.70000000 298.10393276
v 136.80000000 233.70000000 297.98957040
v 142.50000000 233.70000000 298.03490646
v 148.20000000 233.70000000 297.89783509
v 153.90000000 233.70000000 297.88213322
v 159.60000000 233.70000000 297.80954735
v 165.30000000 233.70000000 297.80446229
v 171.00000000 233.70000000 297.73848538
v 176.70000000 233.70000000 297.75857920
v 182.40000000 233.70000000 297.80733911
v 188.10000000 233.70000000 297.75815697
v 193.80000000 233.70000000 297.85502351
v 199.50000000 233.70000000 297.85502351
v 205.20000000 233.70000000 297.91067026
v 210.90000000 233.70000000 298.00957684
v 216.60000000 233.70000000 298.12254746
v 222.30000000 233.70000000 298.23515246
v 228.00000000 233.70000000 298.31441066
v 233.70000000 233.70000000 298.49192901
v 239.40000000 233.70000000 298.51057075
v 245.10000000 233.70000000 298.86679773
v 250.80000000 233.70000000 298.80642471
v 256.50000000 233.70000000 299.10675550
v 262.20000000 233.70000000 299.25182715
v 267.90000000 233.70000000 299.36796910
v 273.60000000 233.70000000 299.56423037
v 279.30000000 233.70000000 299.56423037
v 285.00000000 233.70000000 299.93773182
v 290.70000000 233.70000000 300.47905437
v 296.40000000 233.70000000 300.47905437
v 302.10000000 233.70000000 300.68863950
v 307.80000000 233.70000000 301.00249380
v 313.50000000 233.70000000 301.15830078
v 319.20000000 233.70000000 301.34787363
v 324.90000000 233.70000000 301.53865474
v 330.60000000 233.70000000 301.77867028
v 336.30000000 233.70000000 302.15431079
v 342.00000000 233.70000000 302.35549419
v 347.70000000 233.70000000 302.50971049
v 353.40000000 233.70000000 302.77694096
v 359.10000000 233.70000000 302.99442578
v 364.80000000 233.70000000 303.15922700
v 370.50000000 233.70000000 303.31873497
v 376.20000000 233.70000000 303.31873497
v 381.90000000 233.70000000 303.51787298
v 387.60000000 233.70000000 303.75864248
v 393.30000000 233.70000000 304.00007535
v 399.00000000 233.70000000 304.18686875
v 404.70000000 233.70000000 304.22899157
v 410.40000000 233.70000000 304.40485093
v 416.10000000 233.70000000 304.60548439
v 421.80000000 233.70000000 304.61567741
v 427.50000000 233.70000000 304.72069933
v 433.20000000 233.70000000 304.79880878
v 438.90000000 233.70000000 304.86116275
v 444.60000000 233.70000000 316.15119198
v 450.30000000 233.70000000 316.16586177
v 456.00000000 233.70000000 316.12235264
v 461.70000000 233.70000000 316.15386534
v 467.40000000 233.70000000 316.11588037
v 473.10000000 233.70000000 316.13432506
v 478.80000000 233.70000000 316.13432506
v 484.50000000 233.70000000 305.05339861
v 490.20000000 233.70000000 305.05339861
v 495.90000000 233.70000000 305.01348008
v 501.60000000 233.70000000 305.05420852
v 507.30000000 233.70000000 304.95203156
v 513.00000000 233.70000000 304.84856853
v 518.70000000 233.70000000 304.90436552
v 524.40000000 233.70000000 304.89001534
v 530.10000000 233.70000000 304.81471217
v 535.80000000 233.70000000 304.78075487
v 541.50000000 233.70000000 304.75872337
v 547.20000000 233.70000000 323.78979374
v 552.90000000 233.70000000 324.63641553
v 558.60000000 233.70000000 324.62284549
v 564.30000000 233.70000000 304.56112187
v 570.00000000 233.70000000 324.59711117
v 575.70000000 233.70000000 324.58989927
v 581.40000000 233.70000000 304.43737550
v 587.10000000 233.70000000 304.40274486
v 592.80000000 233.70000000 304.30176384
v 598.50000000 233.70000000 304.36237936
v 604.20000000 233.70000000 304.35200251
v 609.90000000 233.70000000 304.37520839
v 615.60000000 233.70000000 304.44623475
v 621.30000000 233.70000000 304.44493167
v 627.00000000 233.70000000 304.35256670
v 632.70000000 233.70000000 304.38166795
v 638.40000000 233.70000000 304.34749133
v 644.10000000 233.70000000 304.44662040
v 649.80000000 233.70000000 304.50230208
v 655.50000000 233.70000000 304.63310759
v 661.20000000 233.70000000 304.59741647
v 666.90000000 233.70000000 304.76158761
v 672.60000000 233.70000000 304.76318308
v 678.30000000 233.70000000 304.83338009
v 684.00000000 233.70000000 304.90738635
v 689.70000000 233.70000000 304.91973287
v 695.40000000 233.70000000 305.10989531
v 701.10000000 233.70000000 305.19256990
v 706.80000000 233.70000000 305.26672644
v 712.50000000 233.70000000 305.38960708
v 718.20000000 233.70000000 305.32801706
v 723.90000000 233.70000000 305.41226128
v 729.60000000 233.70000000 305.70261195
v 735.30000000 233.70000000 305.69191254
v 741.00000000 233.70000000 305.82075262
v 746.70000000 233.70000000 305.95828662
v 752.40000000 233.70000000 306.00444658
v 758.10000000 233.70000000 306.05559256
v 763.80000000 233.70000000 306.07073071
v 769.50000000 233.70000000 306.31113081
v 775.20000000 233.70000000 306.30336079
v 780.90000000 233.70000000 306.34786106
v 786.60000000 233.70000000 306.42281187
v 792.30000000 233.70000000 306.46021539
v 798.00000000 233.70000000 306.52898836
v 0.00000000 239.40000000 301.38522666
v 5.70000000 239.40000000 301.26509326
v 11.40000000 239.40000000 301.13484455
v 17.10000000 239.40000000 300.97739588
v 22.80000000 239.40000000 300.84533374
v 28.50000000 239.40000000 300.76849521
v 34.20000000 239.40000000 300.64704784
v 39.90000000 239.40000000 300.50770138
v 45.60000000 239.40000000 300.25634609
v 51.30000000 239.40000000 300.16481101
v 57.00000000 239.40000000 299.97709427
v 62.70000000 239.40000000 299.91833884
v 68.40000000 239.40000000 299.70465767
v 74.10000000 239.40000000 299.43312983
v 79.80000000 239.40000000 299.45414938
v 85.50000000 239.40000000 299.26821450
v 91.20000000 239.40000000 299.15454417
v 96.90000000 239.40000000 298.95248128
v 102.60000000 239.40000000 298.81007362
v 108.30000000 239.40000000 298.67825664
v 114.00000000 239.40000000 298.46323959
v 119.70000000 239.40000000 298.44955065
v 125.40000000 239.40000000 298.29230103
v 131.10000000 239.40000000 298.10393276
v 136.80000000 239.40000000 298.10274285
v 142.50000000 239.40000000 298.01287731
v 148.20000000 239.40000000 298.03130708
v 153.90000000 239.40000000 297.97005045
v 159.60000000 239.40000000 297.89629418
v 165.30000000 239.40000000 297.87180660
v 171.00000000 239.40000000 297.88259219
v 176.70000000 239.40000000 297.85112516
v 182.40000000 239.40000000 297.87995768
v 188.10000000 239.40000000 297.81765491
v 193.80000000 239.40000000 297.84490025
v 199.50000000 239.40000000 297.96901985
v 205.20000000 239.40000000 297.97620053
v 210.90000000 239.40000000 298.09385683
v 216.60000000 239.40000000 298.20652693
v 222.30000000 239.40000000 298.28275814
v 228.00000000 239.40000000 298.46069794
v 233.70000000 239.40000000 298.46069794
v 239.40000000 239.40000000 298.65170481
v 245.10000000 239.40000000 298.84155448
v 250.80000000 239.40000000 298.97365626
v 256.50000000 239.40000000 299.08873072
v 262.20000000 239.40000000 299.29221099
v 267.90000000 239.40000000 299.57861751
v 273.60000000 239.40000000 299.76152942
v 279.30000000 239.40000000 299.90976022
v 285.00000000 239.40000000 299.93773182
v 290.70000000 239.40000000 300.36656193
v 296.40000000 239.40000000 300.59568093
v 302.10000000 239.40000000 300.82334399
v 307.80000000 239.40000000 300.99953896
v 313.50000000 239.40000000 301.15830078
v 319.20000000 239.40000000 301.31298359
v 324.90000000 239.40000000 301.65136826
v 330.60000000 239.40000000 301.77867028
v 336.30000000 239.40000000 302.14062081
v 342.00000000 239.40000000 302.35481317
v 347.70000000 239.40000000 302.59915023
v 353.40000000 239.40000000 302.78753374
v 359.10000000 239.40000000 302.97837653
v 364.80000000 239.40000000 303.15922700
v 370.50000000 239.40000000 303.31873497
v 376.20000000 239.40000000 303.57536557
v 381.90000000 239.40000000 303.69205761
v 387.60000000 239.40000000 303.84280575
v 393.30000000 239.40000000 303.99258691
v 399.00000000 239.40000000 304.08503321
v 404.70000000 239.40000000 304.32071557
v 410.40000000 239.40000000 304.38983848
v 416.10000000 239.40000000 304.60548439
v 421.80000000 239.40000000 304.62124765
v 427.50000000 239.40000000 304.69213568
v 433.20000000 239.40000000 304.76264745
v 438.90000000 239.40000000 304.83968089
v 444.60000000 239.40000000 316.07304989
v 450.30000000 239.40000000 316.14888461
v 456.00000000 239.40000000 316.12512480
v 461.70000000 239.40000000 316.14007709
v 467.40000000 239.40000000 305.02713852
v 473.10000000 239.40000000 305.04840916
v 478.80000000 239.40000000 305.04357740
v 484.50000000 239.40000000 305.04375078
v 490.20000000 239.40000000 305.01683477
v 495.90000000 239.40000000 305.03014384
v 501.60000000 239.40000000 305.00293967
v 507.30000000 239.40000000 304.93018263
v 513.00000000 239.40000000 304.84856853
v 518.70000000 239.40000000 304.86883495
v 524.40000000 239.40000000 304.84587132
v 530.10000000 239.40000000 304.82188508
v 535.80000000 239.40000000 304.72760062
v 541.50000000 239.40000000 304.68603638
v 547.20000000 239.40000000 304.68740663
v 552.90000000 239.40000000 304.58974367
v 558.60000000 239.40000000 304.51397237
v 564.30000000 239.40000000 304.49169499
v 570.00000000 239.40000000 304.40537142
v 575.70000000 239.40000000 304.40537142
v 581.40000000 239.40000000 304.36514162
v 587.10000000 239.40000000 304.37404900
v 592.80000000 239.40000000 304.30176384
v 598.50000000 239.40000000 304.25854459
v 604.20000000 239.40000000 304.26563612
v 609.90000000 239.40000000 304.29436569
v 615.60000000 239.40000000 304.23842243
v 621.30000000 239.40000000 304.34244468
v 627.00000000 239.40000000 304.31635456
v 632.70000000 239.40000000 304.35544363
v 638.40000000 239.40000000 304.38096456
v 644.10000000 239.40000000 304.35873865
v 649.80000000 239.40000000 304.47224016
v 655.50000000 239.40000000 304.51421621
v 661.20000000 239.40000000 304.59500216
v 666.90000000 239.40000000 315.03049203
v 672.60000000 239.40000000 318.91093691
v 678.30000000 239.40000000 318.92377132
v 684.00000000 239.40000000 318.98032368
v 689.70000000 239.40000000 318.95517762
v 695.40000000 239.40000000 314.48964556
v 701.10000000 239.40000000 305.09141717
v 706.80000000 239.40000000 305.13663478
v 712.50000000 239.40000000 305.32110295
v 718.20000000 239.40000000 305.32801706
v 723.90000000 239.40000000 305.47608810
v 729.60000000 239.40000000 305.47608810
v 735.30000000 239.40000000 305.66837158
v 741.00000000 239.40000000 305.81236053
v 746.70000000 239.40000000 305.88088552
v 752.40000000 239.40000000 306.00946831
v 758.10000000 239.40000000 306.05037393
v 763.80000000 239.40000000 306.11624418
v 769.50000000 239.40000000 306.19797039
v 775.20000000 239.40000000 306.26759551
v 780.90000000 239.40000000 306.32634838
v 786.60000000 239.40000000 306.36339085
v 792.30000000 239.40000000 306.40481098
v 798.00000000 239.40000000 306.52898836
v 0.00000000 245.10000000 301.42511429
v 5.70000000 245.10000000 301.34001861
v 11.40000000 245.10000000 301.16658072
v 17.10000000 245.10000000 301.03296258
v 22.80000000 245.10000000 300.99164944
v 28.50000000 245.10000000 300.85064694
v 34.20000000 245.10000000 300.61915451
v 39.90000000 245.10000000 300.54401353
v 45.60000000 245.10000000 300.32578061
v 51.30000000 245.10000000 300.16690261
v 57.00000000 245.10000000 300.01814742
v 62.70000000 245.10000000 299.96431726
v 68.40000000 245.10000000 299.70465767
v 74.10000000 245.10000000 299.50268344
v 79.80000000 245.10000000 299.49753555
v 85.50000000 245.10000000 299.49753555
v 91.20000000 245.10000000 299.19170770
v 96.90000000 245.10000000 299.03201095
v 102.60000000 245.10000000 298.92343274
v 108.30000000 245.10000000 298.67825664
v 114.00000000 245.10000000 298.64534716
v 119.70000000 245.10000000 298.56202682
v 125.40000000 245.10000000 298.40089641
v 131.10000000 245.10000000 298.36330074
v 136.80000000 245.10000000 298.24051178
v 142.50000000 245.10000000 298.02097096
v 148.20000000 245.10000000 298.05873827
v 153.90000000 245.10000000 298.00340182
v 159.60000000 245.10000000 297.95666618
v 165.30000000 245.10000000 297.87180660
v 171.00000000 245.10000000 297.88333416
v 176.70000000 245.10000000 297.91671503
v 182.40000000 245.10000000 297.90613154
v 188.10000000 245.10000000 297.82689087
v 193.80000000 245.10000000 297.97823554
v 199.50000000 245.10000000 298.01773591
v 205.20000000 245.10000000 297.97620053
v 210.90000000 245.10000000 298.17356621
v 216.60000000 245.10000000 298.28132315
v 222.30000000 245.10000000 298.34076876
v 228.00000000 245.10000000 298.48152795
v 233.70000000 245.10000000 298.65866466
v 239.40000000 245.10000000 298.67205007
v 245.10000000 245.10000000 298.84123011
v 250.80000000 245.10000000 299.04534978
v 256.50000000 245.10000000 299.18612789
v 262.20000000 245.10000000 299.45097663
v 267.90000000 245.10000000 299.60517842
v 273.60000000 245.10000000 299.77075559
v 279.30000000 245.10000000 300.04228884
v 285.00000000 245.10000000 300.19401920
v 290.70000000 245.10000000 300.42585623
v 296.40000000 245.10000000 300.55564694
v 302.10000000 245.10000000 300.79913470
v 307.80000000 245.10000000 301.07914983
v 313.50000000 245.10000000 301.29763179
v 319.20000000 245.10000000 301.57524618
v 324.90000000 245.10000000 301.53569482
v 330.60000000 245.10000000 301.95554255
v 336.30000000 245.10000000 302.19484924
v 342.00000000 245.10000000 302.41792587
v 347.70000000 245.10000000 302.54374912
v 353.40000000 245.10000000 302.84928973
v 359.10000000 245.10000000 302.85835032
v 364.80000000 245.10000000 303.14565694
v 370.50000000 245.10000000 303.31487748
v 376.20000000 245.10000000 303.46533041
v 381.90000000 245.10000000 303.72833002
v 387.60000000 245.10000000 303.89936995
v 393.30000000 245.10000000 303.97334299
v 399.00000000 245.10000000 304.19214204
v 404.70000000 245.10000000 304.29652898
v 410.40000000 245.10000000 304.40555631
v 416.10000000 245.10000000 304.53762011
v 421.80000000 245.10000000 304.62785818
v 427.50000000 245.10000000 304.65316798
v 433.20000000 245.10000000 304.79845689
v 438.90000000 245.10000000 304.88656242
v 444.60000000 245.10000000 316.15124112
v 450.30000000 245.10000000 316.14940594
v 456.00000000 245.10000000 316.11842851
v 461.70000000 245.10000000 316.17161689
v 467.40000000 245.10000000 316.16883490
v 473.10000000 245.10000000 304.99842930
v 478.80000000 245.10000000 305.03606895
v 484.50000000 245.10000000 304.99061275
v 490.20000000 245.10000000 304.99061275
v 495.90000000 245.10000000 304.94147783
v 501.60000000 245.10000000 304.95897107
v 507.30000000 245.10000000 304.86563304
v 513.00000000 245.10000000 304.86563304
v 518.70000000 245.10000000 304.80238056
v 524.40000000 245.10000000 304.77498080
v 530.10000000 245.10000000 304.73389380
v 535.80000000 245.10000000 304.69612347
v 541.50000000 245.10000000 304.63114336
v 547.20000000 245.10000000 304.58097573
v 552.90000000 245.10000000 304.56342250
v 558.60000000 245.10000000 304.53659986
v 564.30000000 245.10000000 304.41410657
v 570.00000000 245.10000000 304.41939894
v 575.70000000 245.10000000 304.29927779
v 581.40000000 245.10000000 304.30882029
v 587.10000000 245.10000000 304.29186832
v 592.80000000 245.10000000 304.23430407
v 598.50000000 245.10000000 304.23861338
v 604.20000000 245.10000000 304.13893663
v 609.90000000 245.10000000 304.20827068
v 615.60000000 245.10000000 304.23891723
v 621.30000000 245.10000000 304.23289282
v 627.00000000 245.10000000 304.23161036
v 632.70000000 245.10000000 304.26557437
v 638.40000000 245.10000000 304.29931346
v 644.10000000 245.10000000 304.24713263
v 649.80000000 245.10000000 304.39649121
v 655.50000000 245.10000000 304.39697635
v 661.20000000 245.10000000 304.51439857
v 666.90000000 245.10000000 316.36264735
v 672.60000000 245.10000000 318.94495973
v 678.30000000 245.10000000 318.89336147
v 684.00000000 245.10000000 318.94231150
v 689.70000000 245.10000000 318.96494608
v 695.40000000 245.10000000 304.96764136
v 701.10000000 245.10000000 305.01820054
v 706.80000000 245.10000000 305.11866648
v 712.50000000 245.10000000 305.20111064
v 718.20000000 245.10000000 305.32801706
v 723.90000000 245.10000000 305.47776949
v 729.60000000 245.10000000 305.53698647
v 735.30000000 245.10000000 305.66924481
v 741.00000000 245.10000000 305.74543840
v 746.70000000 245.10000000 305.83636022
v 752.40000000 245.10000000 305.90443892
v 758.10000000 245.10000000 305.94972466
v 763.80000000 245.10000000 306.06671623
v 769.50000000 245.10000000 306.05356470
v 775.20000000 245.10000000 306.20192063
v 780.90000000 245.10000000 306.21337496
v 786.60000000 245.10000000 306.34684478
v 792.30000000 245.10000000 306.40027540
v 798.00000000 245.10000000 306.42257609
v 0.00000000 250.80000000 301.58104759
v 5.70000000 250.80000000 301.42481941
v 11.40000000 250.80000000 301.13759843
v 17.10000000 250.80000000 301.24072270
v 22.80000000 250.80000000 300.96699917
v 28.50000000 250.80000000 300.90703299
v 34.20000000 250.80000000 300.71412707
v 39.90000000 250.80000000 300.58743295
v 45.60000000 250.80000000 300.44804742
v 51.30000000 250.80000000 300.27733495
v 57.00000000 250.80000000 300.11237998
v 62.70000000 250.80000000 300.07470514
v 68.40000000 250.80000000 299.83758646
v 74.10000000 250.80000000 299.76146103
v 79.80000000 250.80000000 299.61834306
v 85.50000000 250.80000000 299.47609030
v 91.20000000 250.80000000 299.19170770
v 96.90000000 250.80000000 299.16759796
v 102.60000000 250.80000000 298.98973154
v 108.30000000 250.80000000 298.83622055
v 114.00000000 250.80000000 298.76453247
v 119.70000000 250.80000000 298.62688760
v 125.40000000 250.80000000 298.47931137
v 131.10000000 250.80000000 298.40196539
v 136.80000000 250.80000000 298.30124280
v 142.50000000 250.80000000 298.30124280
v 148.20000000 250.80000000 298.13304169
v 153.90000000 250.80000000 298.11684477
v 159.60000000 250.80000000 298.05217905
v 165.30000000 250.80000000 298.04639537
v 171.00000000 250.80000000 298.04987336
v 176.70000000 250.80000000 298.02783209
v 182.40000000 250.80000000 298.02783209
v 188.10000000 250.80000000 298.02696338
v 193.80000000 250.80000000 326.04354689
v 199.50000000 250.80000000 326.92211834
v 205.20000000 250.80000000 325.59773133
v 210.90000000 250.80000000 324.82163736
v 216.60000000 250.80000000 298.29009712
v 222.30000000 250.80000000 298.38341533
v 228.00000000 250.80000000 298.53312123
v 233.70000000 250.80000000 298.67407879
v 239.40000000 250.80000000 298.79734954
v 245.10000000 250.80000000 298.79734954
v 250.80000000 250.80000000 299.09462138
v 256.50000000 250.80000000 299.09462138
v 262.20000000 250.80000000 299.39776765
v 267.90000000 250.80000000 299.58655962
v 273.60000000 250.80000000 299.77075559
v 279.30000000 250.80000000 300.04228884
v 285.00000000 250.80000000 300.20787004
v 290.70000000 250.80000000 300.46212725
v 296.40000000 250.80000000 300.69773457
v 302.10000000 250.80000000 300.90311171
v 307.80000000 250.80000000 301.02469642
v 313.50000000 250.80000000 301.33658130
v 319.20000000 250.80000000 301.56898797
v 324.90000000 250.80000000 301.73798189
v 330.60000000 250.80000000 302.03867955
v 336.30000000 250.80000000 302.03867955
v 342.00000000 250.80000000 302.40534882
v 347.70000000 250.80000000 302.63271436
v 353.40000000 250.80000000 302.78006820
v 359.10000000 250.80000000 302.78006820
v 364.80000000 250.80000000 303.21722851
v 370.50000000 250.80000000 303.40452853
v 376.20000000 250.80000000 303.48910483
v 381.90000000 250.80000000 303.72846165
v 387.60000000 250.80000000 303.87668028
v 393.30000000 250.80000000 304.03513693
v 399.00000000 250.80000000 304.11839346
v 404.70000000 250.80000000 304.30027502
v 410.40000000 250.80000000 304.40139705
v 416.10000000 250.80000000 304.52958873
v 421.80000000 250.80000000 304.51573320
v 427.50000000 250.80000000 304.65160512
v 433.20000000 250.80000000 304.75179034
v 438.90000000 250.80000000 304.81234423
v 444.60000000 250.80000000 304.83426255
v 450.30000000 250.80000000 304.89903556
v 456.00000000 250.80000000 304.96832405
v 461.70000000 250.80000000 304.96066025
v 467.40000000 250.80000000 305.01160306
v 473.10000000 250.80000000 305.00221136
v 478.80000000 250.80000000 305.02019132
v 484.50000000 250.80000000 304.91237042
v 490.20000000 250.80000000 304.96179584
v 495.90000000 250.80000000 304.96070919
v 501.60000000 250.80000000 304.87769552
v 507.30000000 250.80000000 304.86768409
v 513.00000000 250.80000000 304.86768409
v 518.70000000 250.80000000 304.78475613
v 524.40000000 250.80000000 304.75229262
v 530.10000000 250.80000000 304.69764582
v 535.80000000 250.80000000 304.69764582
v 541.50000000 250.80000000 304.59709614
v 547.20000000 250.80000000 304.53182202
v 552.90000000 250.80000000 304.40931186
v 558.60000000 250.80000000 304.40931186
v 564.30000000 250.80000000 304.31647572
v 570.00000000 250.80000000 304.36316932
v 575.70000000 250.80000000 304.27762444
v 581.40000000 250.80000000 304.19096777
v 587.10000000 250.80000000 304.21227182
v 592.80000000 250.80000000 304.16935750
v 598.50000000 250.80000000 304.18315598
v 604.20000000 250.80000000 304.16426757
v 609.90000000 250.80000000 304.14491095
v 615.60000000 250.80000000 304.13113752
v 621.30000000 250.80000000 304.07175457
v 627.00000000 250.80000000 304.20622599
v 632.70000000 250.80000000 304.09902907
v 638.40000000 250.80000000 304.13868095
v 644.10000000 250.80000000 304.24713263
v 649.80000000 250.80000000 304.27979431
v 655.50000000 250.80000000 304.32208223
v 661.20000000 250.80000000 304.38297819
v 666.90000000 250.80000000 318.96366499
v 672.60000000 250.80000000 318.94050245
v 678.30000000 250.80000000 318.91658531
v 684.00000000 250.80000000 318.95457893
v 689.70000000 250.80000000 318.94316760
v 695.40000000 250.80000000 318.93949126
v 701.10000000 250.80000000 305.01820054
v 706.80000000 250.80000000 305.02384031
v 712.50000000 250.80000000 305.17165131
v 718.20000000 250.80000000 305.27718223
v 723.90000000 250.80000000 305.29741923
v 729.60000000 250.80000000 305.42141395
v 735.30000000 250.80000000 305.49629708
v 741.00000000 250.80000000 305.59919507
v 746.70000000 250.80000000 305.76493942
v 752.40000000 250.80000000 305.82339632
v 758.10000000 250.80000000 305.95069972
v 763.80000000 250.80000000 306.00418677
v 769.50000000 250.80000000 306.02002272
v 775.20000000 250.80000000 306.14001346
v 780.90000000 250.80000000 306.11253325
v 786.60000000 250.80000000 306.26932845
v 792.30000000 250.80000000 306.30066512
v 798.00000000 250.80000000 306.42257609
v 0.00000000 256.50000000 301.60712640
v 5.70000000 256.50000000 301.48571727
v 11.40000000 256.50000000 301.37997475
v 17.10000000 256.50000000 301.25650584
v 22.80000000 256.50000000 301.10361799
v 28.50000000 256.50000000 301.04654270
v 34.20000000 256.50000000 300.85039838
v 39.90000000 256.50000000 300.70911736
v 45.60000000 256.50000000 300.57459392
v 51.30000000 256.50000000 300.50057577
v 57.00000000 256.50000000 300.32078183
v 62.70000000 256.50000000 300.32078183
v 68.40000000 256.50000000 300.02190824
v 74.10000000 256.50000000 299.73379730
v 79.80000000 256.50000000 299.55139855
v 85.50000000 256.50000000 299.48106723
v 91.20000000 256.50000000 299.27858561
v 96.90000000 256.50000000 299.26014075
v 102.60000000 256.50000000 299.10480626
v 108.30000000 256.50000000 298.96690282
v 114.00000000 256.50000000 298.77710342
v 119.70000000 256.50000000 298.68107022
v 125.40000000 256.50000000 298.62640191
v 131.10000000 256.50000000 298.47132076
v 136.80000000 256.50000000 298.30124280
v 142.50000000 256.50000000 298.23411968
v 148.20000000 256.50000000 298.29648111
v 153.90000000 256.50000000 298.27722388
v 159.60000000 256.50000000 298.20340096
v 165.30000000 256.50000000 298.15183033
v 171.00000000 256.50000000 298.04056388
v 176.70000000 256.50000000 298.03699227
v 182.40000000 256.50000000 298.16042089
v 188.10000000 256.50000000 298.16135512
v 193.80000000 256.50000000 326.89567935
v 199.50000000 256.50000000 326.91286405
v 205.20000000 256.50000000 326.92862311
v 210.90000000 256.50000000 324.82163736
v 216.60000000 256.50000000 298.37931957
v 222.30000000 256.50000000 298.52281019
v 228.00000000 256.50000000 298.60491978
v 233.70000000 256.50000000 298.73277646
v 239.40000000 256.50000000 298.87858295
v 245.10000000 256.50000000 299.06350753
v 250.80000000 256.50000000 299.15571663
v 256.50000000 256.50000000 299.33287753
v 262.20000000 256.50000000 299.61399804
v 267.90000000 256.50000000 299.59897628
v 273.60000000 256.50000000 299.92443663
v 279.30000000 256.50000000 300.09612595
v 285.00000000 256.50000000 300.28056826
v 290.70000000 256.50000000 300.56794001
v 296.40000000 256.50000000 300.60898022
v 302.10000000 256.50000000 300.93679565
v 307.80000000 256.50000000 301.04237030
v 313.50000000 256.50000000 301.38471579
v 319.20000000 256.50000000 301.59727271
v 324.90000000 256.50000000 301.80581698
v 330.60000000 256.50000000 302.04627530
v 336.30000000 256.50000000 302.27943569
v 342.00000000 256.50000000 302.40534882
v 347.70000000 256.50000000 302.52622157
v 353.40000000 256.50000000 302.83450892
v 359.10000000 256.50000000 302.97871867
v 364.80000000 256.50000000 303.17133898
v 370.50000000 256.50000000 303.43472278
v 376.20000000 256.50000000 303.56809307
v 381.90000000 256.50000000 303.72336331
v 387.60000000 256.50000000 302.62033933
v 393.30000000 256.50000000 304.00323098
v 399.00000000 256.50000000 304.15178016
v 404.70000000 256.50000000 304.21743177
v 410.40000000 256.50000000 304.40706088
v 416.10000000 256.50000000 304.45887500
v 421.80000000 256.50000000 304.61540570
v 427.50000000 256.50000000 304.68107577
v 433.20000000 256.50000000 304.78718268
v 438.90000000 256.50000000 304.78612061
v 444.60000000 256.50000000 304.87735614
v 450.30000000 256.50000000 304.83011787
v 456.00000000 256.50000000 304.92064114
v 461.70000000 256.50000000 304.96056644
v 467.40000000 256.50000000 304.94975188
v 473.10000000 256.50000000 304.92777288
v 478.80000000 256.50000000 304.92867645
v 484.50000000 256.50000000 304.92251900
v 490.20000000 256.50000000 304.89431838
v 495.90000000 256.50000000 304.92114703
v 501.60000000 256.50000000 304.87769552
v 507.30000000 256.50000000 316.85192460
v 513.00000000 256.50000000 304.86768409
v 518.70000000 256.50000000 304.70271849
v 524.40000000 256.50000000 304.72494880
v 530.10000000 256.50000000 304.60753135
v 535.80000000 256.50000000 304.58342470
v 541.50000000 256.50000000 304.47158273
v 547.20000000 256.50000000 304.41643520
v 552.90000000 256.50000000 304.40906257
v 558.60000000 256.50000000 304.37228298
v 564.30000000 256.50000000 304.30940454
v 570.00000000 256.50000000 304.25453332
v 575.70000000 256.50000000 304.25500981
v 581.40000000 256.50000000 304.21318920
v 587.10000000 256.50000000 304.21318920
v 592.80000000 256.50000000 304.04511456
v 598.50000000 256.50000000 304.18315598
v 604.20000000 256.50000000 304.09216008
v 609.90000000 256.50000000 304.08695684
v 615.60000000 256.50000000 304.07070443
v 621.30000000 256.50000000 304.06750469
v 627.00000000 256.50000000 304.03526305
v 632.70000000 256.50000000 304.09629170
v 638.40000000 256.50000000 304.08884183
v 644.10000000 256.50000000 304.14233830
v 649.80000000 256.50000000 304.14233830
v 655.50000000 256.50000000 304.12459270
v 661.20000000 256.50000000 304.32678788
v 666.90000000 256.50000000 317.88080579
v 672.60000000 256.50000000 304.40411570
v 678.30000000 256.50000000 318.96293520
v 684.00000000 256.50000000 318.91964772
v 689.70000000 256.50000000 318.87930459
v 695.40000000 256.50000000 304.72413169
v 701.10000000 256.50000000 304.95027057
v 706.80000000 256.50000000 304.95027057
v 712.50000000 256.50000000 305.17165131
v 718.20000000 256.50000000 305.16849664
v 723.90000000 256.50000000 305.23317149
v 729.60000000 256.50000000 305.39931988
v 735.30000000 256.50000000 305.40774404
v 741.00000000 256.50000000 305.59246027
v 746.70000000 256.50000000 305.65672445
v 752.40000000 256.50000000 305.74069858
v 758.10000000 256.50000000 305.78431504
v 763.80000000 256.50000000 305.88694811
v 769.50000000 256.50000000 305.95553277
v 775.20000000 256.50000000 306.07651543
v 780.90000000 256.50000000 306.11598335
v 786.60000000 256.50000000 306.20130883
v 792.30000000 256.50000000 306.24850393
v 798.00000000 256.50000000 306.21245282
v 0.00000000 262.20000000 301.60712640
v 5.70000000 262.20000000 301.54972766
v 11.40000000 262.20000000 301.45671595
v 17.10000000 262.20000000 301.33124357
v 22.80000000 262.20000000 301.21814383
v 28.50000000 262.20000000 301.02639373
v 34.20000000 262.20000000 300.88191697
v 39.90000000 262.20000000 300.71929123
v 45.60000000 262.20000000 300.70293200
v 51.30000000 262.20000000 300.62497244
v 57.00000000 262.20000000 300.32647746
v 62.70000000 262.20000000 300.32647746
v 68.40000000 262.20000000 300.22401722
v 74.10000000 262.20000000 299.89614358
v 79.80000000 262.20000000 299.70816227
v 85.50000000 262.20000000 299.57536384
v 91.20000000 262.20000000 299.42117161
v 96.90000000 262.20000000 299.25743113
v 102.60000000 262.20000000 299.16548242
v 108.30000000 262.20000000 299.08220755
v 114.00000000 262.20000000 298.82972895
v 119.70000000 262.20000000 298.77439581
v 125.40000000 262.20000000 298.67756235
v 131.10000000 262.20000000 298.52756159
v 136.80000000 262.20000000 298.44420532
v 142.50000000 262.20000000 298.45777936
v 148.20000000 262.20000000 298.45777936
v 153.90000000 262.20000000 298.26946507
v 159.60000000 262.20000000 298.19332047
v 165.30000000 262.20000000 298.20982207
v 171.00000000 262.20000000 298.22290992
v 176.70000000 262.20000000 298.14210515
v 182.40000000 262.20000000 298.16042089
v 188.10000000 262.20000000 298.18524231
v 193.80000000 262.20000000 326.88641479
v 199.50000000 262.20000000 326.88988240
v 205.20000000 262.20000000 326.89820688
v 210.90000000 262.20000000 326.92735824
v 216.60000000 262.20000000 298.44104735
v 222.30000000 262.20000000 298.60074607
v 228.00000000 262.20000000 298.74615029
v 233.70000000 262.20000000 298.86909030
v 239.40000000 262.20000000 298.96894003
v 245.10000000 262.20000000 299.09565706
v 250.80000000 262.20000000 299.15805544
v 256.50000000 262.20000000 299.47843901
v 262.20000000 262.20000000 299.55425597
v 267.90000000 262.20000000 299.59897628
v 273.60000000 262.20000000 299.97441048
v 279.30000000 262.20000000 300.11964375
v 285.00000000 262.20000000 300.37305781
v 290.70000000 262.20000000 300.61444729
v 296.40000000 262.20000000 300.79020777
v 302.10000000 262.20000000 300.90716485
v 307.80000000 262.20000000 301.04394252
v 313.50000000 262.20000000 301.43676304
v 319.20000000 262.20000000 301.67286552
v 324.90000000 262.20000000 301.77485003
v 330.60000000 262.20000000 302.03694221
v 336.30000000 262.20000000 302.28090552
v 342.00000000 262.20000000 302.47969631
v 347.70000000 262.20000000 302.56076145
v 353.40000000 262.20000000 302.88788158
v 359.10000000 262.20000000 303.19356103
v 364.80000000 262.20000000 303.19356103
v 370.50000000 262.20000000 303.42683359
v 376.20000000 262.20000000 303.60099994
v 381.90000000 262.20000000 303.76830748
v 387.60000000 262.20000000 303.86384134
v 393.30000000 262.20000000 304.04380195
v 399.00000000 262.20000000 304.11859198
v 404.70000000 262.20000000 304.23907378
v 410.40000000 262.20000000 304.43022180
v 416.10000000 262.20000000 304.49906359
v 421.80000000 262.20000000 304.56055863
v 427.50000000 262.20000000 304.63349704
v 433.20000000 262.20000000 304.71209493
v 438.90000000 262.20000000 304.75693565
v 444.60000000 262.20000000 304.79004552
v 450.30000000 262.20000000 304.83011787
v 456.00000000 262.20000000 304.89759811
v 461.70000000 262.20000000 304.92338633
v 467.40000000 262.20000000 304.89904098
v 473.10000000 262.20000000 304.86744980
v 478.80000000 262.20000000 304.86459641
v 484.50000000 262.20000000 304.89224450
v 490.20000000 262.20000000 304.84764632
v 495.90000000 262.20000000 304.85705798
v 501.60000000 262.20000000 304.79768223
v 507.30000000 262.20000000 304.75949884
v 513.00000000 262.20000000 304.67043412
v 518.70000000 262.20000000 304.58665404
v 524.40000000 262.20000000 304.64500671
v 530.10000000 262.20000000 304.57233987
v 535.80000000 262.20000000 304.52138997
v 541.50000000 262.20000000 304.40385819
v 547.20000000 262.20000000 304.33102144
v 552.90000000 262.20000000 304.31047191
v 558.60000000 262.20000000 304.31027612
v 564.30000000 262.20000000 304.27413208
v 570.00000000 262.20000000 304.13540937
v 575.70000000 262.20000000 304.13600188
v 581.40000000 262.20000000 304.05965842
v 587.10000000 262.20000000 304.00493970
v 592.80000000 262.20000000 303.97433340
v 598.50000000 262.20000000 304.02280524
v 604.20000000 262.20000000 303.93928821
v 609.90000000 262.20000000 303.93928821
v 615.60000000 262.20000000 303.88964417
v 621.30000000 262.20000000 303.91784057
v 627.00000000 262.20000000 303.97419914
v 632.70000000 262.20000000 303.94238669
v 638.40000000 262.20000000 304.06641042
v 644.10000000 262.20000000 304.07698838
v 649.80000000 262.20000000 304.15273787
v 655.50000000 262.20000000 304.12207573
v 661.20000000 262.20000000 304.26550535
v 666.90000000 262.20000000 318.90037761
v 672.60000000 262.20000000 318.95628483
v 678.30000000 262.20000000 318.89856761
v 684.00000000 262.20000000 318.87813721
v 689.70000000 262.20000000 318.84941129
v 695.40000000 262.20000000 318.91815624
v 701.10000000 262.20000000 304.79745048
v 706.80000000 262.20000000 304.87561407
v 712.50000000 262.20000000 304.99582035
v 718.20000000 262.20000000 305.07563944
v 723.90000000 262.20000000 305.17567292
v 729.60000000 262.20000000 305.26439944
v 735.30000000 262.20000000 305.38245694
v 741.00000000 262.20000000 305.47945045
v 746.70000000 262.20000000 305.65672445
v 752.40000000 262.20000000 305.67215544
v 758.10000000 262.20000000 305.70518512
v 763.80000000 262.20000000 305.81006414
v 769.50000000 262.20000000 305.90580909
v 775.20000000 262.20000000 305.96396681
v 780.90000000 262.20000000 306.05543476
v 786.60000000 262.20000000 306.04737184
v 792.30000000 262.20000000 306.13421702
v 798.00000000 262.20000000 306.21245282
v 0.00000000 267.90000000 301.54972766
v 5.70000000 267.90000000 301.54972766
v 11.40000000 267.90000000 301.45671595
v 17.10000000 267.90000000 301.33124357
v 22.80000000 267.90000000 301.32788694
v 28.50000000 267.90000000 301.12479337
v 34.20000000 267.90000000 301.04470001
v 39.90000000 267.90000000 300.71929123
v 45.60000000 267.90000000 300.77823261
v 51.30000000 267.90000000 300.54280476
v 57.00000000 267.90000000 300.49120010
v 62.70000000 267.90000000 300.24691457
v 68.40000000 267.90000000 300.22401722
v 74.10000000 267.90000000 299.96166912
v 79.80000000 267.90000000 299.82807906
v 85.50000000 267.90000000 299.76442800
v 91.20000000 267.90000000 299.42117161
v 96.90000000 267.90000000 299.28529723
v 102.60000000 267.90000000 299.29842065
v 108.30000000 267.90000000 299.10635701
v 114.00000000 267.90000000 299.14940585
v 119.70000000 267.90000000 298.77439581
v 125.40000000 267.90000000 298.81067387
v 131.10000000 267.90000000 298.66677743
v 136.80000000 267.90000000 298.53658293
v 142.50000000 267.90000000 298.47224625
v 148.20000000 267.90000000 298.39212375
v 153.90000000 267.90000000 298.39237734
v 159.60000000 267.90000000 298.37259249
v 165.30000000 267.90000000 298.28484518
v 171.00000000 267.90000000 298.29385383
v 176.70000000 267.90000000 298.28452562
v 182.40000000 267.90000000 298.29020818
v 188.10000000 267.90000000 298.22658647
v 193.80000000 267.90000000 326.86017381
v 199.50000000 267.90000000 298.43121148
v 205.20000000 267.90000000 326.91607506
v 210.90000000 267.90000000 298.44830425
v 216.60000000 267.90000000 298.44104735
v 222.30000000 267.90000000 298.72303945
v 228.00000000 267.90000000 298.77863415
v 233.70000000 267.90000000 298.87826104
v 239.40000000 267.90000000 299.02997491
v 245.10000000 267.90000000 299.10964775
v 250.80000000 267.90000000 299.33616727
v 256.50000000 267.90000000 299.47600408
v 262.20000000 267.90000000 299.68791031
v 267.90000000 267.90000000 299.88520755
v 273.60000000 267.90000000 299.93333332
v 279.30000000 267.90000000 300.16922611
v 285.00000000 267.90000000 300.44646285
v 290.70000000 267.90000000 300.65936563
v 296.40000000 267.90000000 300.86368276
v 302.10000000 267.90000000 301.11726591
v 307.80000000 267.90000000 301.11726591
v 313.50000000 267.90000000 301.49503759
v 319.20000000 267.90000000 301.69413627
v 324.90000000 267.90000000 301.89567793
v 330.60000000 267.90000000 302.08011232
v 336.30000000 267.90000000 302.13084985
v 342.00000000 267.90000000 302.44713433
v 347.70000000 267.90000000 302.71993738
v 353.40000000 267.90000000 302.83813173
v 359.10000000 267.90000000 303.10375680
v 364.80000000 267.90000000 303.17310434
v 370.50000000 267.90000000 303.35932828
v 376.20000000 267.90000000 303.35932828
v 381.90000000 267.90000000 303.67744445
v 387.60000000 267.90000000 303.85902933
v 393.30000000 267.90000000 304.03121005
v 399.00000000 267.90000000 304.22745037
v 404.70000000 267.90000000 304.24469798
v 410.40000000 267.90000000 304.41400530
v 416.10000000 267.90000000 304.49555625
v 421.80000000 267.90000000 304.59345118
v 427.50000000 267.90000000 304.65364267
v 433.20000000 267.90000000 304.67064442
v 438.90000000 267.90000000 304.76681463
v 444.60000000 267.90000000 304.77976018
v 450.30000000 267.90000000 304.83883757
v 456.00000000 267.90000000 304.87455633
v 461.70000000 267.90000000 304.91121227
v 467.40000000 267.90000000 304.87970623
v 473.10000000 267.90000000 304.86744980
v 478.80000000 267.90000000 304.79310693
v 484.50000000 267.90000000 304.85313828
v 490.20000000 267.90000000 304.77393317
v 495.90000000 267.90000000 304.71257987
v 501.60000000 267.90000000 304.71257987
v 507.30000000 267.90000000 304.69239107
v 513.00000000 267.90000000 304.64549273
v 518.70000000 267.90000000 304.59192488
v 524.40000000 267.90000000 304.50997002
v 530.10000000 267.90000000 304.49497465
v 535.80000000 267.90000000 304.49497465
v 541.50000000 267.90000000 304.33350376
v 547.20000000 267.90000000 304.30058348
v 552.90000000 267.90000000 304.23732877
v 558.60000000 267.90000000 304.19778043
v 564.30000000 267.90000000 304.14572209
v 570.00000000 267.90000000 304.09296217
v 575.70000000 267.90000000 303.99362873
v 581.40000000 267.90000000 304.03176411
v 587.10000000 267.90000000 303.96874145
v 592.80000000 267.90000000 303.90135009
v 598.50000000 267.90000000 303.90086267
v 604.20000000 267.90000000 303.91609160
v 609.90000000 267.90000000 303.91609160
v 615.60000000 267.90000000 303.82550038
v 621.30000000 267.90000000 303.90686053
v 627.00000000 267.90000000 303.81755811
v 632.70000000 267.90000000 303.93131136
v 638.40000000 267.90000000 303.89280687
v 644.10000000 267.90000000 303.96485534
v 649.80000000 267.90000000 303.97485646
v 655.50000000 267.90000000 304.08843606
v 661.20000000 267.90000000 303.94452935
v 666.90000000 267.90000000 304.20304487
v 672.60000000 267.90000000 318.90734308
v 678.30000000 267.90000000 304.26214135
v 684.00000000 267.90000000 304.46733643
v 689.70000000 267.90000000 304.48107019
v 695.40000000 267.90000000 318.91815624
v 701.10000000 267.90000000 304.66302551
v 706.80000000 267.90000000 304.81749140
v 712.50000000 267.90000000 304.81749140
v 718.20000000 267.90000000 304.89878286
v 723.90000000 267.90000000 305.09580180
v 729.60000000 267.90000000 305.24513154
v 735.30000000 267.90000000 305.30085221
v 741.00000000 267.90000000 305.41188995
v 746.70000000 267.90000000 305.46668631
v 752.40000000 267.90000000 305.50450821
v 758.10000000 267.90000000 305.69060596
v 763.80000000 267.90000000 305.63382743
v 769.50000000 267.90000000 305.80417254
v 775.20000000 267.90000000 305.91069593
v 780.90000000 267.90000000 306.04501279
v 786.60000000 267.90000000 305.95015567
v 792.30000000 267.90000000 306.01074573
v 798.00000000 267.90000000 306.01074573
v 0.00000000 273.60000000 301.54972766
v 5.70000000 273.60000000 301.54972766
v 11.40000000 273.60000000 301.45671595
v 17.10000000 273.60000000 301.32788694
v 22.80000000 273.60000000 301.32788694
v 28.50000000 273.60000000 301.22520847
v 34.20000000 273.60000000 301.08303454
v 39.90000000 273.60000000 300.92322132
v 45.60000000 273.60000000 300.84345257
v 51.30000000 273.60000000 300.61235104
v 57.00000000 273.60000000 300.53244390
v 62.70000000 273.60000000 300.44927488
v 68.40000000 273.60000000 300.16776212
v 74.10000000 273.60000000 300.13745257
v 79.80000000 273.60000000 299.87558727
v 85.50000000 273.60000000 299.79645490
v 91.20000000 273.60000000 299.60456107
v 96.90000000 273.60000000 299.60456107
v 102.60000000 273.60000000 299.60456107
v 108.30000000 273.60000000 299.17337188
v 114.00000000 273.60000000 299.08413221
v 119.70000000 273.60000000 299.08413221
v 125.40000000 273.60000000 298.87008001
v 131.10000000 273.60000000 298.76889770
v 136.80000000 273.60000000 298.67584069
v 142.50000000 273.60000000 298.64943978
v 148.20000000 273.60000000 298.54597001
v 153.90000000 273.60000000 298.52078183
v 159.60000000 273.60000000 298.46134405
v 165.30000000 273.60000000 298.35165294
v 171.00000000 273.60000000 298.36656109
v 176.70000000 273.60000000 298.41411438
v 182.40000000 273.60000000 298.41810094
v 188.10000000 273.60000000 298.39446917
v 193.80000000 273.60000000 325.35037802
v 199.50000000 273.60000000 298.45408832
v 205.20000000 273.60000000 326.89839271
v 210.90000000 273.60000000 326.89337940
v 216.60000000 273.60000000 298.67870224
v 222.30000000 273.60000000 298.77784535
v 228.00000000 273.60000000 298.87431188
v 233.70000000 273.60000000 299.01361449
v 239.40000000 273.60000000 299.09065000
v 245.10000000 273.60000000 299.09065000
v 250.80000000 273.60000000 299.42581724
v 256.50000000 273.60000000 299.45524393
v 262.20000000 273.60000000 299.73591688
v 267.90000000 273.60000000 299.87933509
v 273.60000000 273.60000000 300.11854895
v 279.30000000 273.60000000 300.10881516
v 285.00000000 273.60000000 300.47501824
v 290.70000000 273.60000000 300.59137618
v 296.40000000 273.60000000 300.84238829
v 302.10000000 273.60000000 301.04417308
v 307.80000000 273.60000000 301.19752772
v 313.50000000 273.60000000 301.53869050
v 319.20000000 273.60000000 301.75146091
v 324.90000000 273.60000000 301.98825492
v 330.60000000 273.60000000 302.07033433
v 336.30000000 273.60000000 302.39506205
v 342.00000000 273.60000000 302.39565149
v 347.70000000 273.60000000 302.72106164
v 353.40000000 273.60000000 302.93829423
v 359.10000000 273.60000000 303.11362758
v 364.80000000 273.60000000 303.24143185
v 370.50000000 273.60000000 303.44887308
v 376.20000000 273.60000000 303.56754016
v 381.90000000 273.60000000 303.68635638
v 387.60000000 273.60000000 303.86945089
v 393.30000000 273.60000000 304.01886439
v 399.00000000 273.60000000 304.18238306
v 404.70000000 273.60000000 304.24205114
v 410.40000000 273.60000000 304.31844237
v 416.10000000 273.60000000 304.47952339
v 421.80000000 273.60000000 304.47910107
v 427.50000000 273.60000000 304.61579202
v 433.20000000 273.60000000 304.65597186
v 438.90000000 273.60000000 304.72855454
v 444.60000000 273.60000000 326.56289477
v 450.30000000 273.60000000 329.62408704
v 456.00000000 273.60000000 330.36643014
v 461.70000000 273.60000000 328.26633084
v 467.40000000 273.60000000 325.47453877
v 473.10000000 273.60000000 304.84289694
v 478.80000000 273.60000000 304.77054163
v 484.50000000 273.60000000 304.72755368
v 490.20000000 273.60000000 304.76389227
v 495.90000000 273.60000000 304.73248239
v 501.60000000 273.60000000 304.68968704
v 507.30000000 273.60000000 304.62238275
v 513.00000000 273.60000000 304.56743126
v 518.70000000 273.60000000 304.48854203
v 524.40000000 273.60000000 304.55021259
v 530.10000000 273.60000000 304.44401603
v 535.80000000 273.60000000 304.37715980
v 541.50000000 273.60000000 304.29654426
v 547.20000000 273.60000000 304.13928489
v 552.90000000 273.60000000 304.13928489
v 558.60000000 273.60000000 304.13928489
v 564.30000000 273.60000000 304.09678603
v 570.00000000 273.60000000 304.00904842
v 575.70000000 273.60000000 303.98456760
v 581.40000000 273.60000000 303.96039759
v 587.10000000 273.60000000 303.90694574
v 592.80000000 273.60000000 303.81368572
v 598.50000000 273.60000000 303.78892965
v 604.20000000 273.60000000 303.88580355
v 609.90000000 273.60000000 303.81481476
v 615.60000000 273.60000000 303.81098806
v 621.30000000 273.60000000 313.47214316
v 627.00000000 273.60000000 303.73397571
v 632.70000000 273.60000000 303.86234898
v 638.40000000 273.60000000 303.79844671
v 644.10000000 273.60000000 303.87711969
v 649.80000000 273.60000000 303.93058688
v 655.50000000 273.60000000 303.98929813
v 661.20000000 273.60000000 304.03501832
v 666.90000000 273.60000000 304.20882816
v 672.60000000 273.60000000 304.16064020
v 678.30000000 273.60000000 304.26214135
v 684.00000000 273.60000000 304.30215959
v 689.70000000 273.60000000 304.41391391
v 695.40000000 273.60000000 304.45974183
v 701.10000000 273.60000000 304.45974183
v 706.80000000 273.60000000 304.68427235
v 712.50000000 273.60000000 304.82692795
v 718.20000000 273.60000000 304.89545515
v 723.90000000 273.60000000 304.95960201
v 729.60000000 273.60000000 305.08815206
v 735.30000000 273.60000000 305.22630204
v 741.00000000 273.60000000 305.28442455
v 746.70000000 273.60000000 305.43952618
v 752.40000000 273.60000000 305.46365130
v 758.10000000 273.60000000 305.58898735
v 763.80000000 273.60000000 305.63382743
v 769.50000000 273.60000000 305.68241602
v 775.20000000 273.60000000 305.88554583
v 780.90000000 273.60000000 306.04501279
v 786.60000000 273.60000000 305.98993749
v 792.30000000 273.60000000 305.98993749
v 798.00000000 273.60000000 305.98993749
v 0.00000000 279.30000000 301.54972766
v 5.70000000 279.30000000 301.54972766
v 11.40000000 279.30000000 301.32788694
v 17.10000000 279.30000000 301.32788694
v 22.80000000 279.30000000 301.22520847
v 28.50000000 279.30000000 301.22520847
v 34.20000000 279.30000000 301.08303454
v 39.90000000 279.30000000 300.92322132
v 45.60000000 279.30000000 300.90812927
v 51.30000000 279.30000000 300.62329238
v 57.00000000 279.30000000 300.45693184
v 62.70000000 279.30000000 300.45693184
v 68.40000000 279.30000000 300.43413075
v 74.10000000 279.30000000 300.16042822
v 79.80000000 279.30000000 300.06731876
v 85.50000000 279.30000000 299.86227191
v 91.20000000 279.30000000 299.75037873
v 96.90000000 279.30000000 299.62274739
v 102.60000000 279.30000000 299.51428977
v 108.30000000 279.30000000 299.37173157
v 114.00000000 279.30000000 299.26964718
v 119.70000000 279.30000000 299.03757272
v 125.40000000 279.30000000 299.00470141
v 131.10000000 279.30000000 298.91065132
v 136.80000000 279.30000000 298.82022204
v 142.50000000 279.30000000 298.64943978
v 148.20000000 279.30000000 298.69082937
v 153.90000000 279.30000000 298.52078183
v 159.60000000 279.30000000 298.52078183
v 165.30000000 279.30000000 298.49693225
v 171.00000000 279.30000000 298.52168330
v 176.70000000 279.30000000 298.52203549
v 182.40000000 279.30000000 298.46140084
v 188.10000000 279.30000000 298.42500470
v 193.80000000 279.30000000 314.28175674
v 199.50000000 279.30000000 298.56066354
v 205.20000000 279.30000000 298.59053028
v 210.90000000 279.30000000 298.71206483
v 216.60000000 279.30000000 298.75326870
v 222.30000000 279.30000000 298.84111934
v 228.00000000 279.30000000 298.93885528
v 233.70000000 279.30000000 299.11662177
v 239.40000000 279.30000000 299.22428939
v 245.10000000 279.30000000 299.38299266
v 250.80000000 279.30000000 299.46550286
v 256.50000000 279.30000000 299.67138965
v 262.20000000 279.30000000 299.73591688
v 267.90000000 279.30000000 300.04551716
v 273.60000000 279.30000000 300.17930727
v 279.30000000 279.30000000 300.23744753
v 285.00000000 279.30000000 300.46609394
v 290.70000000 279.30000000 300.75591134
v 296.40000000 279.30000000 300.87039469
v 302.10000000 279.30000000 301.10941531
v 307.80000000 279.30000000 301.36670821
v 313.50000000 279.30000000 301.55903941
v 319.20000000 279.30000000 301.75667766
v 324.90000000 279.30000000 301.94893326
v 330.60000000 279.30000000 302.09441878
v 336.30000000 279.30000000 302.48209476
v 342.00000000 279.30000000 302.48209476
v 347.70000000 279.30000000 302.73446214
v 353.40000000 279.30000000 302.89508888
v 359.10000000 279.30000000 303.17150145
v 364.80000000 279.30000000 303.20078830
v 370.50000000 279.30000000 303.44048150
v 376.20000000 279.30000000 303.49052466
v 381.90000000 279.30000000 303.77481903
v 387.60000000 279.30000000 303.77638119
v 393.30000000 279.30000000 304.02185506
v 399.00000000 279.30000000 304.14959533
v 404.70000000 279.30000000 304.29755782
v 410.40000000 279.30000000 304.27988787
v 416.10000000 279.30000000 304.45994784
v 421.80000000 279.30000000 304.53391345
v 427.50000000 279.30000000 304.62880406
v 433.20000000 279.30000000 304.65597186
v 438.90000000 279.30000000 304.65597186
v 444.60000000 279.30000000 324.03773303
v 450.30000000 279.30000000 304.78219420
v 456.00000000 279.30000000 304.78963305
v 461.70000000 279.30000000 304.79394605
v 467.40000000 279.30000000 304.83383565
v 473.10000000 279.30000000 304.86148853
v 478.80000000 279.30000000 304.73551872
v 484.50000000 279.30000000 304.76363308
v 490.20000000 279.30000000 304.73217151
v 495.90000000 279.30000000 304.65706744
v 501.60000000 279.30000000 304.65706744
v 507.30000000 279.30000000 304.60136323
v 513.00000000 279.30000000 304.53703324
v 518.70000000 279.30000000 304.49245126
v 524.40000000 279.30000000 304.43621369
v 530.10000000 279.30000000 304.43621369
v 535.80000000 279.30000000 304.24708242
v 541.50000000 279.30000000 304.24708242
v 547.20000000 279.30000000 304.16152203
v 552.90000000 279.30000000 304.06688411
v 558.60000000 279.30000000 304.01830082
v 564.30000000 279.30000000 304.00732323
v 570.00000000 279.30000000 303.91570840
v 575.70000000 279.30000000 303.91570840
v 581.40000000 279.30000000 303.89001421
v 587.10000000 279.30000000 303.81746447
v 592.80000000 279.30000000 303.69157816
v 598.50000000 279.30000000 303.70312319
v 604.20000000 279.30000000 303.72207785
v 609.90000000 279.30000000 303.65494321
v 615.60000000 279.30000000 303.67560069
v 621.30000000 279.30000000 315.16976519
v 627.00000000 279.30000000 303.78521069
v 632.70000000 279.30000000 303.62340253
v 638.40000000 279.30000000 303.61097257
v 644.10000000 279.30000000 303.79433004
v 649.80000000 279.30000000 303.86249619
v 655.50000000 279.30000000 303.87180858
v 661.20000000 279.30000000 303.94862962
v 666.90000000 279.30000000 303.92555448
v 672.60000000 279.30000000 304.05496664
v 678.30000000 279.30000000 304.15544111
v 684.00000000 279.30000000 304.21623601
v 689.70000000 279.30000000 304.34468358
v 695.40000000 279.30000000 304.37205608
v 701.10000000 279.30000000 304.43829027
v 706.80000000 279.30000000 304.64596373
v 712.50000000 279.30000000 304.71587978
v 718.20000000 279.30000000 304.80449130
v 723.90000000 279.30000000 304.87580031
v 729.60000000 279.30000000 305.00490363
v 735.30000000 279.30000000 305.09599013
v 741.00000000 279.30000000 305.21988430
v 746.70000000 279.30000000 305.33930689
v 752.40000000 279.30000000 305.40688047
v 758.10000000 279.30000000 305.57978487
v 763.80000000 279.30000000 305.57870068
v 769.50000000 279.30000000 305.68241602
v 775.20000000 279.30000000 305.68241602
v 780.90000000 279.30000000 305.81330458
v 786.60000000 279.30000000 305.84734705
v 792.30000000 279.30000000 305.98993749
v 798.00000000 279.30000000 305.73658492
v 0.00000000 285.00000000 301.54972766
v 5.70000000 285.00000000 301.54972766
v 11.40000000 285.00000000 301.32788694
v 17.10000000 285.00000000 301.22520847
v 22.80000000 285.00000000 301.22520847
v 28.50000000 285.00000000 301.22520847
v 34.20000000 285.00000000 301.08303454
v 39.90000000 285.00000000 300.90812927
v 45.60000000 285.00000000 300.90812927
v 51.30000000 285.00000000 300.62329238
v 57.00000000 285.00000000 300.65907236
v 62.70000000 285.00000000 300.65907236
v 68.40000000 285.00000000 300.51116797
v 74.10000000 285.00000000 300.34424411
v 79.80000000 285.00000000 300.26010487
v 85.50000000 285.00000000 300.02961328
v 91.20000000 285.00000000 299.92397898
v 96.90000000 285.00000000 299.70132406
v 102.60000000 285.00000000 299.62171311
v 108.30000000 285.00000000 299.49204641
v 114.00000000 285.00000000 299.34090865
v 119.70000000 285.00000000 299.19846946
v 125.40000000 285.00000000 299.21937240
v 131.10000000 285.00000000 299.01760353
v 136.80000000 285.00000000 298.98120733
v 142.50000000 285.00000000 298.91796637
v 148.20000000 285.00000000 298.80849965
v 153.90000000 285.00000000 298.52078183
v 159.60000000 285.00000000 298.57433574
v 165.30000000 285.00000000 298.62307753
v 171.00000000 285.00000000 298.46664576
v 176.70000000 285.00000000 298.58458426
v 182.40000000 285.00000000 298.62716948
v 188.10000000 285.00000000 298.49383554
v 193.80000000 285.00000000 316.32323535
v 199.50000000 285.00000000 298.65189165
v 205.20000000 285.00000000 298.84105814
v 210.90000000 285.00000000 298.84105814
v 216.60000000 285.00000000 298.85744502
v 222.30000000 285.00000000 298.97447311
v 228.00000000 285.00000000 299.06440152
v 233.70000000 285.00000000 299.14276795
v 239.40000000 285.00000000 299.28228412
v 245.10000000 285.00000000 299.49953588
v 250.80000000 285.00000000 299.52686927
v 256.50000000 285.00000000 299.80379960
v 262.20000000 285.00000000 299.94461917
v 267.90000000 285.00000000 299.98264082
v 273.60000000 285.00000000 300.17930727
v 279.30000000 285.00000000 300.36167622
v 285.00000000 285.00000000 300.67651695
v 290.70000000 285.00000000 300.72438524
v 296.40000000 285.00000000 301.01175946
v 302.10000000 285.00000000 301.25525058
v 307.80000000 285.00000000 301.32397739
v 313.50000000 285.00000000 301.68136126
v 319.20000000 285.00000000 301.74429229
v 324.90000000 285.00000000 302.02919942
v 330.60000000 285.00000000 302.11832823
v 336.30000000 285.00000000 302.39830886
v 342.00000000 285.00000000 302.52330124
v 347.70000000 285.00000000 302.75269872
v 353.40000000 285.00000000 303.00003740
v 359.10000000 285.00000000 303.10817737
v 364.80000000 285.00000000 303.29799960
v 370.50000000 285.00000000 303.42639399
v 376.20000000 285.00000000 303.62762889
v 381.90000000 285.00000000 303.78284383
v 387.60000000 285.00000000 303.93677459
v 393.30000000 285.00000000 304.00090215
v 399.00000000 285.00000000 304.14483385
v 404.70000000 285.00000000 304.27479241
v 410.40000000 285.00000000 304.33786098
v 416.10000000 285.00000000 304.41478768
v 421.80000000 285.00000000 304.53181179
v 427.50000000 285.00000000 304.59176401
v 433.20000000 285.00000000 304.61906934
v 438.90000000 285.00000000 304.68046984
v 444.60000000 285.00000000 320.93734124
v 450.30000000 285.00000000 304.75343768
v 456.00000000 285.00000000 304.75696798
v 461.70000000 285.00000000 304.80081420
v 467.40000000 285.00000000 304.79830266
v 473.10000000 285.00000000 304.73105560
v 478.80000000 285.00000000 304.67848140
v 484.50000000 285.00000000 304.65886083
v 490.20000000 285.00000000 304.70670471
v 495.90000000 285.00000000 304.65706744
v 501.60000000 285.00000000 304.58830062
v 507.30000000 285.00000000 304.54521395
v 513.00000000 285.00000000 304.46702146
v 518.70000000 285.00000000 304.42046045
v 524.40000000 285.00000000 304.36362463
v 530.10000000 285.00000000 304.26506710
v 535.80000000 285.00000000 304.21992603
v 541.50000000 285.00000000 303.99870631
v 547.20000000 285.00000000 304.07836866
v 552.90000000 285.00000000 303.97596161
v 558.60000000 285.00000000 303.97236807
v 564.30000000 285.00000000 303.90950572
v 570.00000000 285.00000000 303.87842775
v 575.70000000 285.00000000 303.82552612
v 581.40000000 285.00000000 303.70528371
v 587.10000000 285.00000000 303.72478712
v 592.80000000 285.00000000 303.69157816
v 598.50000000 285.00000000 303.60081439
v 604.20000000 285.00000000 303.62803293
v 609.90000000 285.00000000 303.65494321
v 615.60000000 285.00000000 303.65494321
v 621.30000000 285.00000000 303.59677155
v 627.00000000 285.00000000 303.61572726
v 632.70000000 285.00000000 303.62340253
v 638.40000000 285.00000000 303.66852372
v 644.10000000 285.00000000 303.64123570
v 649.80000000 285.00000000 303.70151982
v 655.50000000 285.00000000 303.79766236
v 661.20000000 285.00000000 303.94862962
v 666.90000000 285.00000000 303.84111920
v 672.60000000 285.00000000 303.97606301
v 678.30000000 285.00000000 304.05532551
v 684.00000000 285.00000000 304.21464089
v 689.70000000 285.00000000 304.21464089
v 695.40000000 285.00000000 304.24376938
v 701.10000000 285.00000000 304.41931478
v 706.80000000 285.00000000 304.47052078
v 712.50000000 285.00000000 304.50987946
v 718.20000000 285.00000000 304.67203453
v 723.90000000 285.00000000 304.83694966
v 729.60000000 285.00000000 304.88631224
v 735.30000000 285.00000000 305.03234878
v 741.00000000 285.00000000 305.10611561
v 746.70000000 285.00000000 305.20040110
v 752.40000000 285.00000000 305.47258600
v 758.10000000 285.00000000 305.47258600
v 763.80000000 285.00000000 305.57362895
v 769.50000000 285.00000000 305.55307744
v 775.20000000 285.00000000 305.64706472
v 780.90000000 285.00000000 305.64844376
v 786.60000000 285.00000000 305.78047233
v 792.30000000 285.00000000 305.88781596
v 798.00000000 285.00000000 305.73658492
v 0.00000000 290.70000000 301.54972766
v 5.70000000 290.70000000 301.54972766
v 11.40000000 290.70000000 301.22520847
v 17.10000000 290.70000000 301.22520847
v 22.80000000 290.70000000 301.22520847
v 28.50000000 290.70000000 301.22520847
v 34.20000000 290.70000000 300.90812927
v 39.90000000 290.70000000 300.90812927
v 45.60000000 290.70000000 300.90812927
v 51.30000000 290.70000000 300.62329238
v 57.00000000 290.70000000 300.56643229
v 62.70000000 290.70000000 300.56643229
v 68.40000000 290.70000000 300.42707907
v 74.10000000 290.70000000 300.39659496
v 79.80000000 290.70000000 300.25981356
v 85.50000000 290.70000000 300.06706393
v 91.20000000 290.70000000 299.82900795
v 96.90000000 290.70000000 299.82900795
v 102.60000000 290.70000000 299.77569934
v 108.30000000 290.70000000 299.66451478
v 114.00000000 290.70000000 299.42269753
v 119.70000000 290.70000000 299.39626212
v 125.40000000 290.70000000 299.31277865
v 131.10000000 290.70000000 299.17340490
v 136.80000000 290.70000000 298.98888852
v 142.50000000 290.70000000 298.96404522
v 148.20000000 290.70000000 298.81585579
v 153.90000000 290.70000000 298.77365438
v 159.60000000 290.70000000 298.84574685
v 165.30000000 290.70000000 298.74998867
v 171.00000000 290.70000000 298.70786550
v 176.70000000 290.70000000 298.63326692
v 182.40000000 290.70000000 298.60752687
v 188.10000000 290.70000000 298.80961172
v 193.80000000 290.70000000 309.05649861
v 199.50000000 290.70000000 309.05649861
v 205.20000000 290.70000000 298.81776273
v 210.90000000 290.70000000 298.85365367
v 216.60000000 290.70000000 298.95394238
v 222.30000000 290.70000000 299.07283356
v 228.00000000 290.70000000 299.08035720
v 233.70000000 290.70000000 299.26621184
v 239.40000000 290.70000000 299.34371861
v 245.10000000 290.70000000 299.51115521
v 250.80000000 290.70000000 299.68460146
v 256.50000000 290.70000000 299.77747252
v 262.20000000 290.70000000 299.90918602
v 267.90000000 290.70000000 300.15453409
v 273.60000000 290.70000000 300.34970133
v 279.30000000 290.70000000 300.53819717
v 285.00000000 290.70000000 300.64925176
v 290.70000000 290.70000000 300.71901536
v 296.40000000 290.70000000 301.04656625
v 302.10000000 290.70000000 301.30689536
v 307.80000000 290.70000000 301.51016544
v 313.50000000 290.70000000 301.58461849
v 319.20000000 290.70000000 301.79074938
v 324.90000000 290.70000000 301.94693325
v 330.60000000 290.70000000 302.23761016
v 336.30000000 290.70000000 302.38229254
v 342.00000000 290.70000000 302.60822819
v 347.70000000 290.70000000 302.79841432
v 353.40000000 290.70000000 302.93720672
v 359.10000000 290.70000000 303.18465318
v 364.80000000 290.70000000 303.30073511
v 370.50000000 290.70000000 303.46956739
v 376.20000000 290.70000000 303.65411824
v 381.90000000 290.70000000 303.83625407
v 387.60000000 290.70000000 303.95006097
v 393.30000000 290.70000000 304.03583669
v 399.00000000 290.70000000 304.15602754
v 404.70000000 290.70000000 304.25765070
v 410.40000000 290.70000000 304.33252201
v 416.10000000 290.70000000 304.42063136
v 421.80000000 290.70000000 304.50378079
v 427.50000000 290.70000000 304.59176401
v 433.20000000 290.70000000 304.59905128
v 438.90000000 290.70000000 304.66055257
v 444.60000000 290.70000000 315.91879605
v 450.30000000 290.70000000 304.72026011
v 456.00000000 290.70000000 304.67404882
v 461.70000000 290.70000000 304.70400967
v 467.40000000 290.70000000 304.69015930
v 473.10000000 290.70000000 304.67907002
v 478.80000000 290.70000000 304.64152519
v 484.50000000 290.70000000 304.62419494
v 490.20000000 290.70000000 304.58807830
v 495.90000000 290.70000000 304.54025053
v 501.60000000 290.70000000 304.56360952
v 507.30000000 290.70000000 304.42363198
v 513.00000000 290.70000000 304.37003504
v 518.70000000 290.70000000 304.32591311
v 524.40000000 290.70000000 304.25895904
v 530.10000000 290.70000000 304.16548284
v 535.80000000 290.70000000 304.12423218
v 541.50000000 290.70000000 304.06807491
v 547.20000000 290.70000000 303.99789179
v 552.90000000 290.70000000 303.87869865
v 558.60000000 290.70000000 303.87909885
v 564.30000000 290.70000000 303.80222687
v 570.00000000 290.70000000 303.79965082
v 575.70000000 290.70000000 303.67903289
v 581.40000000 290.70000000 303.64150367
v 587.10000000 290.70000000 303.59754117
v 592.80000000 290.70000000 303.52004012
v 598.50000000 290.70000000 303.50033000
v 604.20000000 290.70000000 303.48419368
v 609.90000000 290.70000000 303.51752792
v 615.60000000 290.70000000 303.51752792
v 621.30000000 290.70000000 303.59677155
v 627.00000000 290.70000000 303.51721940
v 632.70000000 290.70000000 303.49376799
v 638.40000000 290.70000000 303.55465974
v 644.10000000 290.70000000 303.58382445
v 649.80000000 290.70000000 303.57681443
v 655.50000000 290.70000000 303.67864707
v 661.20000000 290.70000000 303.72009059
v 666.90000000 290.70000000 303.78957966
v 672.60000000 290.70000000 303.78090362
v 678.30000000 290.70000000 304.05532551
v 684.00000000 290.70000000 304.08779036
v 689.70000000 290.70000000 304.16418856
v 695.40000000 290.70000000 304.22308696
v 701.10000000 290.70000000 304.26987681
v 706.80000000 290.70000000 304.44350975
v 712.50000000 290.70000000 304.53143337
v 718.20000000 290.70000000 304.62220487
v 723.90000000 290.70000000 304.78053225
v 729.60000000 290.70000000 304.82895738
v 735.30000000 290.70000000 304.85874877
v 741.00000000 290.70000000 304.88999149
v 746.70000000 290.70000000 305.12231619
v 752.40000000 290.70000000 305.21406876
v 758.10000000 290.70000000 305.29767566
v 763.80000000 290.70000000 305.43508043
v 769.50000000 290.70000000 305.48502320
v 775.20000000 290.70000000 305.52308118
v 780.90000000 290.70000000 305.63966182
v 786.60000000 290.70000000 305.59794017
v 792.30000000 290.70000000 305.67312791
v 798.00000000 290.70000000 305.67312791
v 0.00000000 296.40000000 301.54972766
v 5.70000000 296.40000000 301.22520847
v 11.40000000 296.40000000 301.22520847
v 17.10000000 296.40000000 301.22520847
v 22.80000000 296.40000000 301.22520847
v 28.50000000 296.40000000 301.22520847
v 34.20000000 296.40000000 300.90812927
v 39.90000000 296.40000000 300.90812927
v 45.60000000 296.40000000 300.90812927
v 51.30000000 296.40000000 300.56643229
v 57.00000000 296.40000000 300.56643229
v 62.70000000 296.40000000 300.56643229
v 68.40000000 296.40000000 300.42707907
v 74.10000000 296.40000000 300.39659496
v 79.80000000 296.40000000 300.36645941
v 85.50000000 296.40000000 300.27971751
v 91.20000000 296.40000000 300.11618654
v 96.90000000 296.40000000 299.97756461
v 102.60000000 296.40000000 299.88873483
v 108.30000000 296.40000000 299.71429508
v 114.00000000 296.40000000 299.65647878
v 119.70000000 296.40000000 299.30881769
v 125.40000000 296.40000000 299.36081680
v 131.10000000 296.40000000 299.41920330
v 136.80000000 296.40000000 299.19101227
v 142.50000000 296.40000000 299.06684427
v 148.20000000 296.40000000 299.01054269
v 153.90000000 296.40000000 298.98179189
v 159.60000000 296.40000000 298.83876397
v 165.30000000 296.40000000 298.85950322
v 171.00000000 296.40000000 298.75789279
v 176.70000000 296.40000000 298.84572052
v 182.40000000 296.40000000 298.85483079
v 188.10000000 296.40000000 298.80961172
v 193.80000000 296.40000000 298.86046505
v 199.50000000 296.40000000 298.81180515
v 205.20000000 296.40000000 298.90813723
v 210.90000000 296.40000000 298.95026967
v 216.60000000 296.40000000 299.09737214
v 222.30000000 296.40000000 299.13683788
v 228.00000000 296.40000000 299.24255079
v 233.70000000 296.40000000 299.38915766
v 239.40000000 296.40000000 299.41839558
v 245.10000000 296.40000000 299.57509467
v 250.80000000 296.40000000 299.73936116
v 256.50000000 296.40000000 299.93170249
v 262.20000000 296.40000000 300.04696829
v 267.90000000 296.40000000 300.17305639
v 273.60000000 296.40000000 300.34755366
v 279.30000000 296.40000000 300.57209949
v 285.00000000 296.40000000 300.70015424
v 290.70000000 296.40000000 300.91237822
v 296.40000000 296.40000000 301.04598926
v 302.10000000 296.40000000 301.32587858
v 307.80000000 296.40000000 301.54690745
v 313.50000000 296.40000000 301.62139856
v 319.20000000 296.40000000 301.92778148
v 324.90000000 296.40000000 302.00299610
v 330.60000000 296.40000000 302.26679169
v 336.30000000 296.40000000 302.54536427
v 342.00000000 296.40000000 302.69737207
v 347.70000000 296.40000000 302.79841432
v 353.40000000 296.40000000 303.07286949
v 359.10000000 296.40000000 303.28019234
v 364.80000000 296.40000000 303.36042913
v 370.50000000 296.40000000 303.46243360
v 376.20000000 296.40000000 303.52413124
v 381.90000000 296.40000000 303.79990224
v 387.60000000 296.40000000 303.95066989
v 393.30000000 296.40000000 303.98541858
v 399.00000000 296.40000000 304.16894435
v 404.70000000 296.40000000 304.25123701
v 410.40000000 296.40000000 304.34490648
v 416.10000000 296.40000000 304.37774093
v 421.80000000 296.40000000 304.37774093
v 427.50000000 296.40000000 304.52483798
v 433.20000000 296.40000000 304.59905128
v 438.90000000 296.40000000 304.61061671
v 444.60000000 296.40000000 310.19485538
v 450.30000000 296.40000000 304.70359542
v 456.00000000 296.40000000 304.61316757
v 461.70000000 296.40000000 304.65604677
v 467.40000000 296.40000000 304.68073543
v 473.10000000 296.40000000 304.63824659
v 478.80000000 296.40000000 304.60422055
v 484.50000000 296.40000000 304.62795223
v 490.20000000 296.40000000 304.49405141
v 495.90000000 296.40000000 304.41375717
v 501.60000000 296.40000000 304.41634395
v 507.30000000 296.40000000 304.42363198
v 513.00000000 296.40000000 304.31792478
v 518.70000000 296.40000000 304.17922468
v 524.40000000 296.40000000 304.18822911
v 530.10000000 296.40000000 304.16548284
v 535.80000000 296.40000000 304.13780774
v 541.50000000 296.40000000 303.98808097
v 547.20000000 296.40000000 303.99789179
v 552.90000000 296.40000000 303.77039688
v 558.60000000 296.40000000 303.72958129
v 564.30000000 296.40000000 303.72958129
v 570.00000000 296.40000000 303.65873439
v 575.70000000 296.40000000 303.48528128
v 581.40000000 296.40000000 303.52286092
v 587.10000000 296.40000000 303.52286092
v 592.80000000 296.40000000 303.47808221
v 598.50000000 296.40000000 303.43442492
v 604.20000000 296.40000000 303.39798628
v 609.90000000 296.40000000 303.42191921
v 615.60000000 296.40000000 303.36656554
v 621.30000000 296.40000000 303.41558647
v 627.00000000 296.40000000 303.42983883
v 632.70000000 296.40000000 303.32555618
v 638.40000000 296.40000000 303.44009786
v 644.10000000 296.40000000 303.46129229
v 649.80000000 296.40000000 303.48273576
v 655.50000000 296.40000000 303.49509729
v 661.20000000 296.40000000 303.52822457
v 666.90000000 296.40000000 303.65984970
v 672.60000000 296.40000000 303.74513850
v 678.30000000 296.40000000 303.81029180
v 684.00000000 296.40000000 303.87743176
v 689.70000000 296.40000000 304.06212452
v 695.40000000 296.40000000 304.05622681
v 701.10000000 296.40000000 304.13009019
v 706.80000000 296.40000000 304.28197846
v 712.50000000 296.40000000 304.32393349
v 718.20000000 296.40000000 304.48192733
v 723.90000000 296.40000000 304.60297576
v 729.60000000 296.40000000 304.66081458
v 735.30000000 296.40000000 304.72445461
v 741.00000000 296.40000000 304.88999149
v 746.70000000 296.40000000 305.01184123
v 752.40000000 296.40000000 305.12423711
v 758.10000000 296.40000000 305.23516143
v 763.80000000 296.40000000 305.43508043
v 769.50000000 296.40000000 305.34441118
v 775.20000000 296.40000000 305.43570476
v 780.90000000 296.40000000 305.45741304
v 786.60000000 296.40000000 305.58205195
v 792.30000000 296.40000000 305.73592615
v 798.00000000 296.40000000 305.73592615
v 0.00000000 302.10000000 301.54972766
v 5.70000000 302.10000000 301.22520847
v 11.40000000 302.10000000 301.22520847
v 17.10000000 302.10000000 301.22520847
v 22.80000000 302.10000000 301.22520847
v 28.50000000 302.10000000 300.90812927
v 34.20000000 302.10000000 300.90812927
v 39.90000000 302.10000000 300.90812927
v 45.60000000 302.10000000 300.56643229
v 51.30000000 302.10000000 300.56643229
v 57.00000000 302.10000000 300.56643229
v 62.70000000 302.10000000 300.56643229
v 68.40000000 302.10000000 300.42707907
v 74.10000000 302.10000000 300.36645941
v 79.80000000 302.10000000 300.36645941
v 85.50000000 302.10000000 300.27971751
v 91.20000000 302.10000000 300.20966997
v 96.90000000 302.10000000 300.07055266
v 102.60000000 302.10000000 300.03221735
v 108.30000000 302.10000000 299.79741417
v 114.00000000 302.10000000 299.76337930
v 119.70000000 302.10000000 299.78779601
v 125.40000000 302.10000000 299.44958582
v 131.10000000 302.10000000 299.41920330
v 136.80000000 302.10000000 299.23350053
v 142.50000000 302.10000000 299.18086567
v 148.20000000 302.10000000 299.28414829
v 153.90000000 302.10000000 299.09096987
v 159.60000000 302.10000000 299.06516444
v 165.30000000 302.10000000 299.01611916
v 171.00000000 302.10000000 298.98313767
v 176.70000000 302.10000000 298.89920032
v 182.40000000 302.10000000 298.93043029
v 188.10000000 302.10000000 298.91879513
v 193.80000000 302.10000000 298.88316317
v 199.50000000 302.10000000 299.00649668
v 205.20000000 302.10000000 299.00957184
v 210.90000000 302.10000000 299.06364058
v 216.60000000 302.10000000 299.22827973
v 222.30000000 302.10000000 299.16308686
v 228.00000000 302.10000000 299.31584927
v 233.70000000 302.10000000 299.45568354
v 239.40000000 302.10000000 299.55256944
v 245.10000000 302.10000000 299.66009986
v 250.80000000 302.10000000 299.89898760
v 256.50000000 302.10000000 299.91519132
v 262.20000000 302.10000000 300.08504157
v 267.90000000 302.10000000 300.12409633
v 273.60000000 302.10000000 300.38137427
v 279.30000000 302.10000000 300.62289722
v 285.00000000 302.10000000 300.80752459
v 290.70000000 302.10000000 301.01023907
v 296.40000000 302.10000000 301.21404533
v 302.10000000 302.10000000 301.31132773
v 307.80000000 302.10000000 301.60565173
v 313.50000000 302.10000000 301.60565173
v 319.20000000 302.10000000 301.90533272
v 324.90000000 302.10000000 302.08763418
v 330.60000000 302.10000000 302.25148622
v 336.30000000 302.10000000 302.51607177
v 342.00000000 302.10000000 302.73885629
v 347.70000000 302.10000000 302.89714766
v 353.40000000 302.10000000 303.24079923
v 359.10000000 302.10000000 303.24079923
v 364.80000000 302.10000000 303.39306528
v 370.50000000 302.10000000 303.52494122
v 376.20000000 302.10000000 303.72185491
v 381.90000000 302.10000000 303.83670822
v 387.60000000 302.10000000 303.95017967
v 393.30000000 302.10000000 304.02181037
v 399.00000000 302.10000000 304.15467990
v 404.70000000 302.10000000 304.22753603
v 410.40000000 302.10000000 304.22753603
v 416.10000000 302.10000000 304.40914128
v 421.80000000 302.10000000 304.51480846
v 427.50000000 302.10000000 304.50708745
v 433.20000000 302.10000000 304.50588672
v 438.90000000 302.10000000 304.61491919
v 444.60000000 302.10000000 304.62551459
v 450.30000000 302.10000000 304.63897527
v 456.00000000 302.10000000 304.64273907
v 461.70000000 302.10000000 304.61684255
v 467.40000000 302.10000000 304.62578096
v 473.10000000 302.10000000 304.52435913
v 478.80000000 302.10000000 304.48627032
v 484.50000000 302.10000000 304.53232733
v 490.20000000 302.10000000 304.46524828
v 495.90000000 302.10000000 304.42078352
v 501.60000000 302.10000000 304.35023379
v 507.30000000 302.10000000 304.21915448
v 513.00000000 302.10000000 304.24649521
v 518.70000000 302.10000000 304.17922468
v 524.40000000 302.10000000 304.08431473
v 530.10000000 302.10000000 304.06148400
v 535.80000000 302.10000000 303.97996013
v 541.50000000 302.10000000 303.87298239
v 547.20000000 302.10000000 303.77439750
v 552.90000000 302.10000000 303.74609784
v 558.60000000 302.10000000 303.72068463
v 564.30000000 302.10000000 303.62905450
v 570.00000000 302.10000000 303.59929115
v 575.70000000 302.10000000 303.48933038
v 581.40000000 302.10000000 303.40506143
v 587.10000000 302.10000000 303.37217802
v 592.80000000 302.10000000 303.33582795
v 598.50000000 302.10000000 303.30100166
v 604.20000000 302.10000000 303.31546201
v 609.90000000 302.10000000 303.30048123
v 615.60000000 302.10000000 303.19164603
v 621.30000000 302.10000000 303.25352710
v 627.00000000 302.10000000 303.32690087
v 632.70000000 302.10000000 303.27894767
v 638.40000000 302.10000000 303.27738436
v 644.10000000 302.10000000 303.35656887
v 649.80000000 302.10000000 303.42050264
v 655.50000000 302.10000000 303.40488235
v 661.20000000 302.10000000 303.50422773
v 666.90000000 302.10000000 303.54415604
v 672.60000000 302.10000000 303.62717100
v 678.30000000 302.10000000 303.63589248
v 684.00000000 302.10000000 303.73653525
v 689.70000000 302.10000000 303.83157905
v 695.40000000 302.10000000 303.90671467
v 701.10000000 302.10000000 304.03914364
v 706.80000000 302.10000000 304.13270950
v 712.50000000 302.10000000 304.21405322
v 718.20000000 302.10000000 304.27248059
v 723.90000000 302.10000000 304.45296520
v 729.60000000 302.10000000 304.49513561
v 735.30000000 302.10000000 304.68630156
v 741.00000000 302.10000000 304.81553329
v 746.70000000 302.10000000 304.88192462
v 752.40000000 302.10000000 304.88192462
v 758.10000000 302.10000000 305.13055538
v 763.80000000 302.10000000 305.19057894
v 769.50000000 302.10000000 305.13753486
v 775.20000000 302.10000000 305.29896487
v 780.90000000 302.10000000 305.45741304
v 786.60000000 302.10000000 305.45741304
v 792.30000000 302.10000000 305.59501154
v 798.00000000 302.10000000 305.59501154
v 0.00000000 307.80000000 301.22520847
v 5.70000000 307.80000000 301.22520847
v 11.40000000 307.80000000 301.22520847
v 17.10000000 307.80000000 301.22520847
v 22.80000000 307.80000000 301.22520847
v 28.50000000 307.80000000 300.90812927
v 34.20000000 307.80000000 300.90812927
v 39.90000000 307.80000000 300.56643229
v 45.60000000 307.80000000 300.56643229
v 51.30000000 307.80000000 300.56643229
v 57.00000000 307.80000000 300.56643229
v 62.70000000 307.80000000 300.56643229
v 68.40000000 307.80000000 300.36645941
v 74.10000000 307.80000000 300.36645941
v 79.80000000 307.80000000 300.36645941
v 85.50000000 307.80000000 300.20966997
v 91.20000000 307.80000000 300.20966997
v 96.90000000 307.80000000 300.07055266
v 102.60000000 307.80000000 300.04544348
v 108.30000000 307.80000000 299.73754237
v 114.00000000 307.80000000 299.73754237
v 119.70000000 307.80000000 299.78779601
v 125.40000000 307.80000000 299.57079689
v 131.10000000 307.80000000 299.43580140
v 136.80000000 307.80000000 299.42119312
v 142.50000000 307.80000000 299.31171531
v 148.20000000 307.80000000 299.28414829
v 153.90000000 307.80000000 299.12504193
v 159.60000000 307.80000000 299.17518803
v 165.30000000 307.80000000 299.07284226
v 171.00000000 307.80000000 299.08248390
v 176.70000000 307.80000000 299.08639427
v 182.40000000 307.80000000 299.00849406
v 188.10000000 307.80000000 299.05077301
v 193.80000000 307.80000000 299.08987171
v 199.50000000 307.80000000 299.11298412
v 205.20000000 307.80000000 299.17095847
v 210.90000000 307.80000000 299.17779314
v 216.60000000 307.80000000 299.26345345
v 222.30000000 307.80000000 299.32377146
v 228.00000000 307.80000000 299.47255807
v 233.70000000 307.80000000 299.45568354
v 239.40000000 307.80000000 299.60458738
v 245.10000000 307.80000000 299.76884568
v 250.80000000 307.80000000 299.88424395
v 256.50000000 307.80000000 299.96849588
v 262.20000000 307.80000000 300.14749959
v 267.90000000 307.80000000 300.36874976
v 273.60000000 307.80000000 300.49517017
v 279.30000000 307.80000000 300.72010993
v 285.00000000 307.80000000 300.85648396
v 290.70000000 307.80000000 300.85648396
v 296.40000000 307.80000000 301.23883311
v 302.10000000 307.80000000 301.46857996
v 307.80000000 307.80000000 301.66070118
v 313.50000000 307.80000000 301.82246875
v 319.20000000 307.80000000 302.00408484
v 324.90000000 307.80000000 302.23340667
v 330.60000000 307.80000000 302.42167805
v 336.30000000 307.80000000 302.42167805
v 342.00000000 307.80000000 302.78760978
v 347.70000000 307.80000000 302.84136875
v 353.40000000 307.80000000 303.17249848
v 359.10000000 307.80000000 303.17249848
v 364.80000000 307.80000000 303.30870320
v 370.50000000 307.80000000 303.68337724
v 376.20000000 307.80000000 303.68337724
v 381.90000000 307.80000000 303.83670822
v 387.60000000 307.80000000 303.95530740
v 393.30000000 307.80000000 303.99725199
v 399.00000000 307.80000000 304.15467990
v 404.70000000 307.80000000 304.22753603
v 410.40000000 307.80000000 304.47508115
v 416.10000000 307.80000000 304.47508115
v 421.80000000 307.80000000 304.43216120
v 427.50000000 307.80000000 304.50708745
v 433.20000000 307.80000000 304.55460147
v 438.90000000 307.80000000 304.55401362
v 444.60000000 307.80000000 304.62551459
v 450.30000000 307.80000000 304.55340253
v 456.00000000 307.80000000 304.54433304
v 461.70000000 307.80000000 304.54433304
v 467.40000000 307.80000000 304.56649734
v 473.10000000 307.80000000 304.54407458
v 478.80000000 307.80000000 304.48627032
v 484.50000000 307.80000000 304.51319760
v 490.20000000 307.80000000 304.43889328
v 495.90000000 307.80000000 304.42078352
v 501.60000000 307.80000000 304.13687371
v 507.30000000 307.80000000 304.13687371
v 513.00000000 307.80000000 304.21470318
v 518.70000000 307.80000000 304.10284651
v 524.40000000 307.80000000 304.00969595
v 530.10000000 307.80000000 303.93005113
v 535.80000000 307.80000000 303.86463845
v 541.50000000 307.80000000 303.73395670
v 547.20000000 307.80000000 303.73329585
v 552.90000000 307.80000000 303.74609784
v 558.60000000 307.80000000 303.58086063
v 564.30000000 307.80000000 303.48625136
v 570.00000000 307.80000000 303.43911585
v 575.70000000 307.80000000 303.41124110
v 581.40000000 307.80000000 303.36078053
v 587.10000000 307.80000000 303.26936024
v 592.80000000 307.80000000 303.13509656
v 598.50000000 307.80000000 303.18925142
v 604.20000000 307.80000000 303.23243939
v 609.90000000 307.80000000 303.15597715
v 615.60000000 307.80000000 303.19159892
v 621.30000000 307.80000000 303.18296238
v 627.00000000 307.80000000 303.12322332
v 632.70000000 307.80000000 303.13691995
v 638.40000000 307.80000000 303.27738436
v 644.10000000 307.80000000 303.17919217
v 649.80000000 307.80000000 303.21557034
v 655.50000000 307.80000000 303.33596188
v 661.20000000 307.80000000 303.34845048
v 666.90000000 307.80000000 303.32180187
v 672.60000000 307.80000000 303.42466421
v 678.30000000 307.80000000 303.54054103
v 684.00000000 307.80000000 303.59989756
v 689.70000000 307.80000000 303.86349445
v 695.40000000 307.80000000 303.79931455
v 701.10000000 307.80000000 303.96567997
v 706.80000000 307.80000000 304.13270950
v 712.50000000 307.80000000 304.02359465
v 718.20000000 307.80000000 304.26283461
v 723.90000000 307.80000000 304.26283461
v 729.60000000 307.80000000 304.53264021
v 735.30000000 307.80000000 304.61207296
v 741.00000000 307.80000000 304.60679822
v 746.70000000 307.80000000 304.72930731
v 752.40000000 307.80000000 304.92373454
v 758.10000000 307.80000000 304.94733572
v 763.80000000 307.80000000 305.04847998
v 769.50000000 307.80000000 305.13753486
v 775.20000000 307.80000000 305.30240677
v 780.90000000 307.80000000 305.40618919
v 786.60000000 307.80000000 305.40960391
v 792.30000000 307.80000000 305.49704460
v 798.00000000 307.80000000 305.49704460
v 0.00000000 313.50000000 301.22520847
v 5.70000000 313.50000000 301.22520847
v 11.40000000 313.50000000 301.22520847
v 17.10000000 313.50000000 301.22520847
v 22.80000000 313.50000000 301.22520847
v 28.50000000 313.50000000 300.90812927
v 34.20000000 313.50000000 300.90812927
v 39.90000000 313.50000000 300.56643229
v 45.60000000 313.50000000 300.56643229
v 51.30000000 313.50000000 300.56643229
v 57.00000000 313.50000000 300.56643229
v 62.70000000 313.50000000 300.56643229
v 68.40000000 313.50000000 300.36645941
v 74.10000000 313.50000000 300.36645941
v 79.80000000 313.50000000 300.20966997
v 85.50000000 313.50000000 300.20966997
v 91.20000000 313.50000000 300.20966997
v 96.90000000 313.50000000 300.04544348
v 102.60000000 313.50000000 300.04544348
v 108.30000000 313.50000000 299.73754237
v 114.00000000 313.50000000 299.73754237
v 119.70000000 313.50000000 299.78779601
v 125.40000000 313.50000000 299.67870983
v 131.10000000 313.50000000 299.43580140
v 136.80000000 313.50000000 299.42119312
v 142.50000000 313.50000000 299.31171531
v 148.20000000 313.50000000 299.28414829
v 153.90000000 313.50000000 299.12504193
v 159.60000000 313.50000000 299.17518803
v 165.30000000 313.50000000 299.11962868
v 171.00000000 313.50000000 299.11962868
v 176.70000000 313.50000000 299.08639427
v 182.40000000 313.50000000 299.04277036
v 188.10000000 313.50000000 299.05077301
v 193.80000000 313.50000000 299.08987171
v 199.50000000 313.50000000 299.21351202
v 205.20000000 313.50000000 299.17095847
v 210.90000000 313.50000000 299.17779314
v 216.60000000 313.50000000 299.30594279
v 222.30000000 313.50000000 299.32377146
v 228.00000000 313.50000000 299.47255807
v 233.70000000 313.50000000 299.66834364
v 239.40000000 313.50000000 299.66834364
v 245.10000000 313.50000000 299.75846773
v 250.80000000 313.50000000 299.88424395
v 256.50000000 313.50000000 300.19020813
v 262.20000000 313.50000000 300.21152181
v 267.90000000 313.50000000 300.21152181
v 273.60000000 313.50000000 300.49517017
v 279.30000000 313.50000000 300.72010993
v 285.00000000 313.50000000 300.85648396
v 290.70000000 313.50000000 300.85648396
v 296.40000000 313.50000000 301.23883311
v 302.10000000 313.50000000 301.45708827
v 307.80000000 313.50000000 301.66070118
v 313.50000000 313.50000000 301.82246875
v 319.20000000 313.50000000 302.00408484
v 324.90000000 313.50000000 302.23340667
v 330.60000000 313.50000000 302.40933352
v 336.30000000 313.50000000 302.40933352
v 342.00000000 313.50000000 302.78760978
v 347.70000000 313.50000000 302.84136875
v 353.40000000 313.50000000 303.17249848
v 359.10000000 313.50000000 303.17249848
v 364.80000000 313.50000000 303.30870320
v 370.50000000 313.50000000 303.68337724
v 376.20000000 313.50000000 303.68337724
v 381.90000000 313.50000000 303.95530740
v 387.60000000 313.50000000 303.95530740
v 393.30000000 313.50000000 303.99725199
v 399.00000000 313.50000000 303.99725199
v 404.70000000 313.50000000 304.22753603
v 410.40000000 313.50000000 304.47508115
v 416.10000000 313.50000000 304.47508115
v 421.80000000 313.50000000 304.43216120
v 427.50000000 313.50000000 304.55460147
v 433.20000000 313.50000000 304.55460147
v 438.90000000 313.50000000 304.55401362
v 444.60000000 313.50000000 304.55340253
v 450.30000000 313.50000000 304.55340253
v 456.00000000 313.50000000 304.54433304
v 461.70000000 313.50000000 304.54433304
v 467.40000000 313.50000000 304.56649734
v 473.10000000 313.50000000 304.54407458
v 478.80000000 313.50000000 304.48627032
v 484.50000000 313.50000000 304.51319760
v 490.20000000 313.50000000 304.43889328
v 495.90000000 313.50000000 304.43889328
v 501.60000000 313.50000000 304.13687371
v 507.30000000 313.50000000 304.13687371
v 513.00000000 313.50000000 304.21470318
v 518.70000000 313.50000000 303.95500064
v 524.40000000 313.50000000 303.95500064
v 530.10000000 313.50000000 303.79188391
v 535.80000000 313.50000000 303.79188391
v 541.50000000 313.50000000 303.73395670
v 547.20000000 313.50000000 303.73329585
v 552.90000000 313.50000000 303.51811210
v 558.60000000 313.50000000 303.51811210
v 564.30000000 313.50000000 303.38190816
v 570.00000000 313.50000000 303.43911585
v 575.70000000 313.50000000 303.28634092
v 581.40000000 313.50000000 303.36078053
v 587.10000000 313.50000000 303.17156244
v 592.80000000 313.50000000 303.10880130
v 598.50000000 313.50000000 303.13242744
v 604.20000000 313.50000000 303.12132942
v 609.90000000 313.50000000 303.06652227
v 615.60000000 313.50000000 302.98714310
v 621.30000000 313.50000000 303.01975321
v 627.00000000 313.50000000 303.04797368
v 632.70000000 313.50000000 303.09136218
v 638.40000000 313.50000000 303.10309922
v 644.10000000 313.50000000 303.17084571
v 649.80000000 313.50000000 303.11182342
v 655.50000000 313.50000000 303.18992561
v 661.20000000 313.50000000 303.29300517
v 666.90000000 313.50000000 303.21126539
v 672.60000000 313.50000000 303.39438497
v 678.30000000 313.50000000 303.46704619
v 684.00000000 313.50000000 303.52524866
v 689.70000000 313.50000000 303.62249839
v 695.40000000 313.50000000 303.79931455
v 701.10000000 313.50000000 303.84817407
v 706.80000000 313.50000000 303.76897610
v 712.50000000 313.50000000 304.03225119
v 718.20000000 313.50000000 304.26283461
v 723.90000000 313.50000000 304.24561703
v 729.60000000 313.50000000 304.34497213
v 735.30000000 313.50000000 304.34497213
v 741.00000000 313.50000000 304.60679822
v 746.70000000 313.50000000 304.63380928
v 752.40000000 313.50000000 304.76722475
v 758.10000000 313.50000000 304.94733572
v 763.80000000 313.50000000 305.05184179
v 769.50000000 313.50000000 305.13753486
v 775.20000000 313.50000000 305.15832894
v 780.90000000 313.50000000 305.15681736
v 786.60000000 313.50000000 305.15681736
v 792.30000000 313.50000000 305.49704460
v 798.00000000 313.50000000 305.49704460
v 0.00000000 319.20000000 301.22520847
v 5.70000000 319.20000000 301.22520847
v 11.40000000 319.20000000 301.22520847
v 17.10000000 319.20000000 301.22520847
v 22.80000000 319.20000000 300.90812927
v 28.50000000 319.20000000 300.90812927
v 34.20000000 319.20000000 300.56643229
v 39.90000000 319.20000000 300.56643229
v 45.60000000 319.20000000 300.56643229
v 51.30000000 319.20000000 300.56643229
v 57.00000000 319.20000000 300.56643229
v 62.70000000 319.20000000 300.56643229
v 68.40000000 319.20000000 300.36645941
v 74.10000000 319.20000000 300.36645941
v 79.80000000 319.20000000 300.20966997
v 85.50000000 319.20000000 300.20966997
v 91.20000000 319.20000000 300.04544348
v 96.90000000 319.20000000 300.04544348
v 102.60000000 319.20000000 300.04544348
v 108.30000000 319.20000000 299.73754237
v 114.00000000 319.20000000 299.73754237
v 119.70000000 319.20000000 299.67870983
v 125.40000000 319.20000000 299.67870983
v 131.10000000 319.20000000 299.67870983
v 136.80000000 319.20000000 299.42119312
v 142.50000000 319.20000000 299.31171531
v 148.20000000 319.20000000 299.28414829
v 153.90000000 319.20000000 299.12504193
v 159.60000000 319.20000000 299.17518803
v 165.30000000 319.20000000 299.11962868
v 171.00000000 319.20000000 299.11962868
v 176.70000000 319.20000000 299.04277036
v 182.40000000 319.20000000 299.04277036
v 188.10000000 319.20000000 299.04277036
v 193.80000000 319.20000000 299.21351202
v 199.50000000 319.20000000 299.21351202
v 205.20000000 319.20000000 299.21351202
v 210.90000000 319.20000000 299.30594279
v 216.60000000 319.20000000 299.30594279
v 222.30000000 319.20000000 299.30594279
v 228.00000000 319.20000000 299.47255807
v 233.70000000 319.20000000 299.66834364
v 239.40000000 319.20000000 299.66834364
v 245.10000000 319.20000000 299.75846773
v 250.80000000 319.20000000 300.19020813
v 256.50000000 319.20000000 300.19020813
v 262.20000000 319.20000000 300.21152181
v 267.90000000 319.20000000 300.21152181
v 273.60000000 319.20000000 300.49517017
v 279.30000000 319.20000000 300.72010993
v 285.00000000 319.20000000 300.85648396
v 290.70000000 319.20000000 300.85648396
v 296.40000000 319.20000000 301.45708827
v 302.10000000 319.20000000 301.45708827
v 307.80000000 319.20000000 301.45708827
v 313.50000000 319.20000000 301.82246875
v 319.20000000 319.20000000 302.00408484
v 324.90000000 319.20000000 302.40933352
v 330.60000000 319.20000000 302.40933352
v 336.30000000 319.20000000 302.40933352
v 342.00000000 319.20000000 302.78760978
v 347.70000000 319.20000000 302.84136875
v 353.40000000 319.20000000 303.17249848
v 359.10000000 319.20000000 303.17249848
v 364.80000000 319.20000000 303.30870320
v 370.50000000 319.20000000 303.68337724
v 376.20000000 319.20000000 303.68337724
v 381.90000000 319.20000000 303.95530740
v 387.60000000 319.20000000 303.95530740
v 393.30000000 319.20000000 303.99725199
v 399.00000000 319.20000000 303.99725199
v 404.70000000 319.20000000 303.99725199
v 410.40000000 319.20000000 304.47508115
v 416.10000000 319.20000000 304.47508115
v 421.80000000 319.20000000 304.43216120
v 427.50000000 319.20000000 304.55460147
v 433.20000000 319.20000000 304.55460147
v 438.90000000 319.20000000 304.55401362
v 444.60000000 319.20000000 304.55340253
v 450.30000000 319.20000000 304.55340253
v 456.00000000 319.20000000 304.54433304
v 461.70000000 319.20000000 304.54433304
v 467.40000000 319.20000000 304.56649734
v 473.10000000 319.20000000 304.54407458
v 478.80000000 319.20000000 304.48627032
v 484.50000000 319.20000000 304.51319760
v 490.20000000 319.20000000 304.43889328
v 495.90000000 319.20000000 304.43889328
v 501.60000000 319.20000000 304.13687371
v 507.30000000 319.20000000 304.13687371
v 513.00000000 319.20000000 303.95500064
v 518.70000000 319.20000000 303.95500064
v 524.40000000 319.20000000 303.95500064
v 530.10000000 319.20000000 303.79188391
v 535.80000000 319.20000000 303.79188391
v 541.50000000 319.20000000 303.73395670
v 547.20000000 319.20000000 303.73329585
v 552.90000000 319.20000000 303.51811210
v 558.60000000 319.20000000 303.51811210
v 564.30000000 319.20000000 303.38190816
v 570.00000000 319.20000000 303.28634092
v 575.70000000 319.20000000 303.28634092
v 581.40000000 319.20000000 303.17156244
v 587.10000000 319.20000000 303.17156244
v 592.80000000 319.20000000 303.10880130
v 598.50000000 319.20000000 303.13242744
v 604.20000000 319.20000000 303.12132942
v 609.90000000 319.20000000 303.06652227
v 615.60000000 319.20000000 302.98714310
v 621.30000000 319.20000000 303.01975321
v 627.00000000 319.20000000 303.04797368
v 632.70000000 319.20000000 303.09136218
v 638.40000000 319.20000000 303.10309922
v 644.10000000 319.20000000 303.17084571
v 649.80000000 319.20000000 303.11182342
v 655.50000000 319.20000000 303.18992561
v 661.20000000 319.20000000 303.18430431
v 666.90000000 319.20000000 303.21126539
v 672.60000000 319.20000000 303.39438497
v 678.30000000 319.20000000 303.30769950
v 684.00000000 319.20000000 303.30769950
v 689.70000000 319.20000000 303.51366135
v 695.40000000 319.20000000 303.51366135
v 701.10000000 319.20000000 303.84817407
v 706.80000000 319.20000000 303.76897610
v 712.50000000 319.20000000 304.03225119
v 718.20000000 319.20000000 304.24561703
v 723.90000000 319.20000000 304.24561703
v 729.60000000 319.20000000 304.34497213
v 735.30000000 319.20000000 304.34497213
v 741.00000000 319.20000000 304.63380928
v 746.70000000 319.20000000 304.63380928
v 752.40000000 319.20000000 304.76722475
v 758.10000000 319.20000000 304.76722475
v 763.80000000 319.20000000 305.05184179
v 769.50000000 319.20000000 305.15832894
v 775.20000000 319.20000000 305.15832894
v 780.90000000 319.20000000 305.15681736
v 786.60000000 319.20000000 305.15681736
v 792.30000000 319.20000000 305.49704460
v 798.00000000 319.20000000 305.49704460
f 1 142 2
f 2 143 3
f 3 144 4
f 4 145 5
f 5 146 6
f 6 147 7
f 7 148 8
f 8 149 9
f 9 150 10
f 10 151 11
f 11 152 12
f 12 153 13
f 13 154 14
f 14 155 15
f 15 156 16
f 16 157 17
f 17 158 18
f 18 159 19
f 19 160 20
f 20 161 21
f 21 162 22
f 22 163 23
f 23 164 24
f 24 165 25
f 25 166 26
f 26 167 27
f 27 168 28
f 28 169 29
f 29 170 30
f 30 171 31
f 31 172 32
f 32 173 33
f 33 174 34
f 34 175 35
f 35 176 36
f 36 177 37
f 37 178 38
f 38 179 39
f 39 180 40
f 40 181 41
f 41 182 42
f 42 183 43
f 43 184 44
f 44 185 45
f 45 186 46
f 46 187 47
f 47 188 48
f 48 189 49
f 49 190 50
f 50 191 51
f 51 192 52
f 52 193 53
f 53 194 54
f 54 195 55
f 55 196 56
f 56 197 57
f 57 198 58
f 58 199 59
f 59 200 60
f 60 201 61
f 61 202 62
f 62 203 63
f 63 204 64
f 64 205 65
f 65 206 66
f 66 207 67
f 67 208 68
f 68 209 69
f 69 210 70
f 70 211 71
f 71 212 72
f 72 213 73
f 73 214 74
f 74 215 75
f 75 216 76
f 76 217 77
f 77 218 78
f 78 219 79
f 79 220 80
f 80 221 81
f 81 222 82
f 82 223 83
f 83 224 84
f 84 225 85
f 85 226 86
f 86 227 87
f 87 228 88
f 88 229 89
f 89 230 90
f 90 231 91
f 91 232 92
f 92 233 93
f 93 234 94
f 94 235 95
f 95 236 96
f 96 237 97
f 97 238 98
f 98 239 99
f 99 240 100
f 100 241 101
f 101 242 102
f 102 243 103
f 103 244 104
f 104 245 105
f 105 246 106
f 106 247 107
f 107 248 108
f 108 249 109
f 109 250 110
f 110 251 111
f 111 252 112
f 112 253 113
f 113 254 114
f 114 255 115
f 115 256 116
f 116 257 117
f 117 258 118
f 118 259 119
f 119 260 120
f 120 261 121
f 121 262 122
f 122 263 123
f 123 264 124
f 124 265 125
f 125 266 126
f 126 267 127
f 127 268 128
f 128 269 129
f 129 270 130
f 130 271 131
f 131 272 132
f 132 273 133
f 133 274 134
f 134 275 135
f 135 276 136
f 136 277 137
f 137 278 138
f 138 279 139
f 139 280 140
f 140 281 141
f 142 283 143
f 143 284 144
f 144 285 145
f 145 286 146
f 146 287 147
f 147 288 148
f 148 289 149
f 149 290 150
f 150 291 151
f 151 292 152
f 152 293 153
f 153 294 154
f 154 295 155
f 155 296 156
f 156 297 157
f 157 298 158
f 158 299 159
f 159 300 160
f 160 301 161
f 161 302 162
f 162 303 163
f 163 304 164
f 164 305 165
f 165 306 166
f 166 307 167
f 167 308 168
f 168 309 169
f 169 310 170
f 170 311 171
f 171 312 172
f 172 313 173
f 173 314 174
f 174 315 175
f 175 316 176
f 176 317 177
f 177 318 178
f 178 319 179
f 179 320 180
f 180 321 181
f 181 322 182
f 182 323 183
f 183 324 184
f 184 325 185
f 185 326 186
f 186 327 187
f 187 328 188
f 188 329 189
f 189 330 190
f 190 331 191
f 191 332 192
f 192 333 193
f 193 334 194
f 194 335 195
f 195 336 196
f 196 337 197
f 197 338 198
f 198 339 199
f 199 340 200
f 200 341 201
f 201 342 202
f 202 343 203
f 203 344 204
f 204 345 205
f 205 346 206
f 206 347 207
f 207 348 208
f 208 349 209
f 209 350 210
f 210 351 211
f 211 352 212
f 212 353 213
f 213 354 214
f 214 355 215
f 215 356 216
f 216 357 217
f 217 358 218
f 218 359 219
f 219 360 220
f 220 361 221
f 221 362 222
f 222 363 223
f 223 364 224
f 224 365 225
f 225 366 226
f 226 367 227
f 227 368 228
f 228 369 229
f 229 370 230
f 230 371 231
f 231 372 232
f 232 373 233
f 233 374 234
f 234 375 235
f 235 376 236
f 236 377 237
f 237 378 238
f 238 379 239
f 239 380 240
f 240 381 241
f 241 382 242
f 242 383 243
f 243 384 244
f 244 385 245
f 245 386 246
f 246 387 247
f 247 388 248
f 248 389 249
f 249 390 250
f 250 391 251
f 251 392 252
f 252 393 253
f 253 394 254
f 254 395 255
f 255 396 256
f 256 397 257
f 257 398 258
f 258 399 259
f 259 400 260
f 260 401 261
f 261 402 262
f 262 403 263
f 263 404 264
f 264 405 265
f 265 406 266
f 266 407 267
f 267 408 268
f 268 409 269
f 269 410 270
f 270 411 271
f 271 412 272
f 272 413 273
f 273 414 274
f 274 415 275
f 275 416 276
f 276 417 277
f 277 418 278
f 278 419 279
f 279 420 280
f 280 421 281
f 281 422 282
f 283 424 284
f 284 425 285
f 285 426 286
f 286 427 287
f 287 428 288
f 288 429 289
f 289 430 290
f 290 431 291
f 291 432 292
f 292 433 293
f 293 434 294
f 294 435 295
f 295 436 296
f 296 437 297
f 297 438 298
f 298 439 299
f 299 440 300
f 300 441 301
f 301 442 302
f 302 443 303
f 303 444 304
f 304 445 305
f 305 446 306
f 306 447 307
f 307 448 308
f 308 449 309
f 309 450 310
f 310 451 311
f 311 452 312
f 312 453 313
f 313 454 314
f 314 455 315
f 315 456 316
f 316 457 317
f 317 458 318
f 318 459 319
f 319 460 320
f 320 461 321
f 321 462 322
f 322 463 323
f 323 464 324
f 324 465 325
f 325 466 326
f 326 467 327
f 327 468 328
f 328 469 329
f 329 470 330
f 330 471 331
f 331 472 332
f 332 473 333
f 333 474 334
f 334 475 335
f 335 476 336
f 336 477 337
f 337 478 338
f 338 479 339
f 339 480 340
f 340 481 341
f 341 482 342
f 342 483 343
f 343 484 344
f 344 485 345
f 345 486 346
f 346 487 347
f 347 488 348
f 348 489 349
f 349 490 350
f 350 491 351
f 351 492 352
f 352 493 353
f 353 494 354
f 354 495 355
f 355 496 356
f 356 497 357
f 357 498 358
f 358 499 359
f 359 500 360
f 360 501 361
f 361 502 362
f 362 503 363
f 363 504 364
f 364 505 365
f 365 506 366
f 366 507 367
f 367 508 368
f 368 509 369
f 369 510 370
f 370 511 371
f 371 512 372
f 372 513 373
f 373 514 374
f 374 515 375
f 375 516 376
f 376 517 377
f 377 518 378
f 378 519 379
f 379 520 380
f 380 521 381
f 381 522 382
f 382 523 383
f 383 524 384
f 384 525 385
f 385 526 386
f 386 527 387
f 387 528 388
f 388 529 389
f 389 530 390
f 390 531 391
f 391 532 392
f 392 533 393
f 393 534 394
f 394 535 395
f 395 536 396
f 396 537 397
f 397 538 398
f 398 539 399
f 399 540 400
f 400 541 401
f 401 542 402
f 402 543 403
f 403 544 404
f 404 545 405
f 405 546 406
f 406 547 407
f 407 548 408
f 408 549 409
f 409 550 410
f 410 551 411
f 411 552 412
f 412 553 413
f 413 554 414
f 414 555 415
f 415 556 416
f 416 557 417
f 417 558 418
f 418 559 419
f 419 560 420
f 420 561 421
f 421 562 422
f 422 563 423
f 424 565 425
f 425 566 426
f 426 567 427
f 427 568 428
f 428 569 429
f 429 570 430
f 430 571 431
f 431 572 432
f 432 573 433
f 433 574 434
f 434 575 435
f 435 576 436
f 436 577 437
f 437 578 438
f 438 579 439
f 439 580 440
f 440 581 441
f 441 582 442
f 442 583 443
f 443 584 444
f 444 585 445
f 445 586 446
f 446 587 447
f 447 588 448
f 448 589 449
f 449 590 450
f 450 591 451
f 451 592 452
f 452 593 453
f 453 594 454
f 454 595 455
f 455 596 456
f 456 597 457
f 457 598 458
f 458 599 459
f 459 600 460
f 460 601 461
f 461 602 462
f 462 603 463
f 463 604 464
f 464 605 465
f 465 606 466
f 466 607 467
f 467 608 468
f 468 609 469
f 469 610 470
f 470 611 471
f 471 612 472
f 472 613 473
f 473 614 474
f 474 615 475
f 475 616 476
f 476 617 477
f 477 618 478
f 478 619 479
f 479 620 480
f 480 621 481
f 481 622 482
f 482 623 483
f 483 624 484
f 484 625 485
f 485 626 486
f 486 627 487
f 487 628 488
f 488 629 489
f 489 630 490
f 490 631 491
f 491 632 492
f 492 633 493
f 493 634 494
f 494 635 495
f 495 636 496
f 496 637 497
f 497 638 498
f 498 639 499
f 499 640 500
f 500 641 501
f 501 642 502
f 502 643 503
f 503 644 504
f 504 645 505
f 505 646 506
f 506 647 507
f 507 648 508
f 508 649 509
f 509 650 510
f 510 651 511
f 511 652 512
f 512 653 513
f 513 654 514
f 514 655 515
f 515 656 516
f 516 657 517
f 517 658 518
f 518 659 519
f 519 660 520
f 520 661 521
f 521 662 522
f 522 663 523
f 523 664 524
f 524 665 525
f 525 666 526
f 526 667 527
f 527 668 528
f 528 669 529
f 529 670 530
f 530 671 531
f 531 672 532
f 532 673 533
f 533 674 534
f 534 675 535
f 535 676 536
f 536 677 537
f 537 678 538
f 538 679 539
f 539 680 540
f 540 681 541
f 541 682 542
f 542 683 543
f 543 684 544
f 544 685 545
f 545 686 546
f 546 687 547
f 547 688 548
f 548 689 549
f 549 690 550
f 550 691 551
f 551 692 552
f 552 693 553
f 553 694 554
f 554 695 555
f 555 696 556
f 556 697 557
f 557 698 558
f 558 699 559
f 559 700 560
f 560 701 561
f 561 702 562
f 562 703 563
f 563 704 564
f 565 706 566
f 566 707 567
f 567 708 568
f 568 709 569
f 569 710 570
f 570 711 571
f 571 712 572
f 572 713 573
f 573 714 574
f 574 715 575
f 575 716 576
f 576 717 577
f 577 718 578
f 578 719 579
f 579 720 580
f 580 721 581
f 581 722 582
f 582 723 583
f 583 724 584
f 584 725 585
f 585 726 586
f 586 727 587
f 587 728 588
f 588 729 589
f 589 730 590
f 590 731 591
f 591 732 592
f 592 733 593
f 593 734 594
f 594 735 595
f 595 736 596
f 596 737 597
f 597 738 598
f 598 739 599
f 599 740 600
f 600 741 601
f 601 742 602
f 602 743 603
f 603 744 604
f 604 745 605
f 605 746 606
f 606 747 607
f 607 748 608
f 608 749 609
f 609 750 610
f 610 751 611
f 611 752 612
f 612 753 613
f 613 754 614
f 614 755 615
f 615 756 616
f 616 757 617
f 617 758 618
f 618 759 619
f 619 760 620
f 620 761 621
f 621 762 622
f 622 763 623
f 623 764 624
f 624 765 625
f 625 766 626
f 626 767 627
f 627 768 628
f 628 769 629
f 629 770 630
f 630 771 631
f 631 772 632
f 632 773 633
f 633 774 634
f 634 775 635
f 635 776 636
f 636 777 637
f 637 778 638
f 638 779 639
f 639 780 640
f 640 781 641
f 641 782 642
f 642 783 643
f 643 784 644
f 644 785 645
f 645 786 646
f 646 787 647
f 647 788 648
f 648 789 649
f 649 790 650
f 650 791 651
f 651 792 652
f 652 793 653
f 653 794 654
f 654 795 655
f 655 796 656
f 656 797 657
f 657 798 658
f 658 799 659
f 659 800 660
f 660 801 661
f 661 802 662
f 662 803 663
f 663 804 664
f 664 805 665
f 665 806 666
f 666 807 667
f 667 808 668
f 668 809 669
f 669 810 670
f 670 811 671
f 671 812 672
f 672 813 673
f 673 814 674
f 674 815 675
f 675 816 676
f 676 817 677
f 677 818 678
f 678 819 679
f 679 820 680
f 680 821 681
f 681 822 682
f 682 823 683
f 683 824 684
f 684 825 685
f 685 826 686
f 686 827 687
f 687 828 688
f 688 829 689
f 689 830 690
f 690 831 691
f 691 832 692
f 692 833 693
f 693 834 694
f 694 835 695
f 695 836 696
f 696 837 697
f 697 838 698
f 698 839 699
f 699 840 700
f 700 841 701
f 701 842 702
f 702 843 703
f 703 844 704
f 704 845 705
f 706 847 707
f 707 848 708
f 708 849 709
f 709 850 710
f 710 851 711
f 711 852 712
f 712 853 713
f 713 854 714
f 714 855 715
f 715 856 716
f 716 857 717
f 717 858 718
f 718 859 719
f 719 860 720
f 720 861 721
f 721 862 722
f 722 863 723
f 723 864 724
f 724 865 725
f 725 866 726
f 726 867 727
f 727 868 728
f 728 869 729
f 729 870 730
f 730 871 731
f 731 872 732
f 732 873 733
f 733 874 734
f 734 875 735
f 735 876 736
f 736 877 737
f 737 878 738
f 738 879 739
f 739 880 740
f 740 881 741
f 741 882 742
f 742 883 743
f 743 884 744
f 744 885 745
f 745 886 746
f 746 887 747
f 747 888 748
f 748 889 749
f 749 890 750
f 750 891 751
f 751 892 752
f 752 893 753
f 753 894 754
f 754 895 755
f 755 896 756
f 756 897 757
f 757 898 758
f 758 899 759
f 759 900 760
f 760 901 761
f 761 902 762
f 762 903 763
f 763 904 764
f 764 905 765
f 765 906 766
f 766 907 767
f 767 908 768
f 768 909 769
f 769 910 770
f 770 911 771
f 771 912 772
f 772 913 773
f 773 914 774
f 774 915 775
f 775 916 776
f 776 917 777
f 777 918 778
f 778 919 779
f 779 920 780
f 780 921 781
f 781 922 782
f 782 923 783
f 783 924 784
f 784 925 785
f 785 926 786
f 786 927 787
f 787 928 788
f 788 929 789
f 789 930 790
f 790 931 791
f 791 932 792
f 792 933 793
f 793 934 794
f 794 935 795
f 795 936 796
f 796 937 797
f 797 938 798
f 798 939 799
f 799 940 800
f 800 941 801
f 801 942 802
f 802 943 803
f 803 944 804
f 804 945 805
f 805 946 806
f 806 947 807
f 807 948 808
f 808 949 809
f 809 950 810
f 810 951 811
f 811 952 812
f 812 953 813
f 813 954 814
f 814 955 815
f 815 956 816
f 816 957 817
f 817 958 818
f 818 959 819
f 819 960 820
f 820 961 821
f 821 962 822
f 822 963 823
f 823 964 824
f 824 965 825
f 825 966 826
f 826 967 827
f 827 968 828
f 828 969 829
f 829 970 830
f 830 971 831
f 831 972 832
f 832 973 833
f 833 974 834
f 834 975 835
f 835 976 836
f 836 977 837
f 837 978 838
f 838 979 839
f 839 980 840
f 840 981 841
f 841 982 842
f 842 983 843
f 843 984 844
f 844 985 845
f 845 986 846
f 847 988 848
f 848 989 849
f 849 990 850
f 850 991 851
f 851 992 852
f 852 993 853
f 853 994 854
f 854 995 855
f 855 996 856
f 856 997 857
f 857 998 858
f 858 999 859
f 859 1000 860
f 860 1001 861
f 861 1002 862
f 862 1003 863
f 863 1004 864
f 864 1005 865
f 865 1006 866
f 866 1007 867
f 867 1008 868
f 868 1009 869
f 869 1010 870
f 870 1011 871
f 871 1012 872
f 872 1013 873
f 873 1014 874
f 874 1015 875
f 875 1016 876
f 876 1017 877
f 877 1018 878
f 878 1019 879
f 879 1020 880
f 880 1021 881
f 881 1022 882
f 882 1023 883
f 883 1024 884
f 884 1025 885
f 885 1026 886
f 886 1027 887
f 887 1028 888
f 888 1029 889
f 889 1030 890
f 890 1031 891
f 891 1032 892
f 892 1033 893
f 893 1034 894
f 894 1035 895
f 895 1036 896
f 896 1037 897
f 897 1038 898
f 898 1039 899
f 899 1040 900
f 900 1041 901
f 901 1042 902
f 902 1043 903
f 903 1044 904
f 904 1045 905
f 905 1046 906
f 906 1047 907
f 907 1048 908
f 908 1049 909
f 909 1050 910
f 910 1051 911
f 911 1052 912
f 912 1053 913
f 913 1054 914
f 914 1055 915
f 915 1056 916
f 916 1057 917
f 917 1058 918
f 918 1059 919
f 919 1060 920
f 920 1061 921
f 921 1062 922
f 922 1063 923
f 923 1064 924
f 924 1065 925
f 925 1066 926
f 926 1067 927
f 927 1068 928
f 928 1069 929
f 929 1070 930
f 930 1071 931
f 931 1072 932
f 932 1073 933
f 933 1074 934
f 934 1075 935
f 935 1076 936
f 936 1077 937
f 937 1078 938
f 938 1079 939
f 939 1080 940
f 940 1081 941
f 941 1082 942
f 942 1083 943
f 943 1084 944
f 944 1085 945
f 945 1086 946
f 946 1087 947
f 947 1088 948
f 948 1089 949
f 949 1090 950
f 950 1091 951
f 951 1092 952
f 952 1093 953
f 953 1094 954
f 954 1095 955
f 955 1096 956
f 956 1097 957
f 957 1098 958
f 958 1099 959
f 959 1100 960
f 960 1101 961
f 961 1102 962
f 962 1103 963
f 963 1104 964
f 964 1105 965
f 965 1106 966
f 966 1107 967
f 967 1108 968
f 968 1109 969
f 969 1110 970
f 970 1111 971
f 971 1112 972
f 972 1113 973
f 973 1114 974
f 974 1115 975
f 975 1116 976
f 976 1117 977
f 977 1118 978
f 978 1119 979
f 979 1120 980
f 980 1121 981
f 981 1122 982
f 982 1123 983
f 983 1124 984
f 984 1125 985
f 985 1126 986
f 986 1127 987
f 988 1129 989
f 989 1130 990
f 990 1131 991
f 991 1132 992
f 992 1133 993
f 993 1134 994
f 994 1135 995
f 995 1136 996
f 996 1137 997
f 997 1138 998
f 998 1139 999
f 999 1140 1000
f 1000 1141 1001
f 1001 1142 1002
f 1002 1143 1003
f 1003 1144 1004
f 1004 1145 1005
f 1005 1146 1006
f 1006 1147 1007
f 1007 1148 1008
f 1008 1149 1009
f 1009 1150 1010
f 1010 1151 1011
f 1011 1152 1012
f 1012 1153 1013
f 1013 1154 1014
f 1014 1155 1015
f 1015 1156 1016
f 1016 1157 1017
f 1017 1158 1018
f 1018 1159 1019
f 1019 1160 1020
f 1020 1161 1021
f 1021 1162 1022
f 1022 1163 1023
f 1023 1164 1024
f 1024 1165 1025
f 1025 1166 1026
f 1026 1167 1027
f 1027 1168 1028
f 1028 1169 1029
f 1029 1170 1030
f 1030 1171 1031
f 1031 1172 1032
f 1032 1173 1033
f 1033 1174 1034
f 1034 1175 1035
f 1035 1176 1036
f 1036 1177 1037
f 1037 1178 1038
f 1038 1179 1039
f 1039 1180 1040
f 1040 1181 1041
f 1041 1182 1042
f 1042 1183 1043
f 1043 1184 1044
f 1044 1185 1045
f 1045 1186 1046
f 1046 1187 1047
f 1047 1188 1048
f 1048 1189 1049
f 1049 1190 1050
f 1050 1191 1051
f 1051 1192 1052
f 1052 1193 1053
f 1053 1194 1054
f 1054 1195 1055
f 1055 1196 1056
f 1056 1197 1057
f 1057 1198 1058
f 1058 1199 1059
f 1059 1200 1060
f 1060 1201 1061
f 1061 1202 1062
f 1062 1203 1063
f 1063 1204 1064
f 1064 1205 1065
f 1065 1206 1066
f 1066 1207 1067
f 1067 1208 1068
f 1068 1209 1069
f 1069 1210 1070
f 1070 1211 1071
f 1071 1212 1072
f 1072 1213 1073
f 1073 1214 1074
f 1074 1215 1075
f 1075 1216 1076
f 1076 1217 1077
f 1077 1218 1078
f 1078 1219 1079
f 1079 1220 1080
f 1080 1221 1081
f 1081 1222 1082
f 1082 1223 1083
f 1083 1224 1084
f 1084 1225 1085
f 1085 1226 1086
f 1086 1227 1087
f 1087 1228 1088
f 1088 1229 1089
f 1089 1230 1090
f 1090 1231 1091
f 1091 1232 1092
f 1092 1233 1093
f 1093 1234 1094
f 1094 1235 1095
f 1095 1236 1096
f 1096 1237 1097
f 1097 1238 1098
f 1098 1239 1099
f 1099 1240 1100
f 1100 1241 1101
f 1101 1242 1102
f 1102 1243 1103
f 1103 1244 1104
f 1104 1245 1105
f 1105 1246 1106
f 1106 1247 1107
f 1107 1248 1108
f 1108 1249 1109
f 1109 1250 1110
f 1110 1251 1111
f 1111 1252 1112
f 1112 1253 1113
f 1113 1254 1114
f 1114 1255 1115
f 1115 1256 1116
f 1116 1257 1117
f 1117 1258 1118
f 1118 1259 1119
f 1119 1260 1120
f 1120 1261 1121
f 1121 1262 1122
f 1122 1263 1123
f 1123 1264 1124
f 1124 1265 1125
f 1125 1266 1126
f 1126 1267 1127
f 1127 1268 1128
f 1129 1270 1130
f 1130 1271 1131
f 1131 1272 1132
f 1132 1273 1133
f 1133 1274 1134
f 1134 1275 1135
f 1135 1276 1136
f 1136 1277 1137
f 1137 1278 1138
f 1138 1279 1139
f 1139 1280 1140
f 1140 1281 1141
f 1141 1282 1142
f 1142 1283 1143
f 1143 1284 1144
f 1144 1285 1145
f 1145 1286 1146
f 1146 1287 1147
f 1147 1288 1148
f 1148 1289 1149
f 1149 1290 1150
f 1150 1291 1151
f 1151 1292 1152
f 1152 1293 1153
f 1153 1294 1154
f 1154 1295 1155
f 1155 1296 1156
f 1156 1297 1157
f 1157 1298 1158
f 1158 1299 1159
f 1159 1300 1160
f 1160 1301 1161
f 1161 1302 1162
f 1162 1303 1163
f 1163 1304 1164
f 1164 1305 1165
f 1165 1306 1166
f 1166 1307 1167
f 1167 1308 1168
f 1168 1309 1169
f 1169 1310 1170
f 1170 1311 1171
f 1171 1312 1172
f 1172 1313 1173
f 1173 1314 1174
f 1174 1315 1175
f 1175 1316 1176
f 1176 1317 1177
f 1177 1318 1178
f 1178 1319 1179
f 1179 1320 1180
f 1180 1321 1181
f 1181 1322 1182
f 1182 1323 1183
f 1183 1324 1184
f 1184 1325 1185
f 1185 1326 1186
f 1186 1327 1187
f 1187 1328 1188
f 1188 1329 1189
f 1189 1330 1190
f 1190 1331 1191
f 1191 1332 1192
f 1192 1333 1193
f 1193 1334 1194
f 1194 1335 1195
f 1195 1336 1196
f 1196 1337 1197
f 1197 1338 1198
f 1198 1339 1199
f 1199 1340 1200
f 1200 1341 1201
f 1201 1342 1202
f 1202 1343 1203
f 1203 1344 1204
f 1204 1345 1205
f 1205 1346 1206
f 1206 1347 1207
f 1207 1348 1208
f 1208 1349 1209
f 1209 1350 1210
f 1210 1351 1211
f 1211 1352 1212
f 1212 1353 1213
f 1213 1354 1214
f 1214 1355 1215
f 1215 1356 1216
f 1216 1357 1217
f 1217 1358 1218
f 1218 1359 1219
f 1219 1360 1220
f 1220 1361 1221
f 1221 1362 1222
f 1222 1363 1223
f 1223 1364 1224
f 1224 1365 1225
f 1225 1366 1226
f 1226 1367 1227
f 1227 1368 1228
f 1228 1369 1229
f 1229 1370 1230
f 1230 1371 1231
f 1231 1372 1232
f 1232 1373 1233
f 1233 1374 1234
f 1234 1375 1235
f 1235 1376 1236
f 1236 1377 1237
f 1237 1378 1238
f 1238 1379 1239
f 1239 1380 1240
f 1240 1381 1241
f 1241 1382 1242
f 1242 1383 1243
f 1243 1384 1244
f 1244 1385 1245
f 1245 1386 1246
f 1246 1387 1247
f 1247 1388 1248
f 1248 1389 1249
f 1249 1390 1250
f 1250 1391 1251
f 1251 1392 1252
f 1252 1393 1253
f 1253 1394 1254
f 1254 1395 1255
f 1255 1396 1256
f 1256 1397 1257
f 1257 1398 1258
f 1258 1399 1259
f 1259 1400 1260
f 1260 1401 1261
f 1261 1402 1262
f 1262 1403 1263
f 1263 1404 1264
f 1264 1405 1265
f 1265 1406 1266
f 1266 1407 1267
f 1267 1408 1268
f 1268 1409 1269
f 1270 1411 1271
f 1271 1412 1272
f 1272 1413 1273
f 1273 1414 1274
f 1274 1415 1275
f 1275 1416 1276
f 1276 1417 1277
f 1277 1418 1278
f 1278 1419 1279
f 1279 1420 1280
f 1280 1421 1281
f 1281 1422 1282
f 1282 1423 1283
f 1283 1424 1284
f 1284 1425 1285
f 1285 1426 1286
f 1286 1427 1287
f 1287 1428 1288
f 1288 1429 1289
f 1289 1430 1290
f 1290 1431 1291
f 1291 1432 1292
f 1292 1433 1293
f 1293 1434 1294
f 1294 1435 1295
f 1295 1436 1296
f 1296 1437 1297
f 1297 1438 1298
f 1298 1439 1299
f 1299 1440 1300
f 1300 1441 1301
f 1301 1442 1302
f 1302 1443 1303
f 1303 1444 1304
f 1304 1445 1305
f 1305 1446 1306
f 1306 1447 1307
f 1307 1448 1308
f 1308 1449 1309
f 1309 1450 1310
f 1310 1451 1311
f 1311 1452 1312
f 1312 1453 1313
f 1313 1454 1314
f 1314 1455 1315
f 1315 1456 1316
f 1316 1457 1317
f 1317 1458 1318
f 1318 1459 1319
f 1319 1460 1320
f 1320 1461 1321
f 1321 1462 1322
f 1322 1463 1323
f 1323 1464 1324
f 1324 1465 1325
f 1325 1466 1326
f 1326 1467 1327
f 1327 1468 1328
f 1328 1469 1329
f 1329 1470 1330
f 1330 1471 1331
f 1331 1472 1332
f 1332 1473 1333
f 1333 1474 1334
f 1334 1475 1335
f 1335 1476 1336
f 1336 1477 1337
f 1337 1478 1338
f 1338 1479 1339
f 1339 1480 1340
f 1340 1481 1341
f 1341 1482 1342
f 1342 1483 1343
f 1343 1484 1344
f 1344 1485 1345
f 1345 1486 1346
f 1346 1487 1347
f 1347 1488 1348
f 1348 1489 1349
f 1349 1490 1350
f 1350 1491 1351
f 1351 1492 1352
f 1352 1493 1353
f 1353 1494 1354
f 1354 1495 1355
f 1355 1496 1356
f 1356 1497 1357
f 1357 1498 1358
f 1358 1499 1359
f 1359 1500 1360
f 1360 1501 1361
f 1361 1502 1362
f 1362 1503 1363
f 1363 1504 1364
f 1364 1505 1365
f 1365 1506 1366
f 1366 1507 1367
f 1367 1508 1368
f 1368 1509 1369
f 1369 1510 1370
f 1370 1511 1371
f 1371 1512 1372
f 1372 1513 1373
f 1373 1514 1374
f 1374 1515 1375
f 1375 1516 1376
f 1376 1517 1377
f 1377 1518 1378
f 1378 1519 1379
f 1379 1520 1380
f 1380 1521 1381
f 1381 1522 1382
f 1382 1523 1383
f 1383 1524 1384
f 1384 1525 1385
f 1385 1526 1386
f 1386 1527 1387
f 1387 1528 1388
f 1388 1529 1389
f 1389 1530 1390
f 1390 1531 1391
f 1391 1532 1392
f 1392 1533 1393
f 1393 1534 1394
f 1394 1535 1395
f 1395 1536 1396
f 1396 1537 1397
f 1397 1538 1398
f 1398 1539 1399
f 1399 1540 1400
f 1400 1541 1401
f 1401 1542 1402
f 1402 1543 1403
f 1403 1544 1404
f 1404 1545 1405
f 1405 1546 1406
f 1406 1547 1407
f 1407 1548 1408
f 1408 1549 1409
f 1409 1550 1410
f 1411 1552 1412
f 1412 1553 1413
f 1413 1554 1414
f 1414 1555 1415
f 1415 1556 1416
f 1416 1557 1417
f 1417 1558 1418
f 1418 1559 1419
f 1419 1560 1420
f 1420 1561 1421
f 1421 1562 1422
f 1422 1563 1423
f 1423 1564 1424
f 1424 1565 1425
f 1425 1566 1426
f 1426 1567 1427
f 1427 1568 1428
f 1428 1569 1429
f 1429 1570 1430
f 1430 1571 1431
f 1431 1572 1432
f 1432 1573 1433
f 1433 1574 1434
f 1434 1575 1435
f 1435 1576 1436
f 1436 1577 1437
f 1437 1578 1438
f 1438 1579 1439
f 1439 1580 1440
f 1440 1581 1441
f 1441 1582 1442
f 1442 1583 1443
f 1443 1584 1444
f 1444 1585 1445
f 1445 1586 1446
f 1446 1587 1447
f 1447 1588 1448
f 1448 1589 1449
f 1449 1590 1450
f 1450 1591 1451
f 1451 1592 1452
f 1452 1593 1453
f 1453 1594 1454
f 1454 1595 1455
f 1455 1596 1456
f 1456 1597 1457
f 1457 1598 1458
f 1458 1599 1459
f 1459 1600 1460
f 1460 1601 1461
f 1461 1602 1462
f 1462 1603 1463
f 1463 1604 1464
f 1464 1605 1465
f 1465 1606 1466
f 1466 1607 1467
f 1467 1608 1468
f 1468 1609 1469
f 1469 1610 1470
f 1470 1611 1471
f 1471 1612 1472
f 1472 1613 1473
f 1473 1614 1474
f 1474 1615 1475
f 1475 1616 1476
f 1476 1617 1477
f 1477 1618 1478
f 1478 1619 1479
f 1479 1620 1480
f 1480 1621 1481
f 1481 1622 1482
f 1482 1623 1483
f 1483 1624 1484
f 1484 1625 1485
f 1485 1626 1486
f 1486 1627 1487
f 1487 1628 1488
f 1488 1629 1489
f 1489 1630 1490
f 1490 1631 1491
f 1491 1632 1492
f 1492 1633 1493
f 1493 1634 1494
f 1494 1635 1495
f 1495 1636 1496
f 1496 1637 1497
f 1497 1638 1498
f 1498 1639 1499
f 1499 1640 1500
f 1500 1641 1501
f 1501 1642 1502
f 1502 1643 1503
f 1503 1644 1504
f 1504 1645 1505
f 1505 1646 1506
f 1506 1647 1507
f 1507 1648 1508
f 1508 1649 1509
f 1509 1650 1510
f 1510 1651 1511
f 1511 1652 1512
f 1512 1653 1513
f 1513 1654 1514
f 1514 1655 1515
f 1515 1656 1516
f 1516 1657 1517
f 1517 1658 1518
f 1518 1659 1519
f 1519 1660 1520
f 1520 1661 1521
f 1521 1662 1522
f 1522 1663 1523
f 1523 1664 1524
f 1524 1665 1525
f 1525 1666 1526
f 1526 1667 1527
f 1527 1668 1528
f 1528 1669 1529
f 1529 1670 1530
f 1530 1671 1531
f 1531 1672 1532
f 1532 1673 1533
f 1533 1674 1534
f 1534 1675 1535
f 1535 1676 1536
f 1536 1677 1537
f 1537 1678 1538
f 1538 1679 1539
f 1539 1680 1540
f 1540 1681 1541
f 1541 1682 1542
f 1542 1683 1543
f 1543 1684 1544
f 1544 1685 1545
f 1545 1686 1546
f 1546 1687 1547
f 1547 1688 1548
f 1548 1689 1549
f 1549 1690 1550
f 1550 1691 1551
f 1552 1693 1553
f 1553 1694 1554
f 1554 1695 1555
f 1555 1696 1556
f 1556 1697 1557
f 1557 1698 1558
f 1558 1699 1559
f 1559 1700 1560
f 1560 1701 1561
f 1561 1702 1562
f 1562 1703 1563
f 1563 1704 1564
f 1564 1705 1565
f 1565 1706 1566
f 1566 1707 1567
f 1567 1708 1568
f 1568 1709 1569
f 1569 1710 1570
f 1570 1711 1571
f 1571 1712 1572
f 1572 1713 1573
f 1573 1714 1574
f 1574 1715 1575
f 1575 1716 1576
f 1576 1717 1577
f 1577 1718 1578
f 1578 1719 1579
f 1579 1720 1580
f 1580 1721 1581
f 1581 1722 1582
f 1582 1723 1583
f 1583 1724 1584
f 1584 1725 1585
f 1585 1726 1586
f 1586 1727 1587
f 1587 1728 1588
f 1588 1729 1589
f 1589 1730 1590
f 1590 1731 1591
f 1591 1732 1592
f 1592 1733 1593
f 1593 1734 1594
f 1594 1735 1595
f 1595 1736 1596
f 1596 1737 1597
f 1597 1738 1598
f 1598 1739 1599
f 1599 1740 1600
f 1600 1741 1601
f 1601 1742 1602
f 1602 1743 1603
f 1603 1744 1604
f 1604 1745 1605
f 1605 1746 1606
f 1606 1747 1607
f 1607 1748 1608
f 1608 1749 1609
f 1609 1750 1610
f 1610 1751 1611
f 1611 1752 1612
f 1612 1753 1613
f 1613 1754 1614
f 1614 1755 1615
f 1615 1756 1616
f 1616 1757 1617
f 1617 1758 1618
f 1618 1759 1619
f 1619 1760 1620
f 1620 1761 1621
f 1621 1762 1622
f 1622 1763 1623
f 1623 1764 1624
f 1624 1765 1625
f 1625 1766 1626
f 1626 1767 1627
f 1627 1768 1628
f 1628 1769 1629
f 1629 1770 1630
f 1630 1771 1631
f 1631 1772 1632
f 1632 1773 1633
f 1633 1774 1634
f 1634 1775 1635
f 1635 1776 1636
f 1636 1777 1637
f 1637 1778 1638
f 1638 1779 1639
f 1639 1780 1640
f 1640 1781 1641
f 1641 1782 1642
f 1642 1783 1643
f 1643 1784 1644
f 1644 1785 1645
f 1645 1786 1646
f 1646 1787 1647
f 1647 1788 1648
f 1648 1789 1649
f 1649 1790 1650
f 1650 1791 1651
f 1651 1792 1652
f 1652 1793 1653
f 1653 1794 1654
f 1654 1795 1655
f 1655 1796 1656
f 1656 1797 1657
f 1657 1798 1658
f 1658 1799 1659
f 1659 1800 1660
f 1660 1801 1661
f 1661 1802 1662
f 1662 1803 1663
f 1663 1804 1664
f 1664 1805 1665
f 1665 1806 1666
f 1666 1807 1667
f 1667 1808 1668
f 1668 1809 1669
f 1669 1810 1670
f 1670 1811 1671
f 1671 1812 1672
f 1672 1813 1673
f 1673 1814 1674
f 1674 1815 1675
f 1675 1816 1676
f 1676 1817 1677
f 1677 1818 1678
f 1678 1819 1679
f 1679 1820 1680
f 1680 1821 1681
f 1681 1822 1682
f 1682 1823 1683
f 1683 1824 1684
f 1684 1825 1685
f 1685 1826 1686
f 1686 1827 1687
f 1687 1828 1688
f 1688 1829 1689
f 1689 1830 1690
f 1690 1831 1691
f 1691 1832 1692
f 1693 1834 1694
f 1694 1835 1695
f 1695 1836 1696
f 1696 1837 1697
f 1697 1838 1698
f 1698 1839 1699
f 1699 1840 1700
f 1700 1841 1701
f 1701 1842 1702
f 1702 1843 1703
f 1703 1844 1704
f 1704 1845 1705
f 1705 1846 1706
f 1706 1847 1707
f 1707 1848 1708
f 1708 1849 1709
f 1709 1850 1710
f 1710 1851 1711
f 1711 1852 1712
f 1712 1853 1713
f 1713 1854 1714
f 1714 1855 1715
f 1715 1856 1716
f 1716 1857 1717
f 1717 1858 1718
f 1718 1859 1719
f 1719 1860 1720
f 1720 1861 1721
f 1721 1862 1722
f 1722 1863 1723
f 1723 1864 1724
f 1724 1865 1725
f 1725 1866 1726
f 1726 1867 1727
f 1727 1868 1728
f 1728 1869 1729
f 1729 1870 1730
f 1730 1871 1731
f 1731 1872 1732
f 1732 1873 1733
f 1733 1874 1734
f 1734 1875 1735
f 1735 1876 1736
f 1736 1877 1737
f 1737 1878 1738
f 1738 1879 1739
f 1739 1880 1740
f 1740 1881 1741
f 1741 1882 1742
f 1742 1883 1743
f 1743 1884 1744
f 1744 1885 1745
f 1745 1886 1746
f 1746 1887 1747
f 1747 1888 1748
f 1748 1889 1749
f 1749 1890 1750
f 1750 1891 1751
f 1751 1892 1752
f 1752 1893 1753
f 1753 1894 1754
f 1754 1895 1755
f 1755 1896 1756
f 1756 1897 1757
f 1757 1898 1758
f 1758 1899 1759
f 1759 1900 1760
f 1760 1901 1761
f 1761 1902 1762
f 1762 1903 1763
f 1763 1904 1764
f 1764 1905 1765
f 1765 1906 1766
f 1766 1907 1767
f 1767 1908 1768
f 1768 1909 1769
f 1769 1910 1770
f 1770 1911 1771
f 1771 1912 1772
f 1772 1913 1773
f 1773 1914 1774
f 1774 1915 1775
f 1775 1916 1776
f 1776 1917 1777
f 1777 1918 1778
f 1778 1919 1779
f 1779 1920 1780
f 1780 1921 1781
f 1781 1922 1782
f 1782 1923 1783
f 1783 1924 1784
f 1784 1925 1785
f 1785 1926 1786
f 1786 1927 1787
f 1787 1928 1788
f 1788 1929 1789
f 1789 1930 1790
f 1790 1931 1791
f 1791 1932 1792
f 1792 1933 1793
f 1793 1934 1794
f 1794 1935 1795
f 1795 1936 1796
f 1796 1937 1797
f 1797 1938 1798
f 1798 1939 1799
f 1799 1940 1800
f 1800 1941 1801
f 1801 1942 1802
f 1802 1943 1803
f 1803 1944 1804
f 1804 1945 1805
f 1805 1946 1806
f 1806 1947 1807
f 1807 1948 1808
f 1808 1949 1809
f 1809 1950 1810
f 1810 1951 1811
f 1811 1952 1812
f 1812 1953 1813
f 1813 1954 1814
f 1814 1955 1815
f 1815 1956 1816
f 1816 1957 1817
f 1817 1958 1818
f 1818 1959 1819
f 1819 1960 1820
f 1820 1961 1821
f 1821 1962 1822
f 1822 1963 1823
f 1823 1964 1824
f 1824 1965 1825
f 1825 1966 1826
f 1826 1967 1827
f 1827 1968 1828
f 1828 1969 1829
f 1829 1970 1830
f 1830 1971 1831
f 1831 1972 1832
f 1832 1973 1833
f 1834 1975 1835
f 1835 1976 1836
f 1836 1977 1837
f 1837 1978 1838
f 1838 1979 1839
f 1839 1980 1840
f 1840 1981 1841
f 1841 1982 1842
f 1842 1983 1843
f 1843 1984 1844
f 1844 1985 1845
f 1845 1986 1846
f 1846 1987 1847
f 1847 1988 1848
f 1848 1989 1849
f 1849 1990 1850
f 1850 1991 1851
f 1851 1992 1852
f 1852 1993 1853
f 1853 1994 1854
f 1854 1995 1855
f 1855 1996 1856
f 1856 1997 1857
f 1857 1998 1858
f 1858 1999 1859
f 1859 2000 1860
f 1860 2001 1861
f 1861 2002 1862
f 1862 2003 1863
f 1863 2004 1864
f 1864 2005 1865
f 1865 2006 1866
f 1866 2007 1867
f 1867 2008 1868
f 1868 2009 1869
f 1869 2010 1870
f 1870 2011 1871
f 1871 2012 1872
f 1872 2013 1873
f 1873 2014 1874
f 1874 2015 1875
f 1875 2016 1876
f 1876 2017 1877
f 1877 2018 1878
f 1878 2019 1879
f 1879 2020 1880
f 1880 2021 1881
f 1881 2022 1882
f 1882 2023 1883
f 1883 2024 1884
f 1884 2025 1885
f 1885 2026 1886
f 1886 2027 1887
f 1887 2028 1888
f 1888 2029 1889
f 1889 2030 1890
f 1890 2031 1891
f 1891 2032 1892
f 1892 2033 1893
f 1893 2034 1894
f 1894 2035 1895
f 1895 2036 1896
f 1896 2037 1897
f 1897 2038 1898
f 1898 2039 1899
f 1899 2040 1900
f 1900 2041 1901
f 1901 2042 1902
f 1902 2043 1903
f 1903 2044 1904
f 1904 2045 1905
f 1905 2046 1906
f 1906 2047 1907
f 1907 2048 1908
f 1908 2049 1909
f 1909 2050 1910
f 1910 2051 1911
f 1911 2052 1912
f 1912 2053 1913
f 1913 2054 1914
f 1914 2055 1915
f 1915 2056 1916
f 1916 2057 1917
f 1917 2058 1918
f 1918 2059 1919
f 1919 2060 1920
f 1920 2061 1921
f 1921 2062 1922
f 1922 2063 1923
f 1923 2064 1924
f 1924 2065 1925
f 1925 2066 1926
f 1926 2067 1927
f 1927 2068 1928
f 1928 2069 1929
f 1929 2070 1930
f 1930 2071 1931
f 1931 2072 1932
f 1932 2073 1933
f 1933 2074 1934
f 1934 2075 1935
f 1935 2076 1936
f 1936 2077 1937
f 1937 2078 1938
f 1938 2079 1939
f 1939 2080 1940
f 1940 2081 1941
f 1941 2082 1942
f 1942 2083 1943
f 1943 2084 1944
f 1944 2085 1945
f 1945 2086 1946
f 1946 2087 1947
f 1947 2088 1948
f 1948 2089 1949
f 1949 2090 1950
f 1950 2091 1951
f 1951 2092 1952
f 1952 2093 1953
f 1953 2094 1954
f 1954 2095 1955
f 1955 2096 1956
f 1956 2097 1957
f 1957 2098 1958
f 1958 2099 1959
f 1959 2100 1960
f 1960 2101 1961
f 1961 2102 1962
f 1962 2103 1963
f 1963 2104 1964
f 1964 2105 1965
f 1965 2106 1966
f 1966 2107 1967
f 1967 2108 1968
f 1968 2109 1969
f 1969 2110 1970
f 1970 2111 1971
f 1971 2112 1972
f 1972 2113 1973
f 1973 2114 1974
f 1975 2116 1976
f 1976 2117 1977
f 1977 2118 1978
f 1978 2119 1979
f 1979 2120 1980
f 1980 2121 1981
f 1981 2122 1982
f 1982 2123 1983
f 1983 2124 1984
f 1984 2125 1985
f 1985 2126 1986
f 1986 2127 1987
f 1987 2128 1988
f 1988 2129 1989
f 1989 2130 1990
f 1990 2131 1991
f 1991 2132 1992
f 1992 2133 1993
f 1993 2134 1994
f 1994 2135 1995
f 1995 2136 1996
f 1996 2137 1997
f 1997 2138 1998
f 1998 2139 1999
f 1999 2140 2000
f 2000 2141 2001
f 2001 2142 2002
f 2002 2143 2003
f 2003 2144 2004
f 2004 2145 2005
f 2005 2146 2006
f 2006 2147 2007
f 2007 2148 2008
f 2008 2149 2009
f 2009 2150 2010
f 2010 2151 2011
f 2011 2152 2012
f 2012 2153 2013
f 2013 2154 2014
f 2014 2155 2015
f 2015 2156 2016
f 2016 2157 2017
f 2017 2158 2018
f 2018 2159 2019
f 2019 2160 2020
f 2020 2161 2021
f 2021 2162 2022
f 2022 2163 2023
f 2023 2164 2024
f 2024 2165 2025
f 2025 2166 2026
f 2026 2167 2027
f 2027 2168 2028
f 2028 2169 2029
f 2029 2170 2030
f 2030 2171 2031
f 2031 2172 2032
f 2032 2173 2033
f 2033 2174 2034
f 2034 2175 2035
f 2035 2176 2036
f 2036 2177 2037
f 2037 2178 2038
f 2038 2179 2039
f 2039 2180 2040
f 2040 2181 2041
f 2041 2182 2042
f 2042 2183 2043
f 2043 2184 2044
f 2044 2185 2045
f 2045 2186 2046
f 2046 2187 2047
f 2047 2188 2048
f 2048 2189 2049
f 2049 2190 2050
f 2050 2191 2051
f 2051 2192 2052
f 2052 2193 2053
f 2053 2194 2054
f 2054 2195 2055
f 2055 2196 2056
f 2056 2197 2057
f 2057 2198 2058
f 2058 2199 2059
f 2059 2200 2060
f 2060 2201 2061
f 2061 2202 2062
f 2062 2203 2063
f 2063 2204 2064
f 2064 2205 2065
f 2065 2206 2066
f 2066 2207 2067
f 2067 2208 2068
f 2068 2209 2069
f 2069 2210 2070
f 2070 2211 2071
f 2071 2212 2072
f 2072 2213 2073
f 2073 2214 2074
f 2074 2215 2075
f 2075 2216 2076
f 2076 2217 2077
f 2077 2218 2078
f 2078 2219 2079
f 2079 2220 2080
f 2080 2221 2081
f 2081 2222 2082
f 2082 2223 2083
f 2083 2224 2084
f 2084 2225 2085
f 2085 2226 2086
f 2086 2227 2087
f 2087 2228 2088
f 2088 2229 2089
f 2089 2230 2090
f 2090 2231 2091
f 2091 2232 2092
f 2092 2233 2093
f 2093 2234 2094
f 2094 2235 2095
f 2095 2236 2096
f 2096 2237 2097
f 2097 2238 2098
f 2098 2239 2099
f 2099 2240 2100
f 2100 2241 2101
f 2101 2242 2102
f 2102 2243 2103
f 2103 2244 2104
f 2104 2245 2105
f 2105 2246 2106
f 2106 2247 2107
f 2107 2248 2108
f 2108 2249 2109
f 2109 2250 2110
f 2110 2251 2111
f 2111 2252 2112
f 2112 2253 2113
f 2113 2254 2114
f 2114 2255 2115
f 2116 2257 2117
f 2117 2258 2118
f 2118 2259 2119
f 2119 2260 2120
f 2120 2261 2121
f 2121 2262 2122
f 2122 2263 2123
f 2123 2264 2124
f 2124 2265 2125
f 2125 2266 2126
f 2126 2267 2127
f 2127 2268 2128
f 2128 2269 2129
f 2129 2270 2130
f 2130 2271 2131
f 2131 2272 2132
f 2132 2273 2133
f 2133 2274 2134
f 2134 2275 2135
f 2135 2276 2136
f 2136 2277 2137
f 2137 2278 2138
f 2138 2279 2139
f 2139 2280 2140
f 2140 2281 2141
f 2141 2282 2142
f 2142 2283 2143
f 2143 2284 2144
f 2144 2285 2145
f 2145 2286 2146
f 2146 2287 2147
f 2147 2288 2148
f 2148 2289 2149
f 2149 2290 2150
f 2150 2291 2151
f 2151 2292 2152
f 2152 2293 2153
f 2153 2294 2154
f 2154 2295 2155
f 2155 2296 2156
f 2156 2297 2157
f 2157 2298 2158
f 2158 2299 2159
f 2159 2300 2160
f 2160 2301 2161
f 2161 2302 2162
f 2162 2303 2163
f 2163 2304 2164
f 2164 2305 2165
f 2165 2306 2166
f 2166 2307 2167
f 2167 2308 2168
f 2168 2309 2169
f 2169 2310 2170
f 2170 2311 2171
f 2171 2312 2172
f 2172 2313 2173
f 2173 2314 2174
f 2174 2315 2175
f 2175 2316 2176
f 2176 2317 2177
f 2177 2318 2178
f 2178 2319 2179
f 2179 2320 2180
f 2180 2321 2181
f 2181 2322 2182
f 2182 2323 2183
f 2183 2324 2184
f 2184 2325 2185
f 2185 2326 2186
f 2186 2327 2187
f 2187 2328 2188
f 2188 2329 2189
f 2189 2330 2190
f 2190 2331 2191
f 2191 2332 2192
f 2192 2333 2193
f 2193 2334 2194
f 2194 2335 2195
f 2195 2336 2196
f 2196 2337 2197
f 2197 2338 2198
f 2198 2339 2199
f 2199 2340 2200
f 2200 2341 2201
f 2201 2342 2202
f 2202 2343 2203
f 2203 2344 2204
f 2204 2345 2205
f 2205 2346 2206
f 2206 2347 2207
f 2207 2348 2208
f 2208 2349 2209
f 2209 2350 2210
f 2210 2351 2211
f 2211 2352 2212
f 2212 2353 2213
f 2213 2354 2214
f 2214 2355 2215
f 2215 2356 2216
f 2216 2357 2217
f 2217 2358 2218
f 2218 2359 2219
f 2219 2360 2220
f 2220 2361 2221
f 2221 2362 2222
f 2222 2363 2223
f 2223 2364 2224
f 2224 2365 2225
f 2225 2366 2226
f 2226 2367 2227
f 2227 2368 2228
f 2228 2369 2229
f 2229 2370 2230
f 2230 2371 2231
f 2231 2372 2232
f 2232 2373 2233
f 2233 2374 2234
f 2234 2375 2235
f 2235 2376 2236
f 2236 2377 2237
f 2237 2378 2238
f 2238 2379 2239
f 2239 2380 2240
f 2240 2381 2241
f 2241 2382 2242
f 2242 2383 2243
f 2243 2384 2244
f 2244 2385 2245
f 2245 2386 2246
f 2246 2387 2247
f 2247 2388 2248
f 2248 2389 2249
f 2249 2390 2250
f 2250 2391 2251
f 2251 2392 2252
f 2252 2393 2253
f 2253 2394 2254
f 2254 2395 2255
f 2255 2396 2256
f 2257 2398 2258
f 2258 2399 2259
f 2259 2400 2260
f 2260 2401 2261
f 2261 2402 2262
f 2262 2403 2263
f 2263 2404 2264
f 2264 2405 2265
f 2265 2406 2266
f 2266 2407 2267
f 2267 2408 2268
f 2268 2409 2269
f 2269 2410 2270
f 2270 2411 2271
f 2271 2412 2272
f 2272 2413 2273
f 2273 2414 2274
f 2274 2415 2275
f 2275 2416 2276
f 2276 2417 2277
f 2277 2418 2278
f 2278 2419 2279
f 2279 2420 2280
f 2280 2421 2281
f 2281 2422 2282
f 2282 2423 2283
f 2283 2424 2284
f 2284 2425 2285
f 2285 2426 2286
f 2286 2427 2287
f 2287 2428 2288
f 2288 2429 2289
f 2289 2430 2290
f 2290 2431 2291
f 2291 2432 2292
f 2292 2433 2293
f 2293 2434 2294
f 2294 2435 2295
f 2295 2436 2296
f 2296 2437 2297
f 2297 2438 2298
f 2298 2439 2299
f 2299 2440 2300
f 2300 2441 2301
f 2301 2442 2302
f 2302 2443 2303
f 2303 2444 2304
f 2304 2445 2305
f 2305 2446 2306
f 2306 2447 2307
f 2307 2448 2308
f 2308 2449 2309
f 2309 2450 2310
f 2310 2451 2311
f 2311 2452 2312
f 2312 2453 2313
f 2313 2454 2314
f 2314 2455 2315
f 2315 2456 2316
f 2316 2457 2317
f 2317 2458 2318
f 2318 2459 2319
f 2319 2460 2320
f 2320 2461 2321
f 2321 2462 2322
f 2322 2463 2323
f 2323 2464 2324
f 2324 2465 2325
f 2325 2466 2326
f 2326 2467 2327
f 2327 2468 2328
f 2328 2469 2329
f 2329 2470 2330
f 2330 2471 2331
f 2331 2472 2332
f 2332 2473 2333
f 2333 2474 2334
f 2334 2475 2335
f 2335 2476 2336
f 2336 2477 2337
f 2337 2478 2338
f 2338 2479 2339
f 2339 2480 2340
f 2340 2481 2341
f 2341 2482 2342
f 2342 2483 2343
f 2343 2484 2344
f 2344 2485 2345
f 2345 2486 2346
f 2346 2487 2347
f 2347 2488 2348
f 2348 2489 2349
f 2349 2490 2350
f 2350 2491 2351
f 2351 2492 2352
f 2352 2493 2353
f 2353 2494 2354
f 2354 2495 2355
f 2355 2496 2356
f 2356 2497 2357
f 2357 2498 2358
f 2358 2499 2359
f 2359 2500 2360
f 2360 2501 2361
f 2361 2502 2362
f 2362 2503 2363
f 2363 2504 2364
f 2364 2505 2365
f 2365 2506 2366
f 2366 2507 2367
f 2367 2508 2368
f 2368 2509 2369
f 2369 2510 2370
f 2370 2511 2371
f 2371 2512 2372
f 2372 2513 2373
f 2373 2514 2374
f 2374 2515 2375
f 2375 2516 2376
f 2376 2517 2377
f 2377 2518 2378
f 2378 2519 2379
f 2379 2520 2380
f 2380 2521 2381
f 2381 2522 2382
f 2382 2523 2383
f 2383 2524 2384
f 2384 2525 2385
f 2385 2526 2386
f 2386 2527 2387
f 2387 2528 2388
f 2388 2529 2389
f 2389 2530 2390
f 2390 2531 2391
f 2391 2532 2392
f 2392 2533 2393
f 2393 2534 2394
f 2394 2535 2395
f 2395 2536 2396
f 2396 2537 2397
f 2398 2539 2399
f 2399 2540 2400
f 2400 2541 2401
f 2401 2542 2402
f 2402 2543 2403
f 2403 2544 2404
f 2404 2545 2405
f 2405 2546 2406
f 2406 2547 2407
f 2407 2548 2408
f 2408 2549 2409
f 2409 2550 2410
f 2410 2551 2411
f 2411 2552 2412
f 2412 2553 2413
f 2413 2554 2414
f 2414 2555 2415
f 2415 2556 2416
f 2416 2557 2417
f 2417 2558 2418
f 2418 2559 2419
f 2419 2560 2420
f 2420 2561 2421
f 2421 2562 2422
f 2422 2563 2423
f 2423 2564 2424
f 2424 2565 2425
f 2425 2566 2426
f 2426 2567 2427
f 2427 2568 2428
f 2428 2569 2429
f 2429 2570 2430
f 2430 2571 2431
f 2431 2572 2432
f 2432 2573 2433
f 2433 2574 2434
f 2434 2575 2435
f 2435 2576 2436
f 2436 2577 2437
f 2437 2578 2438
f 2438 2579 2439
f 2439 2580 2440
f 2440 2581 2441
f 2441 2582 2442
f 2442 2583 2443
f 2443 2584 2444
f 2444 2585 2445
f 2445 2586 2446
f 2446 2587 2447
f 2447 2588 2448
f 2448 2589 2449
f 2449 2590 2450
f 2450 2591 2451
f 2451 2592 2452
f 2452 2593 2453
f 2453 2594 2454
f 2454 2595 2455
f 2455 2596 2456
f 2456 2597 2457
f 2457 2598 2458
f 2458 2599 2459
f 2459 2600 2460
f 2460 2601 2461
f 2461 2602 2462
f 2462 2603 2463
f 2463 2604 2464
f 2464 2605 2465
f 2465 2606 2466
f 2466 2607 2467
f 2467 2608 2468
f 2468 2609 2469
f 2469 2610 2470
f 2470 2611 2471
f 2471 2612 2472
f 2472 2613 2473
f 2473 2614 2474
f 2474 2615 2475
f 2475 2616 2476
f 2476 2617 2477
f 2477 2618 2478
f 2478 2619 2479
f 2479 2620 2480
f 2480 2621 2481
f 2481 2622 2482
f 2482 2623 2483
f 2483 2624 2484
f 2484 2625 2485
f 2485 2626 2486
f 2486 2627 2487
f 2487 2628 2488
f 2488 2629 2489
f 2489 2630 2490
f 2490 2631 2491
f 2491 2632 2492
f 2492 2633 2493
f 2493 2634 2494
f 2494 2635 2495
f 2495 2636 2496
f 2496 2637 2497
f 2497 2638 2498
f 2498 2639 2499
f 2499 2640 2500
f 2500 2641 2501
f 2501 2642 2502
f 2502 2643 2503
f 2503 2644 2504
f 2504 2645 2505
f 2505 2646 2506
f 2506 2647 2507
f 2507 2648 2508
f 2508 2649 2509
f 2509 2650 2510
f 2510 2651 2511
f 2511 2652 2512
f 2512 2653 2513
f 2513 2654 2514
f 2514 2655 2515
f 2515 2656 2516
f 2516 2657 2517
f 2517 2658 2518
f 2518 2659 2519
f 2519 2660 2520
f 2520 2661 2521
f 2521 2662 2522
f 2522 2663 2523
f 2523 2664 2524
f 2524 2665 2525
f 2525 2666 2526
f 2526 2667 2527
f 2527 2668 2528
f 2528 2669 2529
f 2529 2670 2530
f 2530 2671 2531
f 2531 2672 2532
f 2532 2673 2533
f 2533 2674 2534
f 2534 2675 2535
f 2535 2676 2536
f 2536 2677 2537
f 2537 2678 2538
f 2539 2680 2540
f 2540 2681 2541
f 2541 2682 2542
f 2542 2683 2543
f 2543 2684 2544
f 2544 2685 2545
f 2545 2686 2546
f 2546 2687 2547
f 2547 2688 2548
f 2548 2689 2549
f 2549 2690 2550
f 2550 2691 2551
f 2551 2692 2552
f 2552 2693 2553
f 2553 2694 2554
f 2554 2695 2555
f 2555 2696 2556
f 2556 2697 2557
f 2557 2698 2558
f 2558 2699 2559
f 2559 2700 2560
f 2560 2701 2561
f 2561 2702 2562
f 2562 2703 2563
f 2563 2704 2564
f 2564 2705 2565
f 2565 2706 2566
f 2566 2707 2567
f 2567 2708 2568
f 2568 2709 2569
f 2569 2710 2570
f 2570 2711 2571
f 2571 2712 2572
f 2572 2713 2573
f 2573 2714 2574
f 2574 2715 2575
f 2575 2716 2576
f 2576 2717 2577
f 2577 2718 2578
f 2578 2719 2579
f 2579 2720 2580
f 2580 2721 2581
f 2581 2722 2582
f 2582 2723 2583
f 2583 2724 2584
f 2584 2725 2585
f 2585 2726 2586
f 2586 2727 2587
f 2587 2728 2588
f 2588 2729 2589
f 2589 2730 2590
f 2590 2731 2591
f 2591 2732 2592
f 2592 2733 2593
f 2593 2734 2594
f 2594 2735 2595
f 2595 2736 2596
f 2596 2737 2597
f 2597 2738 2598
f 2598 2739 2599
f 2599 2740 2600
f 2600 2741 2601
f 2601 2742 2602
f 2602 2743 2603
f 2603 2744 2604
f 2604 2745 2605
f 2605 2746 2606
f 2606 2747 2607
f 2607 2748 2608
f 2608 2749 2609
f 2609 2750 2610
f 2610 2751 2611
f 2611 2752 2612
f 2612 2753 2613
f 2613 2754 2614
f 2614 2755 2615
f 2615 2756 2616
f 2616 2757 2617
f 2617 2758 2618
f 2618 2759 2619
f 2619 2760 2620
f 2620 2761 2621
f 2621 2762 2622
f 2622 2763 2623
f 2623 2764 2624
f 2624 2765 2625
f 2625 2766 2626
f 2626 2767 2627
f 2627 2768 2628
f 2628 2769 2629
f 2629 2770 2630
f 2630 2771 2631
f 2631 2772 2632
f 2632 2773 2633
f 2633 2774 2634
f 2634 2775 2635
f 2635 2776 2636
f 2636 2777 2637
f 2637 2778 2638
f 2638 2779 2639
f 2639 2780 2640
f 2640 2781 2641
f 2641 2782 2642
f 2642 2783 2643
f 2643 2784 2644
f 2644 2785 2645
f 2645 2786 2646
f 2646 2787 2647
f 2647 2788 2648
f 2648 2789 2649
f 2649 2790 2650
f 2650 2791 2651
f 2651 2792 2652
f 2652 2793 2653
f 2653 2794 2654
f 2654 2795 2655
f 2655 2796 2656
f 2656 2797 2657
f 2657 2798 2658
f 2658 2799 2659
f 2659 2800 2660
f 2660 2801 2661
f 2661 2802 2662
f 2662 2803 2663
f 2663 2804 2664
f 2664 2805 2665
f 2665 2806 2666
f 2666 2807 2667
f 2667 2808 2668
f 2668 2809 2669
f 2669 2810 2670
f 2670 2811 2671
f 2671 2812 2672
f 2672 2813 2673
f 2673 2814 2674
f 2674 2815 2675
f 2675 2816 2676
f 2676 2817 2677
f 2677 2818 2678
f 2678 2819 2679
f 2680 2821 2681
f 2681 2822 2682
f 2682 2823 2683
f 2683 2824 2684
f 2684 2825 2685
f 2685 2826 2686
f 2686 2827 2687
f 2687 2828 2688
f 2688 2829 2689
f 2689 2830 2690
f 2690 2831 2691
f 2691 2832 2692
f 2692 2833 2693
f 2693 2834 2694
f 2694 2835 2695
f 2695 2836 2696
f 2696 2837 2697
f 2697 2838 2698
f 2698 2839 2699
f 2699 2840 2700
f 2700 2841 2701
f 2701 2842 2702
f 2702 2843 2703
f 2703 2844 2704
f 2704 2845 2705
f 2705 2846 2706
f 2706 2847 2707
f 2707 2848 2708
f 2708 2849 2709
f 2709 2850 2710
f 2710 2851 2711
f 2711 2852 2712
f 2712 2853 2713
f 2713 2854 2714
f 2714 2855 2715
f 2715 2856 2716
f 2716 2857 2717
f 2717 2858 2718
f 2718 2859 2719
f 2719 2860 2720
f 2720 2861 2721
f 2721 2862 2722
f 2722 2863 2723
f 2723 2864 2724
f 2724 2865 2725
f 2725 2866 2726
f 2726 2867 2727
f 2727 2868 2728
f 2728 2869 2729
f 2729 2870 2730
f 2730 2871 2731
f 2731 2872 2732
f 2732 2873 2733
f 2733 2874 2734
f 2734 2875 2735
f 2735 2876 2736
f 2736 2877 2737
f 2737 2878 2738
f 2738 2879 2739
f 2739 2880 2740
f 2740 2881 2741
f 2741 2882 2742
f 2742 2883 2743
f 2743 2884 2744
f 2744 2885 2745
f 2745 2886 2746
f 2746 2887 2747
f 2747 2888 2748
f 2748 2889 2749
f 2749 2890 2750
f 2750 2891 2751
f 2751 2892 2752
f 2752 2893 2753
f 2753 2894 2754
f 2754 2895 2755
f 2755 2896 2756
f 2756 2897 2757
f 2757 2898 2758
f 2758 2899 2759
f 2759 2900 2760
f 2760 2901 2761
f 2761 2902 2762
f 2762 2903 2763
f 2763 2904 2764
f 2764 2905 2765
f 2765 2906 2766
f 2766 2907 2767
f 2767 2908 2768
f 2768 2909 2769
f 2769 2910 2770
f 2770 2911 2771
f 2771 2912 2772
f 2772 2913 2773
f 2773 2914 2774
f 2774 2915 2775
f 2775 2916 2776
f 2776 2917 2777
f 2777 2918 2778
f 2778 2919 2779
f 2779 2920 2780
f 2780 2921 2781
f 2781 2922 2782
f 2782 2923 2783
f 2783 2924 2784
f 2784 2925 2785
f 2785 2926 2786
f 2786 2927 2787
f 2787 2928 2788
f 2788 2929 2789
f 2789 2930 2790
f 2790 2931 2791
f 2791 2932 2792
f 2792 2933 2793
f 2793 2934 2794
f 2794 2935 2795
f 2795 2936 2796
f 2796 2937 2797
f 2797 2938 2798
f 2798 2939 2799
f 2799 2940 2800
f 2800 2941 2801
f 2801 2942 2802
f 2802 2943 2803
f 2803 2944 2804
f 2804 2945 2805
f 2805 2946 2806
f 2806 2947 2807
f 2807 2948 2808
f 2808 2949 2809
f 2809 2950 2810
f 2810 2951 2811
f 2811 2952 2812
f 2812 2953 2813
f 2813 2954 2814
f 2814 2955 2815
f 2815 2956 2816
f 2816 2957 2817
f 2817 2958 2818
f 2818 2959 2819
f 2819 2960 2820
f 2821 2962 2822
f 2822 2963 2823
f 2823 2964 2824
f 2824 2965 2825
f 2825 2966 2826
f 2826 2967 2827
f 2827 2968 2828
f 2828 2969 2829
f 2829 2970 2830
f 2830 2971 2831
f 2831 2972 2832
f 2832 2973 2833
f 2833 2974 2834
f 2834 2975 2835
f 2835 2976 2836
f 2836 2977 2837
f 2837 2978 2838
f 2838 2979 2839
f 2839 2980 2840
f 2840 2981 2841
f 2841 2982 2842
f 2842 2983 2843
f 2843 2984 2844
f 2844 2985 2845
f 2845 2986 2846
f 2846 2987 2847
f 2847 2988 2848
f 2848 2989 2849
f 2849 2990 2850
f 2850 2991 2851
f 2851 2992 2852
f 2852 2993 2853
f 2853 2994 2854
f 2854 2995 2855
f 2855 2996 2856
f 2856 2997 2857
f 2857 2998 2858
f 2858 2999 2859
f 2859 3000 2860
f 2860 3001 2861
f 2861 3002 2862
f 2862 3003 2863
f 2863 3004 2864
f 2864 3005 2865
f 2865 3006 2866
f 2866 3007 2867
f 2867 3008 2868
f 2868 3009 2869
f 2869 3010 2870
f 2870 3011 2871
f 2871 3012 2872
f 2872 3013 2873
f 2873 3014 2874
f 2874 3015 2875
f 2875 3016 2876
f 2876 3017 2877
f 2877 3018 2878
f 2878 3019 2879
f 2879 3020 2880
f 2880 3021 2881
f 2881 3022 2882
f 2882 3023 2883
f 2883 3024 2884
f 2884 3025 2885
f 2885 3026 2886
f 2886 3027 2887
f 2887 3028 2888
f 2888 3029 2889
f 2889 3030 2890
f 2890 3031 2891
f 2891 3032 2892
f 2892 3033 2893
f 2893 3034 2894
f 2894 3035 2895
f 2895 3036 2896
f 2896 3037 2897
f 2897 3038 2898
f 2898 3039 2899
f 2899 3040 2900
f 2900 3041 2901
f 2901 3042 2902
f 2902 3043 2903
f 2903 3044 2904
f 2904 3045 2905
f 2905 3046 2906
f 2906 3047 2907
f 2907 3048 2908
f 2908 3049 2909
f 2909 3050 2910
f 2910 3051 2911
f 2911 3052 2912
f 2912 3053 2913
f 2913 3054 2914
f 2914 3055 2915
f 2915 3056 2916
f 2916 3057 2917
f 2917 3058 2918
f 2918 3059 2919
f 2919 3060 2920
f 2920 3061 2921
f 2921 3062 2922
f 2922 3063 2923
f 2923 3064 2924
f 2924 3065 2925
f 2925 3066 2926
f 2926 3067 2927
f 2927 3068 2928
f 2928 3069 2929
f 2929 3070 2930
f 2930 3071 2931
f 2931 3072 2932
f 2932 3073 2933
f 2933 3074 2934
f 2934 3075 2935
f 2935 3076 2936
f 2936 3077 2937
f 2937 3078 2938
f 2938 3079 2939
f 2939 3080 2940
f 2940 3081 2941
f 2941 3082 2942
f 2942 3083 2943
f 2943 3084 2944
f 2944 3085 2945
f 2945 3086 2946
f 2946 3087 2947
f 2947 3088 2948
f 2948 3089 2949
f 2949 3090 2950
f 2950 3091 2951
f 2951 3092 2952
f 2952 3093 2953
f 2953 3094 2954
f 2954 3095 2955
f 2955 3096 2956
f 2956 3097 2957
f 2957 3098 2958
f 2958 3099 2959
f 2959 3100 2960
f 2960 3101 2961
f 2962 3103 2963
f 2963 3104 2964
f 2964 3105 2965
f 2965 3106 2966
f 2966 3107 2967
f 2967 3108 2968
f 2968 3109 2969
f 2969 3110 2970
f 2970 3111 2971
f 2971 3112 2972
f 2972 3113 2973
f 2973 3114 2974
f 2974 3115 2975
f 2975 3116 2976
f 2976 3117 2977
f 2977 3118 2978
f 2978 3119 2979
f 2979 3120 2980
f 2980 3121 2981
f 2981 3122 2982
f 2982 3123 2983
f 2983 3124 2984
f 2984 3125 2985
f 2985 3126 2986
f 2986 3127 2987
f 2987 3128 2988
f 2988 3129 2989
f 2989 3130 2990
f 2990 3131 2991
f 2991 3132 2992
f 2992 3133 2993
f 2993 3134 2994
f 2994 3135 2995
f 2995 3136 2996
f 2996 3137 2997
f 2997 3138 2998
f 2998 3139 2999
f 2999 3140 3000
f 3000 3141 3001
f 3001 3142 3002
f 3002 3143 3003
f 3003 3144 3004
f 3004 3145 3005
f 3005 3146 3006
f 3006 3147 3007
f 3007 3148 3008
f 3008 3149 3009
f 3009 3150 3010
f 3010 3151 3011
f 3011 3152 3012
f 3012 3153 3013
f 3013 3154 3014
f 3014 3155 3015
f 3015 3156 3016
f 3016 3157 3017
f 3017 3158 3018
f 3018 3159 3019
f 3019 3160 3020
f 3020 3161 3021
f 3021 3162 3022
f 3022 3163 3023
f 3023 3164 3024
f 3024 3165 3025
f 3025 3166 3026
f 3026 3167 3027
f 3027 3168 3028
f 3028 3169 3029
f 3029 3170 3030
f 3030 3171 3031
f 3031 3172 3032
f 3032 3173 3033
f 3033 3174 3034
f 3034 3175 3035
f 3035 3176 3036
f 3036 3177 3037
f 3037 3178 3038
f 3038 3179 3039
f 3039 3180 3040
f 3040 3181 3041
f 3041 3182 3042
f 3042 3183 3043
f 3043 3184 3044
f 3044 3185 3045
f 3045 3186 3046
f 3046 3187 3047
f 3047 3188 3048
f 3048 3189 3049
f 3049 3190 3050
f 3050 3191 3051
f 3051 3192 3052
f 3052 3193 3053
f 3053 3194 3054
f 3054 3195 3055
f 3055 3196 3056
f 3056 3197 3057
f 3057 3198 3058
f 3058 3199 3059
f 3059 3200 3060
f 3060 3201 3061
f 3061 3202 3062
f 3062 3203 3063
f 3063 3204 3064
f 3064 3205 3065
f 3065 3206 3066
f 3066 3207 3067
f 3067 3208 3068
f 3068 3209 3069
f 3069 3210 3070
f 3070 3211 3071
f 3071 3212 3072
f 3072 3213 3073
f 3073 3214 3074
f 3074 3215 3075
f 3075 3216 3076
f 3076 3217 3077
f 3077 3218 3078
f 3078 3219 3079
f 3079 3220 3080
f 3080 3221 3081
f 3081 3222 3082
f 3082 3223 3083
f 3083 3224 3084
f 3084 3225 3085
f 3085 3226 3086
f 3086 3227 3087
f 3087 3228 3088
f 3088 3229 3089
f 3089 3230 3090
f 3090 3231 3091
f 3091 3232 3092
f 3092 3233 3093
f 3093 3234 3094
f 3094 3235 3095
f 3095 3236 3096
f 3096 3237 3097
f 3097 3238 3098
f 3098 3239 3099
f 3099 3240 3100
f 3100 3241 3101
f 3101 3242 3102
f 3103 3244 3104
f 3104 3245 3105
f 3105 3246 3106
f 3106 3247 3107
f 3107 3248 3108
f 3108 3249 3109
f 3109 3250 3110
f 3110 3251 3111
f 3111 3252 3112
f 3112 3253 3113
f 3113 3254 3114
f 3114 3255 3115
f 3115 3256 3116
f 3116 3257 3117
f 3117 3258 3118
f 3118 3259 3119
f 3119 3260 3120
f 3120 3261 3121
f 3121 3262 3122
f 3122 3263 3123
f 3123 3264 3124
f 3124 3265 3125
f 3125 3266 3126
f 3126 3267 3127
f 3127 3268 3128
f 3128 3269 3129
f 3129 3270 3130
f 3130 3271 3131
f 3131 3272 3132
f 3132 3273 3133
f 3133 3274 3134
f 3134 3275 3135
f 3135 3276 3136
f 3136 3277 3137
f 3137 3278 3138
f 3138 3279 3139
f 3139 3280 3140
f 3140 3281 3141
f 3141 3282 3142
f 3142 3283 3143
f 3143 3284 3144
f 3144 3285 3145
f 3145 3286 3146
f 3146 3287 3147
f 3147 3288 3148
f 3148 3289 3149
f 3149 3290 3150
f 3150 3291 3151
f 3151 3292 3152
f 3152 3293 3153
f 3153 3294 3154
f 3154 3295 3155
f 3155 3296 3156
f 3156 3297 3157
f 3157 3298 3158
f 3158 3299 3159
f 3159 3300 3160
f 3160 3301 3161
f 3161 3302 3162
f 3162 3303 3163
f 3163 3304 3164
f 3164 3305 3165
f 3165 3306 3166
f 3166 3307 3167
f 3167 3308 3168
f 3168 3309 3169
f 3169 3310 3170
f 3170 3311 3171
f 3171 3312 3172
f 3172 3313 3173
f 3173 3314 3174
f 3174 3315 3175
f 3175 3316 3176
f 3176 3317 3177
f 3177 3318 3178
f 3178 3319 3179
f 3179 3320 3180
f 3180 3321 3181
f 3181 3322 3182
f 3182 3323 3183
f 3183 3324 3184
f 3184 3325 3185
f 3185 3326 3186
f 3186 3327 3187
f 3187 3328 3188
f 3188 3329 3189
f 3189 3330 3190
f 3190 3331 3191
f 3191 3332 3192
f 3192 3333 3193
f 3193 3334 3194
f 3194 3335 3195
f 3195 3336 3196
f 3196 3337 3197
f 3197 3338 3198
f 3198 3339 3199
f 3199 3340 3200
f 3200 3341 3201
f 3201 3342 3202
f 3202 3343 3203
f 3203 3344 3204
f 3204 3345 3205
f 3205 3346 3206
f 3206 3347 3207
f 3207 3348 3208
f 3208 3349 3209
f 3209 3350 3210
f 3210 3351 3211
f 3211 3352 3212
f 3212 3353 3213
f 3213 3354 3214
f 3214 3355 3215
f 3215 3356 3216
f 3216 3357 3217
f 3217 3358 3218
f 3218 3359 3219
f 3219 3360 3220
f 3220 3361 3221
f 3221 3362 3222
f 3222 3363 3223
f 3223 3364 3224
f 3224 3365 3225
f 3225 3366 3226
f 3226 3367 3227
f 3227 3368 3228
f 3228 3369 3229
f 3229 3370 3230
f 3230 3371 3231
f 3231 3372 3232
f 3232 3373 3233
f 3233 3374 3234
f 3234 3375 3235
f 3235 3376 3236
f 3236 3377 3237
f 3237 3378 3238
f 3238 3379 3239
f 3239 3380 3240
f 3240 3381 3241
f 3241 3382 3242
f 3242 3383 3243
f 3244 3385 3245
f 3245 3386 3246
f 3246 3387 3247
f 3247 3388 3248
f 3248 3389 3249
f 3249 3390 3250
f 3250 3391 3251
f 3251 3392 3252
f 3252 3393 3253
f 3253 3394 3254
f 3254 3395 3255
f 3255 3396 3256
f 3256 3397 3257
f 3257 3398 3258
f 3258 3399 3259
f 3259 3400 3260
f 3260 3401 3261
f 3261 3402 3262
f 3262 3403 3263
f 3263 3404 3264
f 3264 3405 3265
f 3265 3406 3266
f 3266 3407 3267
f 3267 3408 3268
f 3268 3409 3269
f 3269 3410 3270
f 3270 3411 3271
f 3271 3412 3272
f 3272 3413 3273
f 3273 3414 3274
f 3274 3415 3275
f 3275 3416 3276
f 3276 3417 3277
f 3277 3418 3278
f 3278 3419 3279
f 3279 3420 3280
f 3280 3421 3281
f 3281 3422 3282
f 3282 3423 3283
f 3283 3424 3284
f 3284 3425 3285
f 3285 3426 3286
f 3286 3427 3287
f 3287 3428 3288
f 3288 3429 3289
f 3289 3430 3290
f 3290 3431 3291
f 3291 3432 3292
f 3292 3433 3293
f 3293 3434 3294
f 3294 3435 3295
f 3295 3436 3296
f 3296 3437 3297
f 3297 3438 3298
f 3298 3439 3299
f 3299 3440 3300
f 3300 3441 3301
f 3301 3442 3302
f 3302 3443 3303
f 3303 3444 3304
f 3304 3445 3305
f 3305 3446 3306
f 3306 3447 3307
f 3307 3448 3308
f 3308 3449 3309
f 3309 3450 3310
f 3310 3451 3311
f 3311 3452 3312
f 3312 3453 3313
f 3313 3454 3314
f 3314 3455 3315
f 3315 3456 3316
f 3316 3457 3317
f 3317 3458 3318
f 3318 3459 3319
f 3319 3460 3320
f 3320 3461 3321
f 3321 3462 3322
f 3322 3463 3323
f 3323 3464 3324
f 3324 3465 3325
f 3325 3466 3326
f 3326 3467 3327
f 3327 3468 3328
f 3328 3469 3329
f 3329 3470 3330
f 3330 3471 3331
f 3331 3472 3332
f 3332 3473 3333
f 3333 3474 3334
f 3334 3475 3335
f 3335 3476 3336
f 3336 3477 3337
f 3337 3478 3338
f 3338 3479 3339
f 3339 3480 3340
f 3340 3481 3341
f 3341 3482 3342
f 3342 3483 3343
f 3343 3484 3344
f 3344 3485 3345
f 3345 3486 3346
f 3346 3487 3347
f 3347 3488 3348
f 3348 3489 3349
f 3349 3490 3350
f 3350 3491 3351
f 3351 3492 3352
f 3352 3493 3353
f 3353 3494 3354
f 3354 3495 3355
f 3355 3496 3356
f 3356 3497 3357
f 3357 3498 3358
f 3358 3499 3359
f 3359 3500 3360
f 3360 3501 3361
f 3361 3502 3362
f 3362 3503 3363
f 3363 3504 3364
f 3364 3505 3365
f 3365 3506 3366
f 3366 3507 3367
f 3367 3508 3368
f 3368 3509 3369
f 3369 3510 3370
f 3370 3511 3371
f 3371 3512 3372
f 3372 3513 3373
f 3373 3514 3374
f 3374 3515 3375
f 3375 3516 3376
f 3376 3517 3377
f 3377 3518 3378
f 3378 3519 3379
f 3379 3520 3380
f 3380 3521 3381
f 3381 3522 3382
f 3382 3523 3383
f 3383 3524 3384
f 3385 3526 3386
f 3386 3527 3387
f 3387 3528 3388
f 3388 3529 3389
f 3389 3530 3390
f 3390 3531 3391
f 3391 3532 3392
f 3392 3533 3393
f 3393 3534 3394
f 3394 3535 3395
f 3395 3536 3396
f 3396 3537 3397
f 3397 3538 3398
f 3398 3539 3399
f 3399 3540 3400
f 3400 3541 3401
f 3401 3542 3402
f 3402 3543 3403
f 3403 3544 3404
f 3404 3545 3405
f 3405 3546 3406
f 3406 3547 3407
f 3407 3548 3408
f 3408 3549 3409
f 3409 3550 3410
f 3410 3551 3411
f 3411 3552 3412
f 3412 3553 3413
f 3413 3554 3414
f 3414 3555 3415
f 3415 3556 3416
f 3416 3557 3417
f 3417 3558 3418
f 3418 3559 3419
f 3419 3560 3420
f 3420 3561 3421
f 3421 3562 3422
f 3422 3563 3423
f 3423 3564 3424
f 3424 3565 3425
f 3425 3566 3426
f 3426 3567 3427
f 3427 3568 3428
f 3428 3569 3429
f 3429 3570 3430
f 3430 3571 3431
f 3431 3572 3432
f 3432 3573 3433
f 3433 3574 3434
f 3434 3575 3435
f 3435 3576 3436
f 3436 3577 3437
f 3437 3578 3438
f 3438 3579 3439
f 3439 3580 3440
f 3440 3581 3441
f 3441 3582 3442
f 3442 3583 3443
f 3443 3584 3444
f 3444 3585 3445
f 3445 3586 3446
f 3446 3587 3447
f 3447 3588 3448
f 3448 3589 3449
f 3449 3590 3450
f 3450 3591 3451
f 3451 3592 3452
f 3452 3593 3453
f 3453 3594 3454
f 3454 3595 3455
f 3455 3596 3456
f 3456 3597 3457
f 3457 3598 3458
f 3458 3599 3459
f 3459 3600 3460
f 3460 3601 3461
f 3461 3602 3462
f 3462 3603 3463
f 3463 3604 3464
f 3464 3605 3465
f 3465 3606 3466
f 3466 3607 3467
f 3467 3608 3468
f 3468 3609 3469
f 3469 3610 3470
f 3470 3611 3471
f 3471 3612 3472
f 3472 3613 3473
f 3473 3614 3474
f 3474 3615 3475
f 3475 3616 3476
f 3476 3617 3477
f 3477 3618 3478
f 3478 3619 3479
f 3479 3620 3480
f 3480 3621 3481
f 3481 3622 3482
f 3482 3623 3483
f 3483 3624 3484
f 3484 3625 3485
f 3485 3626 3486
f 3486 3627 3487
f 3487 3628 3488
f 3488 3629 3489
f 3489 3630 3490
f 3490 3631 3491
f 3491 3632 3492
f 3492 3633 3493
f 3493 3634 3494
f 3494 3635 3495
f 3495 3636 3496
f 3496 3637 3497
f 3497 3638 3498
f 3498 3639 3499
f 3499 3640 3500
f 3500 3641 3501
f 3501 3642 3502
f 3502 3643 3503
f 3503 3644 3504
f 3504 3645 3505
f 3505 3646 3506
f 3506 3647 3507
f 3507 3648 3508
f 3508 3649 3509
f 3509 3650 3510
f 3510 3651 3511
f 3511 3652 3512
f 3512 3653 3513
f 3513 3654 3514
f 3514 3655 3515
f 3515 3656 3516
f 3516 3657 3517
f 3517 3658 3518
f 3518 3659 3519
f 3519 3660 3520
f 3520 3661 3521
f 3521 3662 3522
f 3522 3663 3523
f 3523 3664 3524
f 3524 3665 3525
f 3526 3667 3527
f 3527 3668 3528
f 3528 3669 3529
f 3529 3670 3530
f 3530 3671 3531
f 3531 3672 3532
f 3532 3673 3533
f 3533 3674 3534
f 3534 3675 3535
f 3535 3676 3536
f 3536 3677 3537
f 3537 3678 3538
f 3538 3679 3539
f 3539 3680 3540
f 3540 3681 3541
f 3541 3682 3542
f 3542 3683 3543
f 3543 3684 3544
f 3544 3685 3545
f 3545 3686 3546
f 3546 3687 3547
f 3547 3688 3548
f 3548 3689 3549
f 3549 3690 3550
f 3550 3691 3551
f 3551 3692 3552
f 3552 3693 3553
f 3553 3694 3554
f 3554 3695 3555
f 3555 3696 3556
f 3556 3697 3557
f 3557 3698 3558
f 3558 3699 3559
f 3559 3700 3560
f 3560 3701 3561
f 3561 3702 3562
f 3562 3703 3563
f 3563 3704 3564
f 3564 3705 3565
f 3565 3706 3566
f 3566 3707 3567
f 3567 3708 3568
f 3568 3709 3569
f 3569 3710 3570
f 3570 3711 3571
f 3571 3712 3572
f 3572 3713 3573
f 3573 3714 3574
f 3574 3715 3575
f 3575 3716 3576
f 3576 3717 3577
f 3577 3718 3578
f 3578 3719 3579
f 3579 3720 3580
f 3580 3721 3581
f 3581 3722 3582
f 3582 3723 3583
f 3583 3724 3584
f 3584 3725 3585
f 3585 3726 3586
f 3586 3727 3587
f 3587 3728 3588
f 3588 3729 3589
f 3589 3730 3590
f 3590 3731 3591
f 3591 3732 3592
f 3592 3733 3593
f 3593 3734 3594
f 3594 3735 3595
f 3595 3736 3596
f 3596 3737 3597
f 3597 3738 3598
f 3598 3739 3599
f 3599 3740 3600
f 3600 3741 3601
f 3601 3742 3602
f 3602 3743 3603
f 3603 3744 3604
f 3604 3745 3605
f 3605 3746 3606
f 3606 3747 3607
f 3607 3748 3608
f 3608 3749 3609
f 3609 3750 3610
f 3610 3751 3611
f 3611 3752 3612
f 3612 3753 3613
f 3613 3754 3614
f 3614 3755 3615
f 3615 3756 3616
f 3616 3757 3617
f 3617 3758 3618
f 3618 3759 3619
f 3619 3760 3620
f 3620 3761 3621
f 3621 3762 3622
f 3622 3763 3623
f 3623 3764 3624
f 3624 3765 3625
f 3625 3766 3626
f 3626 3767 3627
f 3627 3768 3628
f 3628 3769 3629
f 3629 3770 3630
f 3630 3771 3631
f 3631 3772 3632
f 3632 3773 3633
f 3633 3774 3634
f 3634 3775 3635
f 3635 3776 3636
f 3636 3777 3637
f 3637 3778 3638
f 3638 3779 3639
f 3639 3780 3640
f 3640 3781 3641
f 3641 3782 3642
f 3642 3783 3643
f 3643 3784 3644
f 3644 3785 3645
f 3645 3786 3646
f 3646 3787 3647
f 3647 3788 3648
f 3648 3789 3649
f 3649 3790 3650
f 3650 3791 3651
f 3651 3792 3652
f 3652 3793 3653
f 3653 3794 3654
f 3654 3795 3655
f 3655 3796 3656
f 3656 3797 3657
f 3657 3798 3658
f 3658 3799 3659
f 3659 3800 3660
f 3660 3801 3661
f 3661 3802 3662
f 3662 3803 3663
f 3663 3804 3664
f 3664 3805 3665
f 3665 3806 3666
f 3667 3808 3668
f 3668 3809 3669
f 3669 3810 3670
f 3670 3811 3671
f 3671 3812 3672
f 3672 3813 3673
f 3673 3814 3674
f 3674 3815 3675
f 3675 3816 3676
f 3676 3817 3677
f 3677 3818 3678
f 3678 3819 3679
f 3679 3820 3680
f 3680 3821 3681
f 3681 3822 3682
f 3682 3823 3683
f 3683 3824 3684
f 3684 3825 3685
f 3685 3826 3686
f 3686 3827 3687
f 3687 3828 3688
f 3688 3829 3689
f 3689 3830 3690
f 3690 3831 3691
f 3691 3832 3692
f 3692 3833 3693
f 3693 3834 3694
f 3694 3835 3695
f 3695 3836 3696
f 3696 3837 3697
f 3697 3838 3698
f 3698 3839 3699
f 3699 3840 3700
f 3700 3841 3701
f 3701 3842 3702
f 3702 3843 3703
f 3703 3844 3704
f 3704 3845 3705
f 3705 3846 3706
f 3706 3847 3707
f 3707 3848 3708
f 3708 3849 3709
f 3709 3850 3710
f 3710 3851 3711
f 3711 3852 3712
f 3712 3853 3713
f 3713 3854 3714
f 3714 3855 3715
f 3715 3856 3716
f 3716 3857 3717
f 3717 3858 3718
f 3718 3859 3719
f 3719 3860 3720
f 3720 3861 3721
f 3721 3862 3722
f 3722 3863 3723
f 3723 3864 3724
f 3724 3865 3725
f 3725 3866 3726
f 3726 3867 3727
f 3727 3868 3728
f 3728 3869 3729
f 3729 3870 3730
f 3730 3871 3731
f 3731 3872 3732
f 3732 3873 3733
f 3733 3874 3734
f 3734 3875 3735
f 3735 3876 3736
f 3736 3877 3737
f 3737 3878 3738
f 3738 3879 3739
f 3739 3880 3740
f 3740 3881 3741
f 3741 3882 3742
f 3742 3883 3743
f 3743 3884 3744
f 3744 3885 3745
f 3745 3886 3746
f 3746 3887 3747
f 3747 3888 3748
f 3748 3889 3749
f 3749 3890 3750
f 3750 3891 3751
f 3751 3892 3752
f 3752 3893 3753
f 3753 3894 3754
f 3754 3895 3755
f 3755 3896 3756
f 3756 3897 3757
f 3757 3898 3758
f 3758 3899 3759
f 3759 3900 3760
f 3760 3901 3761
f 3761 3902 3762
f 3762 3903 3763
f 3763 3904 3764
f 3764 3905 3765
f 3765 3906 3766
f 3766 3907 3767
f 3767 3908 3768
f 3768 3909 3769
f 3769 3910 3770
f 3770 3911 3771
f 3771 3912 3772
f 3772 3913 3773
f 3773 3914 3774
f 3774 3915 3775
f 3775 3916 3776
f 3776 3917 3777
f 3777 3918 3778
f 3778 3919 3779
f 3779 3920 3780
f 3780 3921 3781
f 3781 3922 3782
f 3782 3923 3783
f 3783 3924 3784
f 3784 3925 3785
f 3785 3926 3786
f 3786 3927 3787
f 3787 3928 3788
f 3788 3929 3789
f 3789 3930 3790
f 3790 3931 3791
f 3791 3932 3792
f 3792 3933 3793
f 3793 3934 3794
f 3794 3935 3795
f 3795 3936 3796
f 3796 3937 3797
f 3797 3938 3798
f 3798 3939 3799
f 3799 3940 3800
f 3800 3941 3801
f 3801 3942 3802
f 3802 3943 3803
f 3803 3944 3804
f 3804 3945 3805
f 3805 3946 3806
f 3806 3947 3807
f 3808 3949 3809
f 3809 3950 3810
f 3810 3951 3811
f 3811 3952 3812
f 3812 3953 3813
f 3813 3954 3814
f 3814 3955 3815
f 3815 3956 3816
f 3816 3957 3817
f 3817 3958 3818
f 3818 3959 3819
f 3819 3960 3820
f 3820 3961 3821
f 3821 3962 3822
f 3822 3963 3823
f 3823 3964 3824
f 3824 3965 3825
f 3825 3966 3826
f 3826 3967 3827
f 3827 3968 3828
f 3828 3969 3829
f 3829 3970 3830
f 3830 3971 3831
f 3831 3972 3832
f 3832 3973 3833
f 3833 3974 3834
f 3834 3975 3835
f 3835 3976 3836
f 3836 3977 3837
f 3837 3978 3838
f 3838 3979 3839
f 3839 3980 3840
f 3840 3981 3841
f 3841 3982 3842
f 3842 3983 3843
f 3843 3984 3844
f 3844 3985 3845
f 3845 3986 3846
f 3846 3987 3847
f 3847 3988 3848
f 3848 3989 3849
f 3849 3990 3850
f 3850 3991 3851
f 3851 3992 3852
f 3852 3993 3853
f 3853 3994 3854
f 3854 3995 3855
f 3855 3996 3856
f 3856 3997 3857
f 3857 3998 3858
f 3858 3999 3859
f 3859 4000 3860
f 3860 4001 3861
f 3861 4002 3862
f 3862 4003 3863
f 3863 4004 3864
f 3864 4005 3865
f 3865 4006 3866
f 3866 4007 3867
f 3867 4008 3868
f 3868 4009 3869
f 3869 4010 3870
f 3870 4011 3871
f 3871 4012 3872
f 3872 4013 3873
f 3873 4014 3874
f 3874 4015 3875
f 3875 4016 3876
f 3876 4017 3877
f 3877 4018 3878
f 3878 4019 3879
f 3879 4020 3880
f 3880 4021 3881
f 3881 4022 3882
f 3882 4023 3883
f 3883 4024 3884
f 3884 4025 3885
f 3885 4026 3886
f 3886 4027 3887
f 3887 4028 3888
f 3888 4029 3889
f 3889 4030 3890
f 3890 4031 3891
f 3891 4032 3892
f 3892 4033 3893
f 3893 4034 3894
f 3894 4035 3895
f 3895 4036 3896
f 3896 4037 3897
f 3897 4038 3898
f 3898 4039 3899
f 3899 4040 3900
f 3900 4041 3901
f 3901 4042 3902
f 3902 4043 3903
f 3903 4044 3904
f 3904 4045 3905
f 3905 4046 3906
f 3906 4047 3907
f 3907 4048 3908
f 3908 4049 3909
f 3909 4050 3910
f 3910 4051 3911
f 3911 4052 3912
f 3912 4053 3913
f 3913 4054 3914
f 3914 4055 3915
f 3915 4056 3916
f 3916 4057 3917
f 3917 4058 3918
f 3918 4059 3919
f 3919 4060 3920
f 3920 4061 3921
f 3921 4062 3922
f 3922 4063 3923
f 3923 4064 3924
f 3924 4065 3925
f 3925 4066 3926
f 3926 4067 3927
f 3927 4068 3928
f 3928 4069 3929
f 3929 4070 3930
f 3930 4071 3931
f 3931 4072 3932
f 3932 4073 3933
f 3933 4074 3934
f 3934 4075 3935
f 3935 4076 3936
f 3936 4077 3937
f 3937 4078 3938
f 3938 4079 3939
f 3939 4080 3940
f 3940 4081 3941
f 3941 4082 3942
f 3942 4083 3943
f 3943 4084 3944
f 3944 4085 3945
f 3945 4086 3946
f 3946 4087 3947
f 3947 4088 3948
f 3949 4090 3950
f 3950 4091 3951
f 3951 4092 3952
f 3952 4093 3953
f 3953 4094 3954
f 3954 4095 3955
f 3955 4096 3956
f 3956 4097 3957
f 3957 4098 3958
f 3958 4099 3959
f 3959 4100 3960
f 3960 4101 3961
f 3961 4102 3962
f 3962 4103 3963
f 3963 4104 3964
f 3964 4105 3965
f 3965 4106 3966
f 3966 4107 3967
f 3967 4108 3968
f 3968 4109 3969
f 3969 4110 3970
f 3970 4111 3971
f 3971 4112 3972
f 3972 4113 3973
f 3973 4114 3974
f 3974 4115 3975
f 3975 4116 3976
f 3976 4117 3977
f 3977 4118 3978
f 3978 4119 3979
f 3979 4120 3980
f 3980 4121 3981
f 3981 4122 3982
f 3982 4123 3983
f 3983 4124 3984
f 3984 4125 3985
f 3985 4126 3986
f 3986 4127 3987
f 3987 4128 3988
f 3988 4129 3989
f 3989 4130 3990
f 3990 4131 3991
f 3991 4132 3992
f 3992 4133 3993
f 3993 4134 3994
f 3994 4135 3995
f 3995 4136 3996
f 3996 4137 3997
f 3997 4138 3998
f 3998 4139 3999
f 3999 4140 4000
f 4000 4141 4001
f 4001 4142 4002
f 4002 4143 4003
f 4003 4144 4004
f 4004 4145 4005
f 4005 4146 4006
f 4006 4147 4007
f 4007 4148 4008
f 4008 4149 4009
f 4009 4150 4010
f 4010 4151 4011
f 4011 4152 4012
f 4012 4153 4013
f 4013 4154 4014
f 4014 4155 4015
f 4015 4156 4016
f 4016 4157 4017
f 4017 4158 4018
f 4018 4159 4019
f 4019 4160 4020
f 4020 4161 4021
f 4021 4162 4022
f 4022 4163 4023
f 4023 4164 4024
f 4024 4165 4025
f 4025 4166 4026
f 4026 4167 4027
f 4027 4168 4028
f 4028 4169 4029
f 4029 4170 4030
f 4030 4171 4031
f 4031 4172 4032
f 4032 4173 4033
f 4033 4174 4034
f 4034 4175 4035
f 4035 4176 4036
f 4036 4177 4037
f 4037 4178 4038
f 4038 4179 4039
f 4039 4180 4040
f 4040 4181 4041
f 4041 4182 4042
f 4042 4183 4043
f 4043 4184 4044
f 4044 4185 4045
f 4045 4186 4046
f 4046 4187 4047
f 4047 4188 4048
f 4048 4189 4049
f 4049 4190 4050
f 4050 4191 4051
f 4051 4192 4052
f 4052 4193 4053
f 4053 4194 4054
f 4054 4195 4055
f 4055 4196 4056
f 4056 4197 4057
f 4057 4198 4058
f 4058 4199 4059
f 4059 4200 4060
f 4060 4201 4061
f 4061 4202 4062
f 4062 4203 4063
f 4063 4204 4064
f 4064 4205 4065
f 4065 4206 4066
f 4066 4207 4067
f 4067 4208 4068
f 4068 4209 4069
f 4069 4210 4070
f 4070 4211 4071
f 4071 4212 4072
f 4072 4213 4073
f 4073 4214 4074
f 4074 4215 4075
f 4075 4216 4076
f 4076 4217 4077
f 4077 4218 4078
f 4078 4219 4079
f 4079 4220 4080
f 4080 4221 4081
f 4081 4222 4082
f 4082 4223 4083
f 4083 4224 4084
f 4084 4225 4085
f 4085 4226 4086
f 4086 4227 4087
f 4087 4228 4088
f 4088 4229 4089
f 4090 4231 4091
f 4091 4232 4092
f 4092 4233 4093
f 4093 4234 4094
f 4094 4235 4095
f 4095 4236 4096
f 4096 4237 4097
f 4097 4238 4098
f 4098 4239 4099
f 4099 4240 4100
f 4100 4241 4101
f 4101 4242 4102
f 4102 4243 4103
f 4103 4244 4104
f 4104 4245 4105
f 4105 4246 4106
f 4106 4247 4107
f 4107 4248 4108
f 4108 4249 4109
f 4109 4250 4110
f 4110 4251 4111
f 4111 4252 4112
f 4112 4253 4113
f 4113 4254 4114
f 4114 4255 4115
f 4115 4256 4116
f 4116 4257 4117
f 4117 4258 4118
f 4118 4259 4119
f 4119 4260 4120
f 4120 4261 4121
f 4121 4262 4122
f 4122 4263 4123
f 4123 4264 4124
f 4124 4265 4125
f 4125 4266 4126
f 4126 4267 4127
f 4127 4268 4128
f 4128 4269 4129
f 4129 4270 4130
f 4130 4271 4131
f 4131 4272 4132
f 4132 4273 4133
f 4133 4274 4134
f 4134 4275 4135
f 4135 4276 4136
f 4136 4277 4137
f 4137 4278 4138
f 4138 4279 4139
f 4139 4280 4140
f 4140 4281 4141
f 4141 4282 4142
f 4142 4283 4143
f 4143 4284 4144
f 4144 4285 4145
f 4145 4286 4146
f 4146 4287 4147
f 4147 4288 4148
f 4148 4289 4149
f 4149 4290 4150
f 4150 4291 4151
f 4151 4292 4152
f 4152 4293 4153
f 4153 4294 4154
f 4154 4295 4155
f 4155 4296 4156
f 4156 4297 4157
f 4157 4298 4158
f 4158 4299 4159
f 4159 4300 4160
f 4160 4301 4161
f 4161 4302 4162
f 4162 4303 4163
f 4163 4304 4164
f 4164 4305 4165
f 4165 4306 4166
f 4166 4307 4167
f 4167 4308 4168
f 4168 4309 4169
f 4169 4310 4170
f 4170 4311 4171
f 4171 4312 4172
f 4172 4313 4173
f 4173 4314 4174
f 4174 4315 4175
f 4175 4316 4176
f 4176 4317 4177
f 4177 4318 4178
f 4178 4319 4179
f 4179 4320 4180
f 4180 4321 4181
f 4181 4322 4182
f 4182 4323 4183
f 4183 4324 4184
f 4184 4325 4185
f 4185 4326 4186
f 4186 4327 4187
f 4187 4328 4188
f 4188 4329 4189
f 4189 4330 4190
f 4190 4331 4191
f 4191 4332 4192
f 4192 4333 4193
f 4193 4334 4194
f 4194 4335 4195
f 4195 4336 4196
f 4196 4337 4197
f 4197 4338 4198
f 4198 4339 4199
f 4199 4340 4200
f 4200 4341 4201
f 4201 4342 4202
f 4202 4343 4203
f 4203 4344 4204
f 4204 4345 4205
f 4205 4346 4206
f 4206 4347 4207
f 4207 4348 4208
f 4208 4349 4209
f 4209 4350 4210
f 4210 4351 4211
f 4211 4352 4212
f 4212 4353 4213
f 4213 4354 4214
f 4214 4355 4215
f 4215 4356 4216
f 4216 4357 4217
f 4217 4358 4218
f 4218 4359 4219
f 4219 4360 4220
f 4220 4361 4221
f 4221 4362 4222
f 4222 4363 4223
f 4223 4364 4224
f 4224 4365 4225
f 4225 4366 4226
f 4226 4367 4227
f 4227 4368 4228
f 4228 4369 4229
f 4229 4370 4230
f 4231 4372 4232
f 4232 4373 4233
f 4233 4374 4234
f 4234 4375 4235
f 4235 4376 4236
f 4236 4377 4237
f 4237 4378 4238
f 4238 4379 4239
f 4239 4380 4240
f 4240 4381 4241
f 4241 4382 4242
f 4242 4383 4243
f 4243 4384 4244
f 4244 4385 4245
f 4245 4386 4246
f 4246 4387 4247
f 4247 4388 4248
f 4248 4389 4249
f 4249 4390 4250
f 4250 4391 4251
f 4251 4392 4252
f 4252 4393 4253
f 4253 4394 4254
f 4254 4395 4255
f 4255 4396 4256
f 4256 4397 4257
f 4257 4398 4258
f 4258 4399 4259
f 4259 4400 4260
f 4260 4401 4261
f 4261 4402 4262
f 4262 4403 4263
f 4263 4404 4264
f 4264 4405 4265
f 4265 4406 4266
f 4266 4407 4267
f 4267 4408 4268
f 4268 4409 4269
f 4269 4410 4270
f 4270 4411 4271
f 4271 4412 4272
f 4272 4413 4273
f 4273 4414 4274
f 4274 4415 4275
f 4275 4416 4276
f 4276 4417 4277
f 4277 4418 4278
f 4278 4419 4279
f 4279 4420 4280
f 4280 4421 4281
f 4281 4422 4282
f 4282 4423 4283
f 4283 4424 4284
f 4284 4425 4285
f 4285 4426 4286
f 4286 4427 4287
f 4287 4428 4288
f 4288 4429 4289
f 4289 4430 4290
f 4290 4431 4291
f 4291 4432 4292
f 4292 4433 4293
f 4293 4434 4294
f 4294 4435 4295
f 4295 4436 4296
f 4296 4437 4297
f 4297 4438 4298
f 4298 4439 4299
f 4299 4440 4300
f 4300 4441 4301
f 4301 4442 4302
f 4302 4443 4303
f 4303 4444 4304
f 4304 4445 4305
f 4305 4446 4306
f 4306 4447 4307
f 4307 4448 4308
f 4308 4449 4309
f 4309 4450 4310
f 4310 4451 4311
f 4311 4452 4312
f 4312 4453 4313
f 4313 4454 4314
f 4314 4455 4315
f 4315 4456 4316
f 4316 4457 4317
f 4317 4458 4318
f 4318 4459 4319
f 4319 4460 4320
f 4320 4461 4321
f 4321 4462 4322
f 4322 4463 4323
f 4323 4464 4324
f 4324 4465 4325
f 4325 4466 4326
f 4326 4467 4327
f 4327 4468 4328
f 4328 4469 4329
f 4329 4470 4330
f 4330 4471 4331
f 4331 4472 4332
f 4332 4473 4333
f 4333 4474 4334
f 4334 4475 4335
f 4335 4476 4336
f 4336 4477 4337
f 4337 4478 4338
f 4338 4479 4339
f 4339 4480 4340
f 4340 4481 4341
f 4341 4482 4342
f 4342 4483 4343
f 4343 4484 4344
f 4344 4485 4345
f 4345 4486 4346
f 4346 4487 4347
f 4347 4488 4348
f 4348 4489 4349
f 4349 4490 4350
f 4350 4491 4351
f 4351 4492 4352
f 4352 4493 4353
f 4353 4494 4354
f 4354 4495 4355
f 4355 4496 4356
f 4356 4497 4357
f 4357 4498 4358
f 4358 4499 4359
f 4359 4500 4360
f 4360 4501 4361
f 4361 4502 4362
f 4362 4503 4363
f 4363 4504 4364
f 4364 4505 4365
f 4365 4506 4366
f 4366 4507 4367
f 4367 4508 4368
f 4368 4509 4369
f 4369 4510 4370
f 4370 4511 4371
f 4372 4513 4373
f 4373 4514 4374
f 4374 4515 4375
f 4375 4516 4376
f 4376 4517 4377
f 4377 4518 4378
f 4378 4519 4379
f 4379 4520 4380
f 4380 4521 4381
f 4381 4522 4382
f 4382 4523 4383
f 4383 4524 4384
f 4384 4525 4385
f 4385 4526 4386
f 4386 4527 4387
f 4387 4528 4388
f 4388 4529 4389
f 4389 4530 4390
f 4390 4531 4391
f 4391 4532 4392
f 4392 4533 4393
f 4393 4534 4394
f 4394 4535 4395
f 4395 4536 4396
f 4396 4537 4397
f 4397 4538 4398
f 4398 4539 4399
f 4399 4540 4400
f 4400 4541 4401
f 4401 4542 4402
f 4402 4543 4403
f 4403 4544 4404
f 4404 4545 4405
f 4405 4546 4406
f 4406 4547 4407
f 4407 4548 4408
f 4408 4549 4409
f 4409 4550 4410
f 4410 4551 4411
f 4411 4552 4412
f 4412 4553 4413
f 4413 4554 4414
f 4414 4555 4415
f 4415 4556 4416
f 4416 4557 4417
f 4417 4558 4418
f 4418 4559 4419
f 4419 4560 4420
f 4420 4561 4421
f 4421 4562 4422
f 4422 4563 4423
f 4423 4564 4424
f 4424 4565 4425
f 4425 4566 4426
f 4426 4567 4427
f 4427 4568 4428
f 4428 4569 4429
f 4429 4570 4430
f 4430 4571 4431
f 4431 4572 4432
f 4432 4573 4433
f 4433 4574 4434
f 4434 4575 4435
f 4435 4576 4436
f 4436 4577 4437
f 4437 4578 4438
f 4438 4579 4439
f 4439 4580 4440
f 4440 4581 4441
f 4441 4582 4442
f 4442 4583 4443
f 4443 4584 4444
f 4444 4585 4445
f 4445 4586 4446
f 4446 4587 4447
f 4447 4588 4448
f 4448 4589 4449
f 4449 4590 4450
f 4450 4591 4451
f 4451 4592 4452
f 4452 4593 4453
f 4453 4594 4454
f 4454 4595 4455
f 4455 4596 4456
f 4456 4597 4457
f 4457 4598 4458
f 4458 4599 4459
f 4459 4600 4460
f 4460 4601 4461
f 4461 4602 4462
f 4462 4603 4463
f 4463 4604 4464
f 4464 4605 4465
f 4465 4606 4466
f 4466 4607 4467
f 4467 4608 4468
f 4468 4609 4469
f 4469 4610 4470
f 4470 4611 4471
f 4471 4612 4472
f 4472 4613 4473
f 4473 4614 4474
f 4474 4615 4475
f 4475 4616 4476
f 4476 4617 4477
f 4477 4618 4478
f 4478 4619 4479
f 4479 4620 4480
f 4480 4621 4481
f 4481 4622 4482
f 4482 4623 4483
f 4483 4624 4484
f 4484 4625 4485
f 4485 4626 4486
f 4486 4627 4487
f 4487 4628 4488
f 4488 4629 4489
f 4489 4630 4490
f 4490 4631 4491
f 4491 4632 4492
f 4492 4633 4493
f 4493 4634 4494
f 4494 4635 4495
f 4495 4636 4496
f 4496 4637 4497
f 4497 4638 4498
f 4498 4639 4499
f 4499 4640 4500
f 4500 4641 4501
f 4501 4642 4502
f 4502 4643 4503
f 4503 4644 4504
f 4504 4645 4505
f 4505 4646 4506
f 4506 4647 4507
f 4507 4648 4508
f 4508 4649 4509
f 4509 4650 4510
f 4510 4651 4511
f 4511 4652 4512
f 4513 4654 4514
f 4514 4655 4515
f 4515 4656 4516
f 4516 4657 4517
f 4517 4658 4518
f 4518 4659 4519
f 4519 4660 4520
f 4520 4661 4521
f 4521 4662 4522
f 4522 4663 4523
f 4523 4664 4524
f 4524 4665 4525
f 4525 4666 4526
f 4526 4667 4527
f 4527 4668 4528
f 4528 4669 4529
f 4529 4670 4530
f 4530 4671 4531
f 4531 4672 4532
f 4532 4673 4533
f 4533 4674 4534
f 4534 4675 4535
f 4535 4676 4536
f 4536 4677 4537
f 4537 4678 4538
f 4538 4679 4539
f 4539 4680 4540
f 4540 4681 4541
f 4541 4682 4542
f 4542 4683 4543
f 4543 4684 4544
f 4544 4685 4545
f 4545 4686 4546
f 4546 4687 4547
f 4547 4688 4548
f 4548 4689 4549
f 4549 4690 4550
f 4550 4691 4551
f 4551 4692 4552
f 4552 4693 4553
f 4553 4694 4554
f 4554 4695 4555
f 4555 4696 4556
f 4556 4697 4557
f 4557 4698 4558
f 4558 4699 4559
f 4559 4700 4560
f 4560 4701 4561
f 4561 4702 4562
f 4562 4703 4563
f 4563 4704 4564
f 4564 4705 4565
f 4565 4706 4566
f 4566 4707 4567
f 4567 4708 4568
f 4568 4709 4569
f 4569 4710 4570
f 4570 4711 4571
f 4571 4712 4572
f 4572 4713 4573
f 4573 4714 4574
f 4574 4715 4575
f 4575 4716 4576
f 4576 4717 4577
f 4577 4718 4578
f 4578 4719 4579
f 4579 4720 4580
f 4580 4721 4581
f 4581 4722 4582
f 4582 4723 4583
f 4583 4724 4584
f 4584 4725 4585
f 4585 4726 4586
f 4586 4727 4587
f 4587 4728 4588
f 4588 4729 4589
f 4589 4730 4590
f 4590 4731 4591
f 4591 4732 4592
f 4592 4733 4593
f 4593 4734 4594
f 4594 4735 4595
f 4595 4736 4596
f 4596 4737 4597
f 4597 4738 4598
f 4598 4739 4599
f 4599 4740 4600
f 4600 4741 4601
f 4601 4742 4602
f 4602 4743 4603
f 4603 4744 4604
f 4604 4745 4605
f 4605 4746 4606
f 4606 4747 4607
f 4607 4748 4608
f 4608 4749 4609
f 4609 4750 4610
f 4610 4751 4611
f 4611 4752 4612
f 4612 4753 4613
f 4613 4754 4614
f 4614 4755 4615
f 4615 4756 4616
f 4616 4757 4617
f 4617 4758 4618
f 4618 4759 4619
f 4619 4760 4620
f 4620 4761 4621
f 4621 4762 4622
f 4622 4763 4623
f 4623 4764 4624
f 4624 4765 4625
f 4625 4766 4626
f 4626 4767 4627
f 4627 4768 4628
f 4628 4769 4629
f 4629 4770 4630
f 4630 4771 4631
f 4631 4772 4632
f 4632 4773 4633
f 4633 4774 4634
f 4634 4775 4635
f 4635 4776 4636
f 4636 4777 4637
f 4637 4778 4638
f 4638 4779 4639
f 4639 4780 4640
f 4640 4781 4641
f 4641 4782 4642
f 4642 4783 4643
f 4643 4784 4644
f 4644 4785 4645
f 4645 4786 4646
f 4646 4787 4647
f 4647 4788 4648
f 4648 4789 4649
f 4649 4790 4650
f 4650 4791 4651
f 4651 4792 4652
f 4652 4793 4653
f 4654 4795 4655
f 4655 4796 4656
f 4656 4797 4657
f 4657 4798 4658
f 4658 4799 4659
f 4659 4800 4660
f 4660 4801 4661
f 4661 4802 4662
f 4662 4803 4663
f 4663 4804 4664
f 4664 4805 4665
f 4665 4806 4666
f 4666 4807 4667
f 4667 4808 4668
f 4668 4809 4669
f 4669 4810 4670
f 4670 4811 4671
f 4671 4812 4672
f 4672 4813 4673
f 4673 4814 4674
f 4674 4815 4675
f 4675 4816 4676
f 4676 4817 4677
f 4677 4818 4678
f 4678 4819 4679
f 4679 4820 4680
f 4680 4821 4681
f 4681 4822 4682
f 4682 4823 4683
f 4683 4824 4684
f 4684 4825 4685
f 4685 4826 4686
f 4686 4827 4687
f 4687 4828 4688
f 4688 4829 4689
f 4689 4830 4690
f 4690 4831 4691
f 4691 4832 4692
f 4692 4833 4693
f 4693 4834 4694
f 4694 4835 4695
f 4695 4836 4696
f 4696 4837 4697
f 4697 4838 4698
f 4698 4839 4699
f 4699 4840 4700
f 4700 4841 4701
f 4701 4842 4702
f 4702 4843 4703
f 4703 4844 4704
f 4704 4845 4705
f 4705 4846 4706
f 4706 4847 4707
f 4707 4848 4708
f 4708 4849 4709
f 4709 4850 4710
f 4710 4851 4711
f 4711 4852 4712
f 4712 4853 4713
f 4713 4854 4714
f 4714 4855 4715
f 4715 4856 4716
f 4716 4857 4717
f 4717 4858 4718
f 4718 4859 4719
f 4719 4860 4720
f 4720 4861 4721
f 4721 4862 4722
f 4722 4863 4723
f 4723 4864 4724
f 4724 4865 4725
f 4725 4866 4726
f 4726 4867 4727
f 4727 4868 4728
f 4728 4869 4729
f 4729 4870 4730
f 4730 4871 4731
f 4731 4872 4732
f 4732 4873 4733
f 4733 4874 4734
f 4734 4875 4735
f 4735 4876 4736
f 4736 4877 4737
f 4737 4878 4738
f 4738 4879 4739
f 4739 4880 4740
f 4740 4881 4741
f 4741 4882 4742
f 4742 4883 4743
f 4743 4884 4744
f 4744 4885 4745
f 4745 4886 4746
f 4746 4887 4747
f 4747 4888 4748
f 4748 4889 4749
f 4749 4890 4750
f 4750 4891 4751
f 4751 4892 4752
f 4752 4893 4753
f 4753 4894 4754
f 4754 4895 4755
f 4755 4896 4756
f 4756 4897 4757
f 4757 4898 4758
f 4758 4899 4759
f 4759 4900 4760
f 4760 4901 4761
f 4761 4902 4762
f 4762 4903 4763
f 4763 4904 4764
f 4764 4905 4765
f 4765 4906 4766
f 4766 4907 4767
f 4767 4908 4768
f 4768 4909 4769
f 4769 4910 4770
f 4770 4911 4771
f 4771 4912 4772
f 4772 4913 4773
f 4773 4914 4774
f 4774 4915 4775
f 4775 4916 4776
f 4776 4917 4777
f 4777 4918 4778
f 4778 4919 4779
f 4779 4920 4780
f 4780 4921 4781
f 4781 4922 4782
f 4782 4923 4783
f 4783 4924 4784
f 4784 4925 4785
f 4785 4926 4786
f 4786 4927 4787
f 4787 4928 4788
f 4788 4929 4789
f 4789 4930 4790
f 4790 4931 4791
f 4791 4932 4792
f 4792 4933 4793
f 4793 4934 4794
f 4795 4936 4796
f 4796 4937 4797
f 4797 4938 4798
f 4798 4939 4799
f 4799 4940 4800
f 4800 4941 4801
f 4801 4942 4802
f 4802 4943 4803
f 4803 4944 4804
f 4804 4945 4805
f 4805 4946 4806
f 4806 4947 4807
f 4807 4948 4808
f 4808 4949 4809
f 4809 4950 4810
f 4810 4951 4811
f 4811 4952 4812
f 4812 4953 4813
f 4813 4954 4814
f 4814 4955 4815
f 4815 4956 4816
f 4816 4957 4817
f 4817 4958 4818
f 4818 4959 4819
f 4819 4960 4820
f 4820 4961 4821
f 4821 4962 4822
f 4822 4963 4823
f 4823 4964 4824
f 4824 4965 4825
f 4825 4966 4826
f 4826 4967 4827
f 4827 4968 4828
f 4828 4969 4829
f 4829 4970 4830
f 4830 4971 4831
f 4831 4972 4832
f 4832 4973 4833
f 4833 4974 4834
f 4834 4975 4835
f 4835 4976 4836
f 4836 4977 4837
f 4837 4978 4838
f 4838 4979 4839
f 4839 4980 4840
f 4840 4981 4841
f 4841 4982 4842
f 4842 4983 4843
f 4843 4984 4844
f 4844 4985 4845
f 4845 4986 4846
f 4846 4987 4847
f 4847 4988 4848
f 4848 4989 4849
f 4849 4990 4850
f 4850 4991 4851
f 4851 4992 4852
f 4852 4993 4853
f 4853 4994 4854
f 4854 4995 4855
f 4855 4996 4856
f 4856 4997 4857
f 4857 4998 4858
f 4858 4999 4859
f 4859 5000 4860
f 4860 5001 4861
f 4861 5002 4862
f 4862 5003 4863
f 4863 5004 4864
f 4864 5005 4865
f 4865 5006 4866
f 4866 5007 4867
f 4867 5008 4868
f 4868 5009 4869
f 4869 5010 4870
f 4870 5011 4871
f 4871 5012 4872
f 4872 5013 4873
f 4873 5014 4874
f 4874 5015 4875
f 4875 5016 4876
f 4876 5017 4877
f 4877 5018 4878
f 4878 5019 4879
f 4879 5020 4880
f 4880 5021 4881
f 4881 5022 4882
f 4882 5023 4883
f 4883 5024 4884
f 4884 5025 4885
f 4885 5026 4886
f 4886 5027 4887
f 4887 5028 4888
f 4888 5029 4889
f 4889 5030 4890
f 4890 5031 4891
f 4891 5032 4892
f 4892 5033 4893
f 4893 5034 4894
f 4894 5035 4895
f 4895 5036 4896
f 4896 5037 4897
f 4897 5038 4898
f 4898 5039 4899
f 4899 5040 4900
f 4900 5041 4901
f 4901 5042 4902
f 4902 5043 4903
f 4903 5044 4904
f 4904 5045 4905
f 4905 5046 4906
f 4906 5047 4907
f 4907 5048 4908
f 4908 5049 4909
f 4909 5050 4910
f 4910 5051 4911
f 4911 5052 4912
f 4912 5053 4913
f 4913 5054 4914
f 4914 5055 4915
f 4915 5056 4916
f 4916 5057 4917
f 4917 5058 4918
f 4918 5059 4919
f 4919 5060 4920
f 4920 5061 4921
f 4921 5062 4922
f 4922 5063 4923
f 4923 5064 4924
f 4924 5065 4925
f 4925 5066 4926
f 4926 5067 4927
f 4927 5068 4928
f 4928 5069 4929
f 4929 5070 4930
f 4930 5071 4931
f 4931 5072 4932
f 4932 5073 4933
f 4933 5074 4934
f 4934 5075 4935
f 4936 5077 4937
f 4937 5078 4938
f 4938 5079 4939
f 4939 5080 4940
f 4940 5081 4941
f 4941 5082 4942
f 4942 5083 4943
f 4943 5084 4944
f 4944 5085 4945
f 4945 5086 4946
f 4946 5087 4947
f 4947 5088 4948
f 4948 5089 4949
f 4949 5090 4950
f 4950 5091 4951
f 4951 5092 4952
f 4952 5093 4953
f 4953 5094 4954
f 4954 5095 4955
f 4955 5096 4956
f 4956 5097 4957
f 4957 5098 4958
f 4958 5099 4959
f 4959 5100 4960
f 4960 5101 4961
f 4961 5102 4962
f 4962 5103 4963
f 4963 5104 4964
f 4964 5105 4965
f 4965 5106 4966
f 4966 5107 4967
f 4967 5108 4968
f 4968 5109 4969
f 4969 5110 4970
f 4970 5111 4971
f 4971 5112 4972
f 4972 5113 4973
f 4973 5114 4974
f 4974 5115 4975
f 4975 5116 4976
f 4976 5117 4977
f 4977 5118 4978
f 4978 5119 4979
f 4979 5120 4980
f 4980 5121 4981
f 4981 5122 4982
f 4982 5123 4983
f 4983 5124 4984
f 4984 5125 4985
f 4985 5126 4986
f 4986 5127 4987
f 4987 5128 4988
f 4988 5129 4989
f 4989 5130 4990
f 4990 5131 4991
f 4991 5132 4992
f 4992 5133 4993
f 4993 5134 4994
f 4994 5135 4995
f 4995 5136 4996
f 4996 5137 4997
f 4997 5138 4998
f 4998 5139 4999
f 4999 5140 5000
f 5000 5141 5001
f 5001 5142 5002
f 5002 5143 5003
f 5003 5144 5004
f 5004 5145 5005
f 5005 5146 5006
f 5006 5147 5007
f 5007 5148 5008
f 5008 5149 5009
f 5009 5150 5010
f 5010 5151 5011
f 5011 5152 5012
f 5012 5153 5013
f 5013 5154 5014
f 5014 5155 5015
f 5015 5156 5016
f 5016 5157 5017
f 5017 5158 5018
f 5018 5159 5019
f 5019 5160 5020
f 5020 5161 5021
f 5021 5162 5022
f 5022 5163 5023
f 5023 5164 5024
f 5024 5165 5025
f 5025 5166 5026
f 5026 5167 5027
f 5027 5168 5028
f 5028 5169 5029
f 5029 5170 5030
f 5030 5171 5031
f 5031 5172 5032
f 5032 5173 5033
f 5033 5174 5034
f 5034 5175 5035
f 5035 5176 5036
f 5036 5177 5037
f 5037 5178 5038
f 5038 5179 5039
f 5039 5180 5040
f 5040 5181 5041
f 5041 5182 5042
f 5042 5183 5043
f 5043 5184 5044
f 5044 5185 5045
f 5045 5186 5046
f 5046 5187 5047
f 5047 5188 5048
f 5048 5189 5049
f 5049 5190 5050
f 5050 5191 5051
f 5051 5192 5052
f 5052 5193 5053
f 5053 5194 5054
f 5054 5195 5055
f 5055 5196 5056
f 5056 5197 5057
f 5057 5198 5058
f 5058 5199 5059
f 5059 5200 5060
f 5060 5201 5061
f 5061 5202 5062
f 5062 5203 5063
f 5063 5204 5064
f 5064 5205 5065
f 5065 5206 5066
f 5066 5207 5067
f 5067 5208 5068
f 5068 5209 5069
f 5069 5210 5070
f 5070 5211 5071
f 5071 5212 5072
f 5072 5213 5073
f 5073 5214 5074
f 5074 5215 5075
f 5075 5216 5076
f 5077 5218 5078
f 5078 5219 5079
f 5079 5220 5080
f 5080 5221 5081
f 5081 5222 5082
f 5082 5223 5083
f 5083 5224 5084
f 5084 5225 5085
f 5085 5226 5086
f 5086 5227 5087
f 5087 5228 5088
f 5088 5229 5089
f 5089 5230 5090
f 5090 5231 5091
f 5091 5232 5092
f 5092 5233 5093
f 5093 5234 5094
f 5094 5235 5095
f 5095 5236 5096
f 5096 5237 5097
f 5097 5238 5098
f 5098 5239 5099
f 5099 5240 5100
f 5100 5241 5101
f 5101 5242 5102
f 5102 5243 5103
f 5103 5244 5104
f 5104 5245 5105
f 5105 5246 5106
f 5106 5247 5107
f 5107 5248 5108
f 5108 5249 5109
f 5109 5250 5110
f 5110 5251 5111
f 5111 5252 5112
f 5112 5253 5113
f 5113 5254 5114
f 5114 5255 5115
f 5115 5256 5116
f 5116 5257 5117
f 5117 5258 5118
f 5118 5259 5119
f 5119 5260 5120
f 5120 5261 5121
f 5121 5262 5122
f 5122 5263 5123
f 5123 5264 5124
f 5124 5265 5125
f 5125 5266 5126
f 5126 5267 5127
f 5127 5268 5128
f 5128 5269 5129
f 5129 5270 5130
f 5130 5271 5131
f 5131 5272 5132
f 5132 5273 5133
f 5133 5274 5134
f 5134 5275 5135
f 5135 5276 5136
f 5136 5277 5137
f 5137 5278 5138
f 5138 5279 5139
f 5139 5280 5140
f 5140 5281 5141
f 5141 5282 5142
f 5142 5283 5143
f 5143 5284 5144
f 5144 5285 5145
f 5145 5286 5146
f 5146 5287 5147
f 5147 5288 5148
f 5148 5289 5149
f 5149 5290 5150
f 5150 5291 5151
f 5151 5292 5152
f 5152 5293 5153
f 5153 5294 5154
f 5154 5295 5155
f 5155 5296 5156
f 5156 5297 5157
f 5157 5298 5158
f 5158 5299 5159
f 5159 5300 5160
f 5160 5301 5161
f 5161 5302 5162
f 5162 5303 5163
f 5163 5304 5164
f 5164 5305 5165
f 5165 5306 5166
f 5166 5307 5167
f 5167 5308 5168
f 5168 5309 5169
f 5169 5310 5170
f 5170 5311 5171
f 5171 5312 5172
f 5172 5313 5173
f 5173 5314 5174
f 5174 5315 5175
f 5175 5316 5176
f 5176 5317 5177
f 5177 5318 5178
f 5178 5319 5179
f 5179 5320 5180
f 5180 5321 5181
f 5181 5322 5182
f 5182 5323 5183
f 5183 5324 5184
f 5184 5325 5185
f 5185 5326 5186
f 5186 5327 5187
f 5187 5328 5188
f 5188 5329 5189
f 5189 5330 5190
f 5190 5331 5191
f 5191 5332 5192
f 5192 5333 5193
f 5193 5334 5194
f 5194 5335 5195
f 5195 5336 5196
f 5196 5337 5197
f 5197 5338 5198
f 5198 5339 5199
f 5199 5340 5200
f 5200 5341 5201
f 5201 5342 5202
f 5202 5343 5203
f 5203 5344 5204
f 5204 5345 5205
f 5205 5346 5206
f 5206 5347 5207
f 5207 5348 5208
f 5208 5349 5209
f 5209 5350 5210
f 5210 5351 5211
f 5211 5352 5212
f 5212 5353 5213
f 5213 5354 5214
f 5214 5355 5215
f 5215 5356 5216
f 5216 5357 5217
f 5218 5359 5219
f 5219 5360 5220
f 5220 5361 5221
f 5221 5362 5222
f 5222 5363 5223
f 5223 5364 5224
f 5224 5365 5225
f 5225 5366 5226
f 5226 5367 5227
f 5227 5368 5228
f 5228 5369 5229
f 5229 5370 5230
f 5230 5371 5231
f 5231 5372 5232
f 5232 5373 5233
f 5233 5374 5234
f 5234 5375 5235
f 5235 5376 5236
f 5236 5377 5237
f 5237 5378 5238
f 5238 5379 5239
f 5239 5380 5240
f 5240 5381 5241
f 5241 5382 5242
f 5242 5383 5243
f 5243 5384 5244
f 5244 5385 5245
f 5245 5386 5246
f 5246 5387 5247
f 5247 5388 5248
f 5248 5389 5249
f 5249 5390 5250
f 5250 5391 5251
f 5251 5392 5252
f 5252 5393 5253
f 5253 5394 5254
f 5254 5395 5255
f 5255 5396 5256
f 5256 5397 5257
f 5257 5398 5258
f 5258 5399 5259
f 5259 5400 5260
f 5260 5401 5261
f 5261 5402 5262
f 5262 5403 5263
f 5263 5404 5264
f 5264 5405 5265
f 5265 5406 5266
f 5266 5407 5267
f 5267 5408 5268
f 5268 5409 5269
f 5269 5410 5270
f 5270 5411 5271
f 5271 5412 5272
f 5272 5413 5273
f 5273 5414 5274
f 5274 5415 5275
f 5275 5416 5276
f 5276 5417 5277
f 5277 5418 5278
f 5278 5419 5279
f 5279 5420 5280
f 5280 5421 5281
f 5281 5422 5282
f 5282 5423 5283
f 5283 5424 5284
f 5284 5425 5285
f 5285 5426 5286
f 5286 5427 5287
f 5287 5428 5288
f 5288 5429 5289
f 5289 5430 5290
f 5290 5431 5291
f 5291 5432 5292
f 5292 5433 5293
f 5293 5434 5294
f 5294 5435 5295
f 5295 5436 5296
f 5296 5437 5297
f 5297 5438 5298
f 5298 5439 5299
f 5299 5440 5300
f 5300 5441 5301
f 5301 5442 5302
f 5302 5443 5303
f 5303 5444 5304
f 5304 5445 5305
f 5305 5446 5306
f 5306 5447 5307
f 5307 5448 5308
f 5308 5449 5309
f 5309 5450 5310
f 5310 5451 5311
f 5311 5452 5312
f 5312 5453 5313
f 5313 5454 5314
f 5314 5455 5315
f 5315 5456 5316
f 5316 5457 5317
f 5317 5458 5318
f 5318 5459 5319
f 5319 5460 5320
f 5320 5461 5321
f 5321 5462 5322
f 5322 5463 5323
f 5323 5464 5324
f 5324 5465 5325
f 5325 5466 5326
f 5326 5467 5327
f 5327 5468 5328
f 5328 5469 5329
f 5329 5470 5330
f 5330 5471 5331
f 5331 5472 5332
f 5332 5473 5333
f 5333 5474 5334
f 5334 5475 5335
f 5335 5476 5336
f 5336 5477 5337
f 5337 5478 5338
f 5338 5479 5339
f 5339 5480 5340
f 5340 5481 5341
f 5341 5482 5342
f 5342 5483 5343
f 5343 5484 5344
f 5344 5485 5345
f 5345 5486 5346
f 5346 5487 5347
f 5347 5488 5348
f 5348 5489 5349
f 5349 5490 5350
f 5350 5491 5351
f 5351 5492 5352
f 5352 5493 5353
f 5353 5494 5354
f 5354 5495 5355
f 5355 5496 5356
f 5356 5497 5357
f 5357 5498 5358
f 5359 5500 5360
f 5360 5501 5361
f 5361 5502 5362
f 5362 5503 5363
f 5363 5504 5364
f 5364 5505 5365
f 5365 5506 5366
f 5366 5507 5367
f 5367 5508 5368
f 5368 5509 5369
f 5369 5510 5370
f 5370 5511 5371
f 5371 5512 5372
f 5372 5513 5373
f 5373 5514 5374
f 5374 5515 5375
f 5375 5516 5376
f 5376 5517 5377
f 5377 5518 5378
f 5378 5519 5379
f 5379 5520 5380
f 5380 5521 5381
f 5381 5522 5382
f 5382 5523 5383
f 5383 5524 5384
f 5384 5525 5385
f 5385 5526 5386
f 5386 5527 5387
f 5387 5528 5388
f 5388 5529 5389
f 5389 5530 5390
f 5390 5531 5391
f 5391 5532 5392
f 5392 5533 5393
f 5393 5534 5394
f 5394 5535 5395
f 5395 5536 5396
f 5396 5537 5397
f 5397 5538 5398
f 5398 5539 5399
f 5399 5540 5400
f 5400 5541 5401
f 5401 5542 5402
f 5402 5543 5403
f 5403 5544 5404
f 5404 5545 5405
f 5405 5546 5406
f 5406 5547 5407
f 5407 5548 5408
f 5408 5549 5409
f 5409 5550 5410
f 5410 5551 5411
f 5411 5552 5412
f 5412 5553 5413
f 5413 5554 5414
f 5414 5555 5415
f 5415 5556 5416
f 5416 5557 5417
f 5417 5558 5418
f 5418 5559 5419
f 5419 5560 5420
f 5420 5561 5421
f 5421 5562 5422
f 5422 5563 5423
f 5423 5564 5424
f 5424 5565 5425
f 5425 5566 5426
f 5426 5567 5427
f 5427 5568 5428
f 5428 5569 5429
f 5429 5570 5430
f 5430 5571 5431
f 5431 5572 5432
f 5432 5573 5433
f 5433 5574 5434
f 5434 5575 5435
f 5435 5576 5436
f 5436 5577 5437
f 5437 5578 5438
f 5438 5579 5439
f 5439 5580 5440
f 5440 5581 5441
f 5441 5582 5442
f 5442 5583 5443
f 5443 5584 5444
f 5444 5585 5445
f 5445 5586 5446
f 5446 5587 5447
f 5447 5588 5448
f 5448 5589 5449
f 5449 5590 5450
f 5450 5591 5451
f 5451 5592 5452
f 5452 5593 5453
f 5453 5594 5454
f 5454 5595 5455
f 5455 5596 5456
f 5456 5597 5457
f 5457 5598 5458
f 5458 5599 5459
f 5459 5600 5460
f 5460 5601 5461
f 5461 5602 5462
f 5462 5603 5463
f 5463 5604 5464
f 5464 5605 5465
f 5465 5606 5466
f 5466 5607 5467
f 5467 5608 5468
f 5468 5609 5469
f 5469 5610 5470
f 5470 5611 5471
f 5471 5612 5472
f 5472 5613 5473
f 5473 5614 5474
f 5474 5615 5475
f 5475 5616 5476
f 5476 5617 5477
f 5477 5618 5478
f 5478 5619 5479
f 5479 5620 5480
f 5480 5621 5481
f 5481 5622 5482
f 5482 5623 5483
f 5483 5624 5484
f 5484 5625 5485
f 5485 5626 5486
f 5486 5627 5487
f 5487 5628 5488
f 5488 5629 5489
f 5489 5630 5490
f 5490 5631 5491
f 5491 5632 5492
f 5492 5633 5493
f 5493 5634 5494
f 5494 5635 5495
f 5495 5636 5496
f 5496 5637 5497
f 5497 5638 5498
f 5498 5639 5499
f 5500 5641 5501
f 5501 5642 5502
f 5502 5643 5503
f 5503 5644 5504
f 5504 5645 5505
f 5505 5646 5506
f 5506 5647 5507
f 5507 5648 5508
f 5508 5649 5509
f 5509 5650 5510
f 5510 5651 5511
f 5511 5652 5512
f 5512 5653 5513
f 5513 5654 5514
f 5514 5655 5515
f 5515 5656 5516
f 5516 5657 5517
f 5517 5658 5518
f 5518 5659 5519
f 5519 5660 5520
f 5520 5661 5521
f 5521 5662 5522
f 5522 5663 5523
f 5523 5664 5524
f 5524 5665 5525
f 5525 5666 5526
f 5526 5667 5527
f 5527 5668 5528
f 5528 5669 5529
f 5529 5670 5530
f 5530 5671 5531
f 5531 5672 5532
f 5532 5673 5533
f 5533 5674 5534
f 5534 5675 5535
f 5535 5676 5536
f 5536 5677 5537
f 5537 5678 5538
f 5538 5679 5539
f 5539 5680 5540
f 5540 5681 5541
f 5541 5682 5542
f 5542 5683 5543
f 5543 5684 5544
f 5544 5685 5545
f 5545 5686 5546
f 5546 5687 5547
f 5547 5688 5548
f 5548 5689 5549
f 5549 5690 5550
f 5550 5691 5551
f 5551 5692 5552
f 5552 5693 5553
f 5553 5694 5554
f 5554 5695 5555
f 5555 5696 5556
f 5556 5697 5557
f 5557 5698 5558
f 5558 5699 5559
f 5559 5700 5560
f 5560 5701 5561
f 5561 5702 5562
f 5562 5703 5563
f 5563 5704 5564
f 5564 5705 5565
f 5565 5706 5566
f 5566 5707 5567
f 5567 5708 5568
f 5568 5709 5569
f 5569 5710 5570
f 5570 5711 5571
f 5571 5712 5572
f 5572 5713 5573
f 5573 5714 5574
f 5574 5715 5575
f 5575 5716 5576
f 5576 5717 5577
f 5577 5718 5578
f 5578 5719 5579
f 5579 5720 5580
f 5580 5721 5581
f 5581 5722 5582
f 5582 5723 5583
f 5583 5724 5584
f 5584 5725 5585
f 5585 5726 5586
f 5586 5727 5587
f 5587 5728 5588
f 5588 5729 5589
f 5589 5730 5590
f 5590 5731 5591
f 5591 5732 5592
f 5592 5733 5593
f 5593 5734 5594
f 5594 5735 5595
f 5595 5736 5596
f 5596 5737 5597
f 5597 5738 5598
f 5598 5739 5599
f 5599 5740 5600
f 5600 5741 5601
f 5601 5742 5602
f 5602 5743 5603
f 5603 5744 5604
f 5604 5745 5605
f 5605 5746 5606
f 5606 5747 5607
f 5607 5748 5608
f 5608 5749 5609
f 5609 5750 5610
f 5610 5751 5611
f 5611 5752 5612
f 5612 5753 5613
f 5613 5754 5614
f 5614 5755 5615
f 5615 5756 5616
f 5616 5757 5617
f 5617 5758 5618
f 5618 5759 5619
f 5619 5760 5620
f 5620 5761 5621
f 5621 5762 5622
f 5622 5763 5623
f 5623 5764 5624
f 5624 5765 5625
f 5625 5766 5626
f 5626 5767 5627
f 5627 5768 5628
f 5628 5769 5629
f 5629 5770 5630
f 5630 5771 5631
f 5631 5772 5632
f 5632 5773 5633
f 5633 5774 5634
f 5634 5775 5635
f 5635 5776 5636
f 5636 5777 5637
f 5637 5778 5638
f 5638 5779 5639
f 5639 5780 5640
f 5641 5782 5642
f 5642 5783 5643
f 5643 5784 5644
f 5644 5785 5645
f 5645 5786 5646
f 5646 5787 5647
f 5647 5788 5648
f 5648 5789 5649
f 5649 5790 5650
f 5650 5791 5651
f 5651 5792 5652
f 5652 5793 5653
f 5653 5794 5654
f 5654 5795 5655
f 5655 5796 5656
f 5656 5797 5657
f 5657 5798 5658
f 5658 5799 5659
f 5659 5800 5660
f 5660 5801 5661
f 5661 5802 5662
f 5662 5803 5663
f 5663 5804 5664
f 5664 5805 5665
f 5665 5806 5666
f 5666 5807 5667
f 5667 5808 5668
f 5668 5809 5669
f 5669 5810 5670
f 5670 5811 5671
f 5671 5812 5672
f 5672 5813 5673
f 5673 5814 5674
f 5674 5815 5675
f 5675 5816 5676
f 5676 5817 5677
f 5677 5818 5678
f 5678 5819 5679
f 5679 5820 5680
f 5680 5821 5681
f 5681 5822 5682
f 5682 5823 5683
f 5683 5824 5684
f 5684 5825 5685
f 5685 5826 5686
f 5686 5827 5687
f 5687 5828 5688
f 5688 5829 5689
f 5689 5830 5690
f 5690 5831 5691
f 5691 5832 5692
f 5692 5833 5693
f 5693 5834 5694
f 5694 5835 5695
f 5695 5836 5696
f 5696 5837 5697
f 5697 5838 5698
f 5698 5839 5699
f 5699 5840 5700
f 5700 5841 5701
f 5701 5842 5702
f 5702 5843 5703
f 5703 5844 5704
f 5704 5845 5705
f 5705 5846 5706
f 5706 5847 5707
f 5707 5848 5708
f 5708 5849 5709
f 5709 5850 5710
f 5710 5851 5711
f 5711 5852 5712
f 5712 5853 5713
f 5713 5854 5714
f 5714 5855 5715
f 5715 5856 5716
f 5716 5857 5717
f 5717 5858 5718
f 5718 5859 5719
f 5719 5860 5720
f 5720 5861 5721
f 5721 5862 5722
f 5722 5863 5723
f 5723 5864 5724
f 5724 5865 5725
f 5725 5866 5726
f 5726 5867 5727
f 5727 5868 5728
f 5728 5869 5729
f 5729 5870 5730
f 5730 5871 5731
f 5731 5872 5732
f 5732 5873 5733
f 5733 5874 5734
f 5734 5875 5735
f 5735 5876 5736
f 5736 5877 5737
f 5737 5878 5738
f 5738 5879 5739
f 5739 5880 5740
f 5740 5881 5741
f 5741 5882 5742
f 5742 5883 5743
f 5743 5884 5744
f 5744 5885 5745
f 5745 5886 5746
f 5746 5887 5747
f 5747 5888 5748
f 5748 5889 5749
f 5749 5890 5750
f 5750 5891 5751
f 5751 5892 5752
f 5752 5893 5753
f 5753 5894 5754
f 5754 5895 5755
f 5755 5896 5756
f 5756 5897 5757
f 5757 5898 5758
f 5758 5899 5759
f 5759 5900 5760
f 5760 5901 5761
f 5761 5902 5762
f 5762 5903 5763
f 5763 5904 5764
f 5764 5905 5765
f 5765 5906 5766
f 5766 5907 5767
f 5767 5908 5768
f 5768 5909 5769
f 5769 5910 5770
f 5770 5911 5771
f 5771 5912 5772
f 5772 5913 5773
f 5773 5914 5774
f 5774 5915 5775
f 5775 5916 5776
f 5776 5917 5777
f 5777 5918 5778
f 5778 5919 5779
f 5779 5920 5780
f 5780 5921 5781
f 5782 5923 5783
f 5783 5924 5784
f 5784 5925 5785
f 5785 5926 5786
f 5786 5927 5787
f 5787 5928 5788
f 5788 5929 5789
f 5789 5930 5790
f 5790 5931 5791
f 5791 5932 5792
f 5792 5933 5793
f 5793 5934 5794
f 5794 5935 5795
f 5795 5936 5796
f 5796 5937 5797
f 5797 5938 5798
f 5798 5939 5799
f 5799 5940 5800
f 5800 5941 5801
f 5801 5942 5802
f 5802 5943 5803
f 5803 5944 5804
f 5804 5945 5805
f 5805 5946 5806
f 5806 5947 5807
f 5807 5948 5808
f 5808 5949 5809
f 5809 5950 5810
f 5810 5951 5811
f 5811 5952 5812
f 5812 5953 5813
f 5813 5954 5814
f 5814 5955 5815
f 5815 5956 5816
f 5816 5957 5817
f 5817 5958 5818
f 5818 5959 5819
f 5819 5960 5820
f 5820 5961 5821
f 5821 5962 5822
f 5822 5963 5823
f 5823 5964 5824
f 5824 5965 5825
f 5825 5966 5826
f 5826 5967 5827
f 5827 5968 5828
f 5828 5969 5829
f 5829 5970 5830
f 5830 5971 5831
f 5831 5972 5832
f 5832 5973 5833
f 5833 5974 5834
f 5834 5975 5835
f 5835 5976 5836
f 5836 5977 5837
f 5837 5978 5838
f 5838 5979 5839
f 5839 5980 5840
f 5840 5981 5841
f 5841 5982 5842
f 5842 5983 5843
f 5843 5984 5844
f 5844 5985 5845
f 5845 5986 5846
f 5846 5987 5847
f 5847 5988 5848
f 5848 5989 5849
f 5849 5990 5850
f 5850 5991 5851
f 5851 5992 5852
f 5852 5993 5853
f 5853 5994 5854
f 5854 5995 5855
f 5855 5996 5856
f 5856 5997 5857
f 5857 5998 5858
f 5858 5999 5859
f 5859 6000 5860
f 5860 6001 5861
f 5861 6002 5862
f 5862 6003 5863
f 5863 6004 5864
f 5864 6005 5865
f 5865 6006 5866
f 5866 6007 5867
f 5867 6008 5868
f 5868 6009 5869
f 5869 6010 5870
f 5870 6011 5871
f 5871 6012 5872
f 5872 6013 5873
f 5873 6014 5874
f 5874 6015 5875
f 5875 6016 5876
f 5876 6017 5877
f 5877 6018 5878
f 5878 6019 5879
f 5879 6020 5880
f 5880 6021 5881
f 5881 6022 5882
f 5882 6023 5883
f 5883 6024 5884
f 5884 6025 5885
f 5885 6026 5886
f 5886 6027 5887
f 5887 6028 5888
f 5888 6029 5889
f 5889 6030 5890
f 5890 6031 5891
f 5891 6032 5892
f 5892 6033 5893
f 5893 6034 5894
f 5894 6035 5895
f 5895 6036 5896
f 5896 6037 5897
f 5897 6038 5898
f 5898 6039 5899
f 5899 6040 5900
f 5900 6041 5901
f 5901 6042 5902
f 5902 6043 5903
f 5903 6044 5904
f 5904 6045 5905
f 5905 6046 5906
f 5906 6047 5907
f 5907 6048 5908
f 5908 6049 5909
f 5909 6050 5910
f 5910 6051 5911
f 5911 6052 5912
f 5912 6053 5913
f 5913 6054 5914
f 5914 6055 5915
f 5915 6056 5916
f 5916 6057 5917
f 5917 6058 5918
f 5918 6059 5919
f 5919 6060 5920
f 5920 6061 5921
f 5921 6062 5922
f 5923 6064 5924
f 5924 6065 5925
f 5925 6066 5926
f 5926 6067 5927
f 5927 6068 5928
f 5928 6069 5929
f 5929 6070 5930
f 5930 6071 5931
f 5931 6072 5932
f 5932 6073 5933
f 5933 6074 5934
f 5934 6075 5935
f 5935 6076 5936
f 5936 6077 5937
f 5937 6078 5938
f 5938 6079 5939
f 5939 6080 5940
f 5940 6081 5941
f 5941 6082 5942
f 5942 6083 5943
f 5943 6084 5944
f 5944 6085 5945
f 5945 6086 5946
f 5946 6087 5947
f 5947 6088 5948
f 5948 6089 5949
f 5949 6090 5950
f 5950 6091 5951
f 5951 6092 5952
f 5952 6093 5953
f 5953 6094 5954
f 5954 6095 5955
f 5955 6096 5956
f 5956 6097 5957
f 5957 6098 5958
f 5958 6099 5959
f 5959 6100 5960
f 5960 6101 5961
f 5961 6102 5962
f 5962 6103 5963
f 5963 6104 5964
f 5964 6105 5965
f 5965 6106 5966
f 5966 6107 5967
f 5967 6108 5968
f 5968 6109 5969
f 5969 6110 5970
f 5970 6111 5971
f 5971 6112 5972
f 5972 6113 5973
f 5973 6114 5974
f 5974 6115 5975
f 5975 6116 5976
f 5976 6117 5977
f 5977 6118 5978
f 5978 6119 5979
f 5979 6120 5980
f 5980 6121 5981
f 5981 6122 5982
f 5982 6123 5983
f 5983 6124 5984
f 5984 6125 5985
f 5985 6126 5986
f 5986 6127 5987
f 5987 6128 5988
f 5988 6129 5989
f 5989 6130 5990
f 5990 6131 5991
f 5991 6132 5992
f 5992 6133 5993
f 5993 6134 5994
f 5994 6135 5995
f 5995 6136 5996
f 5996 6137 5997
f 5997 6138 5998
f 5998 6139 5999
f 5999 6140 6000
f 6000 6141 6001
f 6001 6142 6002
f 6002 6143 6003
f 6003 6144 6004
f 6004 6145 6005
f 6005 6146 6006
f 6006 6147 6007
f 6007 6148 6008
f 6008 6149 6009
f 6009 6150 6010
f 6010 6151 6011
f 6011 6152 6012
f 6012 6153 6013
f 6013 6154 6014
f 6014 6155 6015
f 6015 6156 6016
f 6016 6157 6017
f 6017 6158 6018
f 6018 6159 6019
f 6019 6160 6020
f 6020 6161 6021
f 6021 6162 6022
f 6022 6163 6023
f 6023 6164 6024
f 6024 6165 6025
f 6025 6166 6026
f 6026 6167 6027
f 6027 6168 6028
f 6028 6169 6029
f 6029 6170 6030
f 6030 6171 6031
f 6031 6172 6032
f 6032 6173 6033
f 6033 6174 6034
f 6034 6175 6035
f 6035 6176 6036
f 6036 6177 6037
f 6037 6178 6038
f 6038 6179 6039
f 6039 6180 6040
f 6040 6181 6041
f 6041 6182 6042
f 6042 6183 6043
f 6043 6184 6044
f 6044 6185 6045
f 6045 6186 6046
f 6046 6187 6047
f 6047 6188 6048
f 6048 6189 6049
f 6049 6190 6050
f 6050 6191 6051
f 6051 6192 6052
f 6052 6193 6053
f 6053 6194 6054
f 6054 6195 6055
f 6055 6196 6056
f 6056 6197 6057
f 6057 6198 6058
f 6058 6199 6059
f 6059 6200 6060
f 6060 6201 6061
f 6061 6202 6062
f 6062 6203 6063
f 6064 6205 6065
f 6065 6206 6066
f 6066 6207 6067
f 6067 6208 6068
f 6068 6209 6069
f 6069 6210 6070
f 6070 6211 6071
f 6071 6212 6072
f 6072 6213 6073
f 6073 6214 6074
f 6074 6215 6075
f 6075 6216 6076
f 6076 6217 6077
f 6077 6218 6078
f 6078 6219 6079
f 6079 6220 6080
f 6080 6221 6081
f 6081 6222 6082
f 6082 6223 6083
f 6083 6224 6084
f 6084 6225 6085
f 6085 6226 6086
f 6086 6227 6087
f 6087 6228 6088
f 6088 6229 6089
f 6089 6230 6090
f 6090 6231 6091
f 6091 6232 6092
f 6092 6233 6093
f 6093 6234 6094
f 6094 6235 6095
f 6095 6236 6096
f 6096 6237 6097
f 6097 6238 6098
f 6098 6239 6099
f 6099 6240 6100
f 6100 6241 6101
f 6101 6242 6102
f 6102 6243 6103
f 6103 6244 6104
f 6104 6245 6105
f 6105 6246 6106
f 6106 6247 6107
f 6107 6248 6108
f 6108 6249 6109
f 6109 6250 6110
f 6110 6251 6111
f 6111 6252 6112
f 6112 6253 6113
f 6113 6254 6114
f 6114 6255 6115
f 6115 6256 6116
f 6116 6257 6117
f 6117 6258 6118
f 6118 6259 6119
f 6119 6260 6120
f 6120 6261 6121
f 6121 6262 6122
f 6122 6263 6123
f 6123 6264 6124
f 6124 6265 6125
f 6125 6266 6126
f 6126 6267 6127
f 6127 6268 6128
f 6128 6269 6129
f 6129 6270 6130
f 6130 6271 6131
f 6131 6272 6132
f 6132 6273 6133
f 6133 6274 6134
f 6134 6275 6135
f 6135 6276 6136
f 6136 6277 6137
f 6137 6278 6138
f 6138 6279 6139
f 6139 6280 6140
f 6140 6281 6141
f 6141 6282 6142
f 6142 6283 6143
f 6143 6284 6144
f 6144 6285 6145
f 6145 6286 6146
f 6146 6287 6147
f 6147 6288 6148
f 6148 6289 6149
f 6149 6290 6150
f 6150 6291 6151
f 6151 6292 6152
f 6152 6293 6153
f 6153 6294 6154
f 6154 6295 6155
f 6155 6296 6156
f 6156 6297 6157
f 6157 6298 6158
f 6158 6299 6159
f 6159 6300 6160
f 6160 6301 6161
f 6161 6302 6162
f 6162 6303 6163
f 6163 6304 6164
f 6164 6305 6165
f 6165 6306 6166
f 6166 6307 6167
f 6167 6308 6168
f 6168 6309 6169
f 6169 6310 6170
f 6170 6311 6171
f 6171 6312 6172
f 6172 6313 6173
f 6173 6314 6174
f 6174 6315 6175
f 6175 6316 6176
f 6176 6317 6177
f 6177 6318 6178
f 6178 6319 6179
f 6179 6320 6180
f 6180 6321 6181
f 6181 6322 6182
f 6182 6323 6183
f 6183 6324 6184
f 6184 6325 6185
f 6185 6326 6186
f 6186 6327 6187
f 6187 6328 6188
f 6188 6329 6189
f 6189 6330 6190
f 6190 6331 6191
f 6191 6332 6192
f 6192 6333 6193
f 6193 6334 6194
f 6194 6335 6195
f 6195 6336 6196
f 6196 6337 6197
f 6197 6338 6198
f 6198 6339 6199
f 6199 6340 6200
f 6200 6341 6201
f 6201 6342 6202
f 6202 6343 6203
f 6203 6344 6204
f 6205 6346 6206
f 6206 6347 6207
f 6207 6348 6208
f 6208 6349 6209
f 6209 6350 6210
f 6210 6351 6211
f 6211 6352 6212
f 6212 6353 6213
f 6213 6354 6214
f 6214 6355 6215
f 6215 6356 6216
f 6216 6357 6217
f 6217 6358 6218
f 6218 6359 6219
f 6219 6360 6220
f 6220 6361 6221
f 6221 6362 6222
f 6222 6363 6223
f 6223 6364 6224
f 6224 6365 6225
f 6225 6366 6226
f 6226 6367 6227
f 6227 6368 6228
f 6228 6369 6229
f 6229 6370 6230
f 6230 6371 6231
f 6231 6372 6232
f 6232 6373 6233
f 6233 6374 6234
f 6234 6375 6235
f 6235 6376 6236
f 6236 6377 6237
f 6237 6378 6238
f 6238 6379 6239
f 6239 6380 6240
f 6240 6381 6241
f 6241 6382 6242
f 6242 6383 6243
f 6243 6384 6244
f 6244 6385 6245
f 6245 6386 6246
f 6246 6387 6247
f 6247 6388 6248
f 6248 6389 6249
f 6249 6390 6250
f 6250 6391 6251
f 6251 6392 6252
f 6252 6393 6253
f 6253 6394 6254
f 6254 6395 6255
f 6255 6396 6256
f 6256 6397 6257
f 6257 6398 6258
f 6258 6399 6259
f 6259 6400 6260
f 6260 6401 6261
f 6261 6402 6262
f 6262 6403 6263
f 6263 6404 6264
f 6264 6405 6265
f 6265 6406 6266
f 6266 6407 6267
f 6267 6408 6268
f 6268 6409 6269
f 6269 6410 6270
f 6270 6411 6271
f 6271 6412 6272
f 6272 6413 6273
f 6273 6414 6274
f 6274 6415 6275
f 6275 6416 6276
f 6276 6417 6277
f 6277 6418 6278
f 6278 6419 6279
f 6279 6420 6280
f 6280 6421 6281
f 6281 6422 6282
f 6282 6423 6283
f 6283 6424 6284
f 6284 6425 6285
f 6285 6426 6286
f 6286 6427 6287
f 6287 6428 6288
f 6288 6429 6289
f 6289 6430 6290
f 6290 6431 6291
f 6291 6432 6292
f 6292 6433 6293
f 6293 6434 6294
f 6294 6435 6295
f 6295 6436 6296
f 6296 6437 6297
f 6297 6438 6298
f 6298 6439 6299
f 6299 6440 6300
f 6300 6441 6301
f 6301 6442 6302
f 6302 6443 6303
f 6303 6444 6304
f 6304 6445 6305
f 6305 6446 6306
f 6306 6447 6307
f 6307 6448 6308
f 6308 6449 6309
f 6309 6450 6310
f 6310 6451 6311
f 6311 6452 6312
f 6312 6453 6313
f 6313 6454 6314
f 6314 6455 6315
f 6315 6456 6316
f 6316 6457 6317
f 6317 6458 6318
f 6318 6459 6319
f 6319 6460 6320
f 6320 6461 6321
f 6321 6462 6322
f 6322 6463 6323
f 6323 6464 6324
f 6324 6465 6325
f 6325 6466 6326
f 6326 6467 6327
f 6327 6468 6328
f 6328 6469 6329
f 6329 6470 6330
f 6330 6471 6331
f 6331 6472 6332
f 6332 6473 6333
f 6333 6474 6334
f 6334 6475 6335
f 6335 6476 6336
f 6336 6477 6337
f 6337 6478 6338
f 6338 6479 6339
f 6339 6480 6340
f 6340 6481 6341
f 6341 6482 6342
f 6342 6483 6343
f 6343 6484 6344
f 6344 6485 6345
f 6346 6487 6347
f 6347 6488 6348
f 6348 6489 6349
f 6349 6490 6350
f 6350 6491 6351
f 6351 6492 6352
f 6352 6493 6353
f 6353 6494 6354
f 6354 6495 6355
f 6355 6496 6356
f 6356 6497 6357
f 6357 6498 6358
f 6358 6499 6359
f 6359 6500 6360
f 6360 6501 6361
f 6361 6502 6362
f 6362 6503 6363
f 6363 6504 6364
f 6364 6505 6365
f 6365 6506 6366
f 6366 6507 6367
f 6367 6508 6368
f 6368 6509 6369
f 6369 6510 6370
f 6370 6511 6371
f 6371 6512 6372
f 6372 6513 6373
f 6373 6514 6374
f 6374 6515 6375
f 6375 6516 6376
f 6376 6517 6377
f 6377 6518 6378
f 6378 6519 6379
f 6379 6520 6380
f 6380 6521 6381
f 6381 6522 6382
f 6382 6523 6383
f 6383 6524 6384
f 6384 6525 6385
f 6385 6526 6386
f 6386 6527 6387
f 6387 6528 6388
f 6388 6529 6389
f 6389 6530 6390
f 6390 6531 6391
f 6391 6532 6392
f 6392 6533 6393
f 6393 6534 6394
f 6394 6535 6395
f 6395 6536 6396
f 6396 6537 6397
f 6397 6538 6398
f 6398 6539 6399
f 6399 6540 6400
f 6400 6541 6401
f 6401 6542 6402
f 6402 6543 6403
f 6403 6544 6404
f 6404 6545 6405
f 6405 6546 6406
f 6406 6547 6407
f 6407 6548 6408
f 6408 6549 6409
f 6409 6550 6410
f 6410 6551 6411
f 6411 6552 6412
f 6412 6553 6413
f 6413 6554 6414
f 6414 6555 6415
f 6415 6556 6416
f 6416 6557 6417
f 6417 6558 6418
f 6418 6559 6419
f 6419 6560 6420
f 6420 6561 6421
f 6421 6562 6422
f 6422 6563 6423
f 6423 6564 6424
f 6424 6565 6425
f 6425 6566 6426
f 6426 6567 6427
f 6427 6568 6428
f 6428 6569 6429
f 6429 6570 6430
f 6430 6571 6431
f 6431 6572 6432
f 6432 6573 6433
f 6433 6574 6434
f 6434 6575 6435
f 6435 6576 6436
f 6436 6577 6437
f 6437 6578 6438
f 6438 6579 6439
f 6439 6580 6440
f 6440 6581 6441
f 6441 6582 6442
f 6442 6583 6443
f 6443 6584 6444
f 6444 6585 6445
f 6445 6586 6446
f 6446 6587 6447
f 6447 6588 6448
f 6448 6589 6449
f 6449 6590 6450
f 6450 6591 6451
f 6451 6592 6452
f 6452 6593 6453
f 6453 6594 6454
f 6454 6595 6455
f 6455 6596 6456
f 6456 6597 6457
f 6457 6598 6458
f 6458 6599 6459
f 6459 6600 6460
f 6460 6601 6461
f 6461 6602 6462
f 6462 6603 6463
f 6463 6604 6464
f 6464 6605 6465
f 6465 6606 6466
f 6466 6607 6467
f 6467 6608 6468
f 6468 6609 6469
f 6469 6610 6470
f 6470 6611 6471
f 6471 6612 6472
f 6472 6613 6473
f 6473 6614 6474
f 6474 6615 6475
f 6475 6616 6476
f 6476 6617 6477
f 6477 6618 6478
f 6478 6619 6479
f 6479 6620 6480
f 6480 6621 6481
f 6481 6622 6482
f 6482 6623 6483
f 6483 6624 6484
f 6484 6625 6485
f 6485 6626 6486
f 6487 6628 6488
f 6488 6629 6489
f 6489 6630 6490
f 6490 6631 6491
f 6491 6632 6492
f 6492 6633 6493
f 6493 6634 6494
f 6494 6635 6495
f 6495 6636 6496
f 6496 6637 6497
f 6497 6638 6498
f 6498 6639 6499
f 6499 6640 6500
f 6500 6641 6501
f 6501 6642 6502
f 6502 6643 6503
f 6503 6644 6504
f 6504 6645 6505
f 6505 6646 6506
f 6506 6647 6507
f 6507 6648 6508
f 6508 6649 6509
f 6509 6650 6510
f 6510 6651 6511
f 6511 6652 6512
f 6512 6653 6513
f 6513 6654 6514
f 6514 6655 6515
f 6515 6656 6516
f 6516 6657 6517
f 6517 6658 6518
f 6518 6659 6519
f 6519 6660 6520
f 6520 6661 6521
f 6521 6662 6522
f 6522 6663 6523
f 6523 6664 6524
f 6524 6665 6525
f 6525 6666 6526
f 6526 6667 6527
f 6527 6668 6528
f 6528 6669 6529
f 6529 6670 6530
f 6530 6671 6531
f 6531 6672 6532
f 6532 6673 6533
f 6533 6674 6534
f 6534 6675 6535
f 6535 6676 6536
f 6536 6677 6537
f 6537 6678 6538
f 6538 6679 6539
f 6539 6680 6540
f 6540 6681 6541
f 6541 6682 6542
f 6542 6683 6543
f 6543 6684 6544
f 6544 6685 6545
f 6545 6686 6546
f 6546 6687 6547
f 6547 6688 6548
f 6548 6689 6549
f 6549 6690 6550
f 6550 6691 6551
f 6551 6692 6552
f 6552 6693 6553
f 6553 6694 6554
f 6554 6695 6555
f 6555 6696 6556
f 6556 6697 6557
f 6557 6698 6558
f 6558 6699 6559
f 6559 6700 6560
f 6560 6701 6561
f 6561 6702 6562
f 6562 6703 6563
f 6563 6704 6564
f 6564 6705 6565
f 6565 6706 6566
f 6566 6707 6567
f 6567 6708 6568
f 6568 6709 6569
f 6569 6710 6570
f 6570 6711 6571
f 6571 6712 6572
f 6572 6713 6573
f 6573 6714 6574
f 6574 6715 6575
f 6575 6716 6576
f 6576 6717 6577
f 6577 6718 6578
f 6578 6719 6579
f 6579 6720 6580
f 6580 6721 6581
f 6581 6722 6582
f 6582 6723 6583
f 6583 6724 6584
f 6584 6725 6585
f 6585 6726 6586
f 6586 6727 6587
f 6587 6728 6588
f 6588 6729 6589
f 6589 6730 6590
f 6590 6731 6591
f 6591 6732 6592
f 6592 6733 6593
f 6593 6734 6594
f 6594 6735 6595
f 6595 6736 6596
f 6596 6737 6597
f 6597 6738 6598
f 6598 6739 6599
f 6599 6740 6600
f 6600 6741 6601
f 6601 6742 6602
f 6602 6743 6603
f 6603 6744 6604
f 6604 6745 6605
f 6605 6746 6606
f 6606 6747 6607
f 6607 6748 6608
f 6608 6749 6609
f 6609 6750 6610
f 6610 6751 6611
f 6611 6752 6612
f 6612 6753 6613
f 6613 6754 6614
f 6614 6755 6615
f 6615 6756 6616
f 6616 6757 6617
f 6617 6758 6618
f 6618 6759 6619
f 6619 6760 6620
f 6620 6761 6621
f 6621 6762 6622
f 6622 6763 6623
f 6623 6764 6624
f 6624 6765 6625
f 6625 6766 6626
f 6626 6767 6627
f 6628 6769 6629
f 6629 6770 6630
f 6630 6771 6631
f 6631 6772 6632
f 6632 6773 6633
f 6633 6774 6634
f 6634 6775 6635
f 6635 6776 6636
f 6636 6777 6637
f 6637 6778 6638
f 6638 6779 6639
f 6639 6780 6640
f 6640 6781 6641
f 6641 6782 6642
f 6642 6783 6643
f 6643 6784 6644
f 6644 6785 6645
f 6645 6786 6646
f 6646 6787 6647
f 6647 6788 6648
f 6648 6789 6649
f 6649 6790 6650
f 6650 6791 6651
f 6651 6792 6652
f 6652 6793 6653
f 6653 6794 6654
f 6654 6795 6655
f 6655 6796 6656
f 6656 6797 6657
f 6657 6798 6658
f 6658 6799 6659
f 6659 6800 6660
f 6660 6801 6661
f 6661 6802 6662
f 6662 6803 6663
f 6663 6804 6664
f 6664 6805 6665
f 6665 6806 6666
f 6666 6807 6667
f 6667 6808 6668
f 6668 6809 6669
f 6669 6810 6670
f 6670 6811 6671
f 6671 6812 6672
f 6672 6813 6673
f 6673 6814 6674
f 6674 6815 6675
f 6675 6816 6676
f 6676 6817 6677
f 6677 6818 6678
f 6678 6819 6679
f 6679 6820 6680
f 6680 6821 6681
f 6681 6822 6682
f 6682 6823 6683
f 6683 6824 6684
f 6684 6825 6685
f 6685 6826 6686
f 6686 6827 6687
f 6687 6828 6688
f 6688 6829 6689
f 6689 6830 6690
f 6690 6831 6691
f 6691 6832 6692
f 6692 6833 6693
f 6693 6834 6694
f 6694 6835 6695
f 6695 6836 6696
f 6696 6837 6697
f 6697 6838 6698
f 6698 6839 6699
f 6699 6840 6700
f 6700 6841 6701
f 6701 6842 6702
f 6702 6843 6703
f 6703 6844 6704
f 6704 6845 6705
f 6705 6846 6706
f 6706 6847 6707
f 6707 6848 6708
f 6708 6849 6709
f 6709 6850 6710
f 6710 6851 6711
f 6711 6852 6712
f 6712 6853 6713
f 6713 6854 6714
f 6714 6855 6715
f 6715 6856 6716
f 6716 6857 6717
f 6717 6858 6718
f 6718 6859 6719
f 6719 6860 6720
f 6720 6861 6721
f 6721 6862 6722
f 6722 6863 6723
f 6723 6864 6724
f 6724 6865 6725
f 6725 6866 6726
f 6726 6867 6727
f 6727 6868 6728
f 6728 6869 6729
f 6729 6870 6730
f 6730 6871 6731
f 6731 6872 6732
f 6732 6873 6733
f 6733 6874 6734
f 6734 6875 6735
f 6735 6876 6736
f 6736 6877 6737
f 6737 6878 6738
f 6738 6879 6739
f 6739 6880 6740
f 6740 6881 6741
f 6741 6882 6742
f 6742 6883 6743
f 6743 6884 6744
f 6744 6885 6745
f 6745 6886 6746
f 6746 6887 6747
f 6747 6888 6748
f 6748 6889 6749
f 6749 6890 6750
f 6750 6891 6751
f 6751 6892 6752
f 6752 6893 6753
f 6753 6894 6754
f 6754 6895 6755
f 6755 6896 6756
f 6756 6897 6757
f 6757 6898 6758
f 6758 6899 6759
f 6759 6900 6760
f 6760 6901 6761
f 6761 6902 6762
f 6762 6903 6763
f 6763 6904 6764
f 6764 6905 6765
f 6765 6906 6766
f 6766 6907 6767
f 6767 6908 6768
f 6769 6910 6770
f 6770 6911 6771
f 6771 6912 6772
f 6772 6913 6773
f 6773 6914 6774
f 6774 6915 6775
f 6775 6916 6776
f 6776 6917 6777
f 6777 6918 6778
f 6778 6919 6779
f 6779 6920 6780
f 6780 6921 6781
f 6781 6922 6782
f 6782 6923 6783
f 6783 6924 6784
f 6784 6925 6785
f 6785 6926 6786
f 6786 6927 6787
f 6787 6928 6788
f 6788 6929 6789
f 6789 6930 6790
f 6790 6931 6791
f 6791 6932 6792
f 6792 6933 6793
f 6793 6934 6794
f 6794 6935 6795
f 6795 6936 6796
f 6796 6937 6797
f 6797 6938 6798
f 6798 6939 6799
f 6799 6940 6800
f 6800 6941 6801
f 6801 6942 6802
f 6802 6943 6803
f 6803 6944 6804
f 6804 6945 6805
f 6805 6946 6806
f 6806 6947 6807
f 6807 6948 6808
f 6808 6949 6809
f 6809 6950 6810
f 6810 6951 6811
f 6811 6952 6812
f 6812 6953 6813
f 6813 6954 6814
f 6814 6955 6815
f 6815 6956 6816
f 6816 6957 6817
f 6817 6958 6818
f 6818 6959 6819
f 6819 6960 6820
f 6820 6961 6821
f 6821 6962 6822
f 6822 6963 6823
f 6823 6964 6824
f 6824 6965 6825
f 6825 6966 6826
f 6826 6967 6827
f 6827 6968 6828
f 6828 6969 6829
f 6829 6970 6830
f 6830 6971 6831
f 6831 6972 6832
f 6832 6973 6833
f 6833 6974 6834
f 6834 6975 6835
f 6835 6976 6836
f 6836 6977 6837
f 6837 6978 6838
f 6838 6979 6839
f 6839 6980 6840
f 6840 6981 6841
f 6841 6982 6842
f 6842 6983 6843
f 6843 6984 6844
f 6844 6985 6845
f 6845 6986 6846
f 6846 6987 6847
f 6847 6988 6848
f 6848 6989 6849
f 6849 6990 6850
f 6850 6991 6851
f 6851 6992 6852
f 6852 6993 6853
f 6853 6994 6854
f 6854 6995 6855
f 6855 6996 6856
f 6856 6997 6857
f 6857 6998 6858
f 6858 6999 6859
f 6859 7000 6860
f 6860 7001 6861
f 6861 7002 6862
f 6862 7003 6863
f 6863 7004 6864
f 6864 7005 6865
f 6865 7006 6866
f 6866 7007 6867
f 6867 7008 6868
f 6868 7009 6869
f 6869 7010 6870
f 6870 7011 6871
f 6871 7012 6872
f 6872 7013 6873
f 6873 7014 6874
f 6874 7015 6875
f 6875 7016 6876
f 6876 7017 6877
f 6877 7018 6878
f 6878 7019 6879
f 6879 7020 6880
f 6880 7021 6881
f 6881 7022 6882
f 6882 7023 6883
f 6883 7024 6884
f 6884 7025 6885
f 6885 7026 6886
f 6886 7027 6887
f 6887 7028 6888
f 6888 7029 6889
f 6889 7030 6890
f 6890 7031 6891
f 6891 7032 6892
f 6892 7033 6893
f 6893 7034 6894
f 6894 7035 6895
f 6895 7036 6896
f 6896 7037 6897
f 6897 7038 6898
f 6898 7039 6899
f 6899 7040 6900
f 6900 7041 6901
f 6901 7042 6902
f 6902 7043 6903
f 6903 7044 6904
f 6904 7045 6905
f 6905 7046 6906
f 6906 7047 6907
f 6907 7048 6908
f 6908 7049 6909
f 6910 7051 6911
f 6911 7052 6912
f 6912 7053 6913
f 6913 7054 6914
f 6914 7055 6915
f 6915 7056 6916
f 6916 7057 6917
f 6917 7058 6918
f 6918 7059 6919
f 6919 7060 6920
f 6920 7061 6921
f 6921 7062 6922
f 6922 7063 6923
f 6923 7064 6924
f 6924 7065 6925
f 6925 7066 6926
f 6926 7067 6927
f 6927 7068 6928
f 6928 7069 6929
f 6929 7070 6930
f 6930 7071 6931
f 6931 7072 6932
f 6932 7073 6933
f 6933 7074 6934
f 6934 7075 6935
f 6935 7076 6936
f 6936 7077 6937
f 6937 7078 6938
f 6938 7079 6939
f 6939 7080 6940
f 6940 7081 6941
f 6941 7082 6942
f 6942 7083 6943
f 6943 7084 6944
f 6944 7085 6945
f 6945 7086 6946
f 6946 7087 6947
f 6947 7088 6948
f 6948 7089 6949
f 6949 7090 6950
f 6950 7091 6951
f 6951 7092 6952
f 6952 7093 6953
f 6953 7094 6954
f 6954 7095 6955
f 6955 7096 6956
f 6956 7097 6957
f 6957 7098 6958
f 6958 7099 6959
f 6959 7100 6960
f 6960 7101 6961
f 6961 7102 6962
f 6962 7103 6963
f 6963 7104 6964
f 6964 7105 6965
f 6965 7106 6966
f 6966 7107 6967
f 6967 7108 6968
f 6968 7109 6969
f 6969 7110 6970
f 6970 7111 6971
f 6971 7112 6972
f 6972 7113 6973
f 6973 7114 6974
f 6974 7115 6975
f 6975 7116 6976
f 6976 7117 6977
f 6977 7118 6978
f 6978 7119 6979
f 6979 7120 6980
f 6980 7121 6981
f 6981 7122 6982
f 6982 7123 6983
f 6983 7124 6984
f 6984 7125 6985
f 6985 7126 6986
f 6986 7127 6987
f 6987 7128 6988
f 6988 7129 6989
f 6989 7130 6990
f 6990 7131 6991
f 6991 7132 6992
f 6992 7133 6993
f 6993 7134 6994
f 6994 7135 6995
f 6995 7136 6996
f 6996 7137 6997
f 6997 7138 6998
f 6998 7139 6999
f 6999 7140 7000
f 7000 7141 7001
f 7001 7142 7002
f 7002 7143 7003
f 7003 7144 7004
f 7004 7145 7005
f 7005 7146 7006
f 7006 7147 7007
f 7007 7148 7008
f 7008 7149 7009
f 7009 7150 7010
f 7010 7151 7011
f 7011 7152 7012
f 7012 7153 7013
f 7013 7154 7014
f 7014 7155 7015
f 7015 7156 7016
f 7016 7157 7017
f 7017 7158 7018
f 7018 7159 7019
f 7019 7160 7020
f 7020 7161 7021
f 7021 7162 7022
f 7022 7163 7023
f 7023 7164 7024
f 7024 7165 7025
f 7025 7166 7026
f 7026 7167 7027
f 7027 7168 7028
f 7028 7169 7029
f 7029 7170 7030
f 7030 7171 7031
f 7031 7172 7032
f 7032 7173 7033
f 7033 7174 7034
f 7034 7175 7035
f 7035 7176 7036
f 7036 7177 7037
f 7037 7178 7038
f 7038 7179 7039
f 7039 7180 7040
f 7040 7181 7041
f 7041 7182 7042
f 7042 7183 7043
f 7043 7184 7044
f 7044 7185 7045
f 7045 7186 7046
f 7046 7187 7047
f 7047 7188 7048
f 7048 7189 7049
f 7049 7190 7050
f 7051 7192 7052
f 7052 7193 7053
f 7053 7194 7054
f 7054 7195 7055
f 7055 7196 7056
f 7056 7197 7057
f 7057 7198 7058
f 7058 7199 7059
f 7059 7200 7060
f 7060 7201 7061
f 7061 7202 7062
f 7062 7203 7063
f 7063 7204 7064
f 7064 7205 7065
f 7065 7206 7066
f 7066 7207 7067
f 7067 7208 7068
f 7068 7209 7069
f 7069 7210 7070
f 7070 7211 7071
f 7071 7212 7072
f 7072 7213 7073
f 7073 7214 7074
f 7074 7215 7075
f 7075 7216 7076
f 7076 7217 7077
f 7077 7218 7078
f 7078 7219 7079
f 7079 7220 7080
f 7080 7221 7081
f 7081 7222 7082
f 7082 7223 7083
f 7083 7224 7084
f 7084 7225 7085
f 7085 7226 7086
f 7086 7227 7087
f 7087 7228 7088
f 7088 7229 7089
f 7089 7230 7090
f 7090 7231 7091
f 7091 7232 7092
f 7092 7233 7093
f 7093 7234 7094
f 7094 7235 7095
f 7095 7236 7096
f 7096 7237 7097
f 7097 7238 7098
f 7098 7239 7099
f 7099 7240 7100
f 7100 7241 7101
f 7101 7242 7102
f 7102 7243 7103
f 7103 7244 7104
f 7104 7245 7105
f 7105 7246 7106
f 7106 7247 7107
f 7107 7248 7108
f 7108 7249 7109
f 7109 7250 7110
f 7110 7251 7111
f 7111 7252 7112
f 7112 7253 7113
f 7113 7254 7114
f 7114 7255 7115
f 7115 7256 7116
f 7116 7257 7117
f 7117 7258 7118
f 7118 7259 7119
f 7119 7260 7120
f 7120 7261 7121
f 7121 7262 7122
f 7122 7263 7123
f 7123 7264 7124
f 7124 7265 7125
f 7125 7266 7126
f 7126 7267 7127
f 7127 7268 7128
f 7128 7269 7129
f 7129 7270 7130
f 7130 7271 7131
f 7131 7272 7132
f 7132 7273 7133
f 7133 7274 7134
f 7134 7275 7135
f 7135 7276 7136
f 7136 7277 7137
f 7137 7278 7138
f 7138 7279 7139
f 7139 7280 7140
f 7140 7281 7141
f 7141 7282 7142
f 7142 7283 7143
f 7143 7284 7144
f 7144 7285 7145
f 7145 7286 7146
f 7146 7287 7147
f 7147 7288 7148
f 7148 7289 7149
f 7149 7290 7150
f 7150 7291 7151
f 7151 7292 7152
f 7152 7293 7153
f 7153 7294 7154
f 7154 7295 7155
f 7155 7296 7156
f 7156 7297 7157
f 7157 7298 7158
f 7158 7299 7159
f 7159 7300 7160
f 7160 7301 7161
f 7161 7302 7162
f 7162 7303 7163
f 7163 7304 7164
f 7164 7305 7165
f 7165 7306 7166
f 7166 7307 7167
f 7167 7308 7168
f 7168 7309 7169
f 7169 7310 7170
f 7170 7311 7171
f 7171 7312 7172
f 7172 7313 7173
f 7173 7314 7174
f 7174 7315 7175
f 7175 7316 7176
f 7176 7317 7177
f 7177 7318 7178
f 7178 7319 7179
f 7179 7320 7180
f 7180 7321 7181
f 7181 7322 7182
f 7182 7323 7183
f 7183 7324 7184
f 7184 7325 7185
f 7185 7326 7186
f 7186 7327 7187
f 7187 7328 7188
f 7188 7329 7189
f 7189 7330 7190
f 7190 7331 7191
f 7192 7333 7193
f 7193 7334 7194
f 7194 7335 7195
f 7195 7336 7196
f 7196 7337 7197
f 7197 7338 7198
f 7198 7339 7199
f 7199 7340 7200
f 7200 7341 7201
f 7201 7342 7202
f 7202 7343 7203
f 7203 7344 7204
f 7204 7345 7205
f 7205 7346 7206
f 7206 7347 7207
f 7207 7348 7208
f 7208 7349 7209
f 7209 7350 7210
f 7210 7351 7211
f 7211 7352 7212
f 7212 7353 7213
f 7213 7354 7214
f 7214 7355 7215
f 7215 7356 7216
f 7216 7357 7217
f 7217 7358 7218
f 7218 7359 7219
f 7219 7360 7220
f 7220 7361 7221
f 7221 7362 7222
f 7222 7363 7223
f 7223 7364 7224
f 7224 7365 7225
f 7225 7366 7226
f 7226 7367 7227
f 7227 7368 7228
f 7228 7369 7229
f 7229 7370 7230
f 7230 7371 7231
f 7231 7372 7232
f 7232 7373 7233
f 7233 7374 7234
f 7234 7375 7235
f 7235 7376 7236
f 7236 7377 7237
f 7237 7378 7238
f 7238 7379 7239
f 7239 7380 7240
f 7240 7381 7241
f 7241 7382 7242
f 7242 7383 7243
f 7243 7384 7244
f 7244 7385 7245
f 7245 7386 7246
f 7246 7387 7247
f 7247 7388 7248
f 7248 7389 7249
f 7249 7390 7250
f 7250 7391 7251
f 7251 7392 7252
f 7252 7393 7253
f 7253 7394 7254
f 7254 7395 7255
f 7255 7396 7256
f 7256 7397 7257
f 7257 7398 7258
f 7258 7399 7259
f 7259 7400 7260
f 7260 7401 7261
f 7261 7402 7262
f 7262 7403 7263
f 7263 7404 7264
f 7264 7405 7265
f 7265 7406 7266
f 7266 7407 7267
f 7267 7408 7268
f 7268 7409 7269
f 7269 7410 7270
f 7270 7411 7271
f 7271 7412 7272
f 7272 7413 7273
f 7273 7414 7274
f 7274 7415 7275
f 7275 7416 7276
f 7276 7417 7277
f 7277 7418 7278
f 7278 7419 7279
f 7279 7420 7280
f 7280 7421 7281
f 7281 7422 7282
f 7282 7423 7283
f 7283 7424 7284
f 7284 7425 7285
f 7285 7426 7286
f 7286 7427 7287
f 7287 7428 7288
f 7288 7429 7289
f 7289 7430 7290
f 7290 7431 7291
f 7291 7432 7292
f 7292 7433 7293
f 7293 7434 7294
f 7294 7435 7295
f 7295 7436 7296
f 7296 7437 7297
f 7297 7438 7298
f 7298 7439 7299
f 7299 7440 7300
f 7300 7441 7301
f 7301 7442 7302
f 7302 7443 7303
f 7303 7444 7304
f 7304 7445 7305
f 7305 7446 7306
f 7306 7447 7307
f 7307 7448 7308
f 7308 7449 7309
f 7309 7450 7310
f 7310 7451 7311
f 7311 7452 7312
f 7312 7453 7313
f 7313 7454 7314
f 7314 7455 7315
f 7315 7456 7316
f 7316 7457 7317
f 7317 7458 7318
f 7318 7459 7319
f 7319 7460 7320
f 7320 7461 7321
f 7321 7462 7322
f 7322 7463 7323
f 7323 7464 7324
f 7324 7465 7325
f 7325 7466 7326
f 7326 7467 7327
f 7327 7468 7328
f 7328 7469 7329
f 7329 7470 7330
f 7330 7471 7331
f 7331 7472 7332
f 7333 7474 7334
f 7334 7475 7335
f 7335 7476 7336
f 7336 7477 7337
f 7337 7478 7338
f 7338 7479 7339
f 7339 7480 7340
f 7340 7481 7341
f 7341 7482 7342
f 7342 7483 7343
f 7343 7484 7344
f 7344 7485 7345
f 7345 7486 7346
f 7346 7487 7347
f 7347 7488 7348
f 7348 7489 7349
f 7349 7490 7350
f 7350 7491 7351
f 7351 7492 7352
f 7352 7493 7353
f 7353 7494 7354
f 7354 7495 7355
f 7355 7496 7356
f 7356 7497 7357
f 7357 7498 7358
f 7358 7499 7359
f 7359 7500 7360
f 7360 7501 7361
f 7361 7502 7362
f 7362 7503 7363
f 7363 7504 7364
f 7364 7505 7365
f 7365 7506 7366
f 7366 7507 7367
f 7367 7508 7368
f 7368 7509 7369
f 7369 7510 7370
f 7370 7511 7371
f 7371 7512 7372
f 7372 7513 7373
f 7373 7514 7374
f 7374 7515 7375
f 7375 7516 7376
f 7376 7517 7377
f 7377 7518 7378
f 7378 7519 7379
f 7379 7520 7380
f 7380 7521 7381
f 7381 7522 7382
f 7382 7523 7383
f 7383 7524 7384
f 7384 7525 7385
f 7385 7526 7386
f 7386 7527 7387
f 7387 7528 7388
f 7388 7529 7389
f 7389 7530 7390
f 7390 7531 7391
f 7391 7532 7392
f 7392 7533 7393
f 7393 7534 7394
f 7394 7535 7395
f 7395 7536 7396
f 7396 7537 7397
f 7397 7538 7398
f 7398 7539 7399
f 7399 7540 7400
f 7400 7541 7401
f 7401 7542 7402
f 7402 7543 7403
f 7403 7544 7404
f 7404 7545 7405
f 7405 7546 7406
f 7406 7547 7407
f 7407 7548 7408
f 7408 7549 7409
f 7409 7550 7410
f 7410 7551 7411
f 7411 7552 7412
f 7412 7553 7413
f 7413 7554 7414
f 7414 7555 7415
f 7415 7556 7416
f 7416 7557 7417
f 7417 7558 7418
f 7418 7559 7419
f 7419 7560 7420
f 7420 7561 7421
f 7421 7562 7422
f 7422 7563 7423
f 7423 7564 7424
f 7424 7565 7425
f 7425 7566 7426
f 7426 7567 7427
f 7427 7568 7428
f 7428 7569 7429
f 7429 7570 7430
f 7430 7571 7431
f 7431 7572 7432
f 7432 7573 7433
f 7433 7574 7434
f 7434 7575 7435
f 7435 7576 7436
f 7436 7577 7437
f 7437 7578 7438
f 7438 7579 7439
f 7439 7580 7440
f 7440 7581 7441
f 7441 7582 7442
f 7442 7583 7443
f 7443 7584 7444
f 7444 7585 7445
f 7445 7586 7446
f 7446 7587 7447
f 7447 7588 7448
f 7448 7589 7449
f 7449 7590 7450
f 7450 7591 7451
f 7451 7592 7452
f 7452 7593 7453
f 7453 7594 7454
f 7454 7595 7455
f 7455 7596 7456
f 7456 7597 7457
f 7457 7598 7458
f 7458 7599 7459
f 7459 7600 7460
f 7460 7601 7461
f 7461 7602 7462
f 7462 7603 7463
f 7463 7604 7464
f 7464 7605 7465
f 7465 7606 7466
f 7466 7607 7467
f 7467 7608 7468
f 7468 7609 7469
f 7469 7610 7470
f 7470 7611 7471
f 7471 7612 7472
f 7472 7613 7473
f 7474 7615 7475
f 7475 7616 7476
f 7476 7617 7477
f 7477 7618 7478
f 7478 7619 7479
f 7479 7620 7480
f 7480 7621 7481
f 7481 7622 7482
f 7482 7623 7483
f 7483 7624 7484
f 7484 7625 7485
f 7485 7626 7486
f 7486 7627 7487
f 7487 7628 7488
f 7488 7629 7489
f 7489 7630 7490
f 7490 7631 7491
f 7491 7632 7492
f 7492 7633 7493
f 7493 7634 7494
f 7494 7635 7495
f 7495 7636 7496
f 7496 7637 7497
f 7497 7638 7498
f 7498 7639 7499
f 7499 7640 7500
f 7500 7641 7501
f 7501 7642 7502
f 7502 7643 7503
f 7503 7644 7504
f 7504 7645 7505
f 7505 7646 7506
f 7506 7647 7507
f 7507 7648 7508
f 7508 7649 7509
f 7509 7650 7510
f 7510 7651 7511
f 7511 7652 7512
f 7512 7653 7513
f 7513 7654 7514
f 7514 7655 7515
f 7515 7656 7516
f 7516 7657 7517
f 7517 7658 7518
f 7518 7659 7519
f 7519 7660 7520
f 7520 7661 7521
f 7521 7662 7522
f 7522 7663 7523
f 7523 7664 7524
f 7524 7665 7525
f 7525 7666 7526
f 7526 7667 7527
f 7527 7668 7528
f 7528 7669 7529
f 7529 7670 7530
f 7530 7671 7531
f 7531 7672 7532
f 7532 7673 7533
f 7533 7674 7534
f 7534 7675 7535
f 7535 7676 7536
f 7536 7677 7537
f 7537 7678 7538
f 7538 7679 7539
f 7539 7680 7540
f 7540 7681 7541
f 7541 7682 7542
f 7542 7683 7543
f 7543 7684 7544
f 7544 7685 7545
f 7545 7686 7546
f 7546 7687 7547
f 7547 7688 7548
f 7548 7689 7549
f 7549 7690 7550
f 7550 7691 7551
f 7551 7692 7552
f 7552 7693 7553
f 7553 7694 7554
f 7554 7695 7555
f 7555 7696 7556
f 7556 7697 7557
f 7557 7698 7558
f 7558 7699 7559
f 7559 7700 7560
f 7560 7701 7561
f 7561 7702 7562
f 7562 7703 7563
f 7563 7704 7564
f 7564 7705 7565
f 7565 7706 7566
f 7566 7707 7567
f 7567 7708 7568
f 7568 7709 7569
f 7569 7710 7570
f 7570 7711 7571
f 7571 7712 7572
f 7572 7713 7573
f 7573 7714 7574
f 7574 7715 7575
f 7575 7716 7576
f 7576 7717 7577
f 7577 7718 7578
f 7578 7719 7579
f 7579 7720 7580
f 7580 7721 7581
f 7581 7722 7582
f 7582 7723 7583
f 7583 7724 7584
f 7584 7725 7585
f 7585 7726 7586
f 7586 7727 7587
f 7587 7728 7588
f 7588 7729 7589
f 7589 7730 7590
f 7590 7731 7591
f 7591 7732 7592
f 7592 7733 7593
f 7593 7734 7594
f 7594 7735 7595
f 7595 7736 7596
f 7596 7737 7597
f 7597 7738 7598
f 7598 7739 7599
f 7599 7740 7600
f 7600 7741 7601
f 7601 7742 7602
f 7602 7743 7603
f 7603 7744 7604
f 7604 7745 7605
f 7605 7746 7606
f 7606 7747 7607
f 7607 7748 7608
f 7608 7749 7609
f 7609 7750 7610
f 7610 7751 7611
f 7611 7752 7612
f 7612 7753 7613
f 7613 7754 7614
f 7615 7756 7616
f 7616 7757 7617
f 7617 7758 7618
f 7618 7759 7619
f 7619 7760 7620
f 7620 7761 7621
f 7621 7762 7622
f 7622 7763 7623
f 7623 7764 7624
f 7624 7765 7625
f 7625 7766 7626
f 7626 7767 7627
f 7627 7768 7628
f 7628 7769 7629
f 7629 7770 7630
f 7630 7771 7631
f 7631 7772 7632
f 7632 7773 7633
f 7633 7774 7634
f 7634 7775 7635
f 7635 7776 7636
f 7636 7777 7637
f 7637 7778 7638
f 7638 7779 7639
f 7639 7780 7640
f 7640 7781 7641
f 7641 7782 7642
f 7642 7783 7643
f 7643 7784 7644
f 7644 7785 7645
f 7645 7786 7646
f 7646 7787 7647
f 7647 7788 7648
f 7648 7789 7649
f 7649 7790 7650
f 7650 7791 7651
f 7651 7792 7652
f 7652 7793 7653
f 7653 7794 7654
f 7654 7795 7655
f 7655 7796 7656
f 7656 7797 7657
f 7657 7798 7658
f 7658 7799 7659
f 7659 7800 7660
f 7660 7801 7661
f 7661 7802 7662
f 7662 7803 7663
f 7663 7804 7664
f 7664 7805 7665
f 7665 7806 7666
f 7666 7807 7667
f 7667 7808 7668
f 7668 7809 7669
f 7669 7810 7670
f 7670 7811 7671
f 7671 7812 7672
f 7672 7813 7673
f 7673 7814 7674
f 7674 7815 7675
f 7675 7816 7676
f 7676 7817 7677
f 7677 7818 7678
f 7678 7819 7679
f 7679 7820 7680
f 7680 7821 7681
f 7681 7822 7682
f 7682 7823 7683
f 7683 7824 7684
f 7684 7825 7685
f 7685 7826 7686
f 7686 7827 7687
f 7687 7828 7688
f 7688 7829 7689
f 7689 7830 7690
f 7690 7831 7691
f 7691 7832 7692
f 7692 7833 7693
f 7693 7834 7694
f 7694 7835 7695
f 7695 7836 7696
f 7696 7837 7697
f 7697 7838 7698
f 7698 7839 7699
f 7699 7840 7700
f 7700 7841 7701
f 7701 7842 7702
f 7702 7843 7703
f 7703 7844 7704
f 7704 7845 7705
f 7705 7846 7706
f 7706 7847 7707
f 7707 7848 7708
f 7708 7849 7709
f 7709 7850 7710
f 7710 7851 7711
f 7711 7852 7712
f 7712 7853 7713
f 7713 7854 7714
f 7714 7855 7715
f 7715 7856 7716
f 7716 7857 7717
f 7717 7858 7718
f 7718 7859 7719
f 7719 7860 7720
f 7720 7861 7721
f 7721 7862 7722
f 7722 7863 7723
f 7723 7864 7724
f 7724 7865 7725
f 7725 7866 7726
f 7726 7867 7727
f 7727 7868 7728
f 7728 7869 7729
f 7729 7870 7730
f 7730 7871 7731
f 7731 7872 7732
f 7732 7873 7733
f 7733 7874 7734
f 7734 7875 7735
f 7735 7876 7736
f 7736 7877 7737
f 7737 7878 7738
f 7738 7879 7739
f 7739 7880 7740
f 7740 7881 7741
f 7741 7882 7742
f 7742 7883 7743
f 7743 7884 7744
f 7744 7885 7745
f 7745 7886 7746
f 7746 7887 7747
f 7747 7888 7748
f 7748 7889 7749
f 7749 7890 7750
f 7750 7891 7751
f 7751 7892 7752
f 7752 7893 7753
f 7753 7894 7754
f 7754 7895 7755
f 7756 7897 7757
f 7757 7898 7758
f 7758 7899 7759
f 7759 7900 7760
f 7760 7901 7761
f 7761 7902 7762
f 7762 7903 7763
f 7763 7904 7764
f 7764 7905 7765
f 7765 7906 7766
f 7766 7907 7767
f 7767 7908 7768
f 7768 7909 7769
f 7769 7910 7770
f 7770 7911 7771
f 7771 7912 7772
f 7772 7913 7773
f 7773 7914 7774
f 7774 7915 7775
f 7775 7916 7776
f 7776 7917 7777
f 7777 7918 7778
f 7778 7919 7779
f 7779 7920 7780
f 7780 7921 7781
f 7781 7922 7782
f 7782 7923 7783
f 7783 7924 7784
f 7784 7925 7785
f 7785 7926 7786
f 7786 7927 7787
f 7787 7928 7788
f 7788 7929 7789
f 7789 7930 7790
f 7790 7931 7791
f 7791 7932 7792
f 7792 7933 7793
f 7793 7934 7794
f 7794 7935 7795
f 7795 7936 7796
f 7796 7937 7797
f 7797 7938 7798
f 7798 7939 7799
f 7799 7940 7800
f 7800 7941 7801
f 7801 7942 7802
f 7802 7943 7803
f 7803 7944 7804
f 7804 7945 7805
f 7805 7946 7806
f 7806 7947 7807
f 7807 7948 7808
f 7808 7949 7809
f 7809 7950 7810
f 7810 7951 7811
f 7811 7952 7812
f 7812 7953 7813
f 7813 7954 7814
f 7814 7955 7815
f 7815 7956 7816
f 7816 7957 7817
f 7817 7958 7818
f 7818 7959 7819
f 7819 7960 7820
f 7820 7961 7821
f 7821 7962 7822
f 7822 7963 7823
f 7823 7964 7824
f 7824 7965 7825
f 7825 7966 7826
f 7826 7967 7827
f 7827 7968 7828
f 7828 7969 7829
f 7829 7970 7830
f 7830 7971 7831
f 7831 7972 7832
f 7832 7973 7833
f 7833 7974 7834
f 7834 7975 7835
f 7835 7976 7836
f 7836 7977 7837
f 7837 7978 7838
f 7838 7979 7839
f 7839 7980 7840
f 7840 7981 7841
f 7841 7982 7842
f 7842 7983 7843
f 7843 7984 7844
f 7844 7985 7845
f 7845 7986 7846
f 7846 7987 7847
f 7847 7988 7848
f 7848 7989 7849
f 7849 7990 7850
f 7850 7991 7851
f 7851 7992 7852
f 7852 7993 7853
f 7853 7994 7854
f 7854 7995 7855
f 7855 7996 7856
f 7856 7997 7857
f 7857 7998 7858
f 7858 7999 7859
f 7859 8000 7860
f 7860 8001 7861
f 7861 8002 7862
f 7862 8003 7863
f 7863 8004 7864
f 7864 8005 7865
f 7865 8006 7866
f 7866 8007 7867
f 7867 8008 7868
f 7868 8009 7869
f 7869 8010 7870
f 7870 8011 7871
f 7871 8012 7872
f 7872 8013 7873
f 7873 8014 7874
f 7874 8015 7875
f 7875 8016 7876
f 7876 8017 7877
f 7877 8018 7878
f 7878 8019 7879
f 7879 8020 7880
f 7880 8021 7881
f 7881 8022 7882
f 7882 8023 7883
f 7883 8024 7884
f 7884 8025 7885
f 7885 8026 7886
f 7886 8027 7887
f 7887 8028 7888
f 7888 8029 7889
f 7889 8030 7890
f 7890 8031 7891
f 7891 8032 7892
f 7892 8033 7893
f 7893 8034 7894
f 7894 8035 7895
f 7895 8036 7896
f 2 142 143
f 3 143 144
f 4 144 145
f 5 145 146
f 6 146 147
f 7 147 148
f 8 148 149
f 9 149 150
f 10 150 151
f 11 151 152
f 12 152 153
f 13 153 154
f 14 154 155
f 15 155 156
f 16 156 157
f 17 157 158
f 18 158 159
f 19 159 160
f 20 160 161
f 21 161 162
f 22 162 163
f 23 163 164
f 24 164 165
f 25 165 166
f 26 166 167
f 27 167 168
f 28 168 169
f 29 169 170
f 30 170 171
f 31 171 172
f 32 172 173
f 33 173 174
f 34 174 175
f 35 175 176
f 36 176 177
f 37 177 178
f 38 178 179
f 39 179 180
f 40 180 181
f 41 181 182
f 42 182 183
f 43 183 184
f 44 184 185
f 45 185 186
f 46 186 187
f 47 187 188
f 48 188 189
f 49 189 190
f 50 190 191
f 51 191 192
f 52 192 193
f 53 193 194
f 54 194 195
f 55 195 196
f 56 196 197
f 57 197 198
f 58 198 199
f 59 199 200
f 60 200 201
f 61 201 202
f 62 202 203
f 63 203 204
f 64 204 205
f 65 205 206
f 66 206 207
f 67 207 208
f 68 208 209
f 69 209 210
f 70 210 211
f 71 211 212
f 72 212 213
f 73 213 214
f 74 214 215
f 75 215 216
f 76 216 217
f 77 217 218
f 78 218 219
f 79 219 220
f 80 220 221
f 81 221 222
f 82 222 223
f 83 223 224
f 84 224 225
f 85 225 226
f 86 226 227
f 87 227 228
f 88 228 229
f 89 229 230
f 90 230 231
f 91 231 232
f 92 232 233
f 93 233 234
f 94 234 235
f 95 235 236
f 96 236 237
f 97 237 238
f 98 238 239
f 99 239 240
f 100 240 241
f 101 241 242
f 102 242 243
f 103 243 244
f 104 244 245
f 105 245 246
f 106 246 247
f 107 247 248
f 108 248 249
f 109 249 250
f 110 250 251
f 111 251 252
f 112 252 253
f 113 253 254
f 114 254 255
f 115 255 256
f 116 256 257
f 117 257 258
f 118 258 259
f 119 259 260
f 120 260 261
f 121 261 262
f 122 262 263
f 123 263 264
f 124 264 265
f 125 265 266
f 126 266 267
f 127 267 268
f 128 268 269
f 129 269 270
f 130 270 271
f 131 271 272
f 132 272 273
f 133 273 274
f 134 274 275
f 135 275 276
f 136 276 277
f 137 277 278
f 138 278 279
f 139 279 280
f 140 280 281
f 141 281 282
f 143 283 284
f 144 284 285
f 145 285 286
f 146 286 287
f 147 287 288
f 148 288 289
f 149 289 290
f 150 290 291
f 151 291 292
f 152 292 293
f 153 293 294
f 154 294 295
f 155 295 296
f 156 296 297
f 157 297 298
f 158 298 299
f 159 299 300
f 160 300 301
f 161 301 302
f 162 302 303
f 163 303 304
f 164 304 305
f 165 305 306
f 166 306 307
f 167 307 308
f 168 308 309
f 169 309 310
f 170 310 311
f 171 311 312
f 172 312 313
f 173 313 314
f 174 314 315
f 175 315 316
f 176 316 317
f 177 317 318
f 178 318 319
f 179 319 320
f 180 320 321
f 181 321 322
f 182 322 323
f 183 323 324
f 184 324 325
f 185 325 326
f 186 326 327
f 187 327 328
f 188 328 329
f 189 329 330
f 190 330 331
f 191 331 332
f 192 332 333
f 193 333 334
f 194 334 335
f 195 335 336
f 196 336 337
f 197 337 338
f 198 338 339
f 199 339 340
f 200 340 341
f 201 341 342
f 202 342 343
f 203 343 344
f 204 344 345
f 205 345 346
f 206 346 347
f 207 347 348
f 208 348 349
f 209 349 350
f 210 350 351
f 211 351 352
f 212 352 353
f 213 353 354
f 214 354 355
f 215 355 356
f 216 356 357
f 217 357 358
f 218 358 359
f 219 359 360
f 220 360 361
f 221 361 362
f 222 362 363
f 223 363 364
f 224 364 365
f 225 365 366
f 226 366 367
f 227 367 368
f 228 368 369
f 229 369 370
f 230 370 371
f 231 371 372
f 232 372 373
f 233 373 374
f 234 374 375
f 235 375 376
f 236 376 377
f 237 377 378
f 238 378 379
f 239 379 380
f 240 380 381
f 241 381 382
f 242 382 383
f 243 383 384
f 244 384 385
f 245 385 386
f 246 386 387
f 247 387 388
f 248 388 389
f 249 389 390
f 250 390 391
f 251 391 392
f 252 392 393
f 253 393 394
f 254 394 395
f 255 395 396
f 256 396 397
f 257 397 398
f 258 398 399
f 259 399 400
f 260 400 401
f 261 401 402
f 262 402 403
f 263 403 404
f 264 404 405
f 265 405 406
f 266 406 407
f 267 407 408
f 268 408 409
f 269 409 410
f 270 410 411
f 271 411 412
f 272 412 413
f 273 413 414
f 274 414 415
f 275 415 416
f 276 416 417
f 277 417 418
f 278 418 419
f 279 419 420
f 280 420 421
f 281 421 422
f 282 422 423
f 284 424 425
f 285 425 426
f 286 426 427
f 287 427 428
f 288 428 429
f 289 429 430
f 290 430 431
f 291 431 432
f 292 432 433
f 293 433 434
f 294 434 435
f 295 435 436
f 296 436 437
f 297 437 438
f 298 438 439
f 299 439 440
f 300 440 441
f 301 441 442
f 302 442 443
f 303 443 444
f 304 444 445
f 305 445 446
f 306 446 447
f 307 447 448
f 308 448 449
f 309 449 450
f 310 450 451
f 311 451 452
f 312 452 453
f 313 453 454
f 314 454 455
f 315 455 456
f 316 456 457
f 317 457 458
f 318 458 459
f 319 459 460
f 320 460 461
f 321 461 462
f 322 462 463
f 323 463 464
f 324 464 465
f 325 465 466
f 326 466 467
f 327 467 468
f 328 468 469
f 329 469 470
f 330 470 471
f 331 471 472
f 332 472 473
f 333 473 474
f 334 474 475
f 335 475 476
f 336 476 477
f 337 477 478
f 338 478 479
f 339 479 480
f 340 480 481
f 341 481 482
f 342 482 483
f 343 483 484
f 344 484 485
f 345 485 486
f 346 486 487
f 347 487 488
f 348 488 489
f 349 489 490
f 350 490 491
f 351 491 492
f 352 492 493
f 353 493 494
f 354 494 495
f 355 495 496
f 356 496 497
f 357 497 498
f 358 498 499
f 359 499 500
f 360 500 501
f 361 501 502
f 362 502 503
f 363 503 504
f 364 504 505
f 365 505 506
f 366 506 507
f 367 507 508
f 368 508 509
f 369 509 510
f 370 510 511
f 371 511 512
f 372 512 513
f 373 513 514
f 374 514 515
f 375 515 516
f 376 516 517
f 377 517 518
f 378 518 519
f 379 519 520
f 380 520 521
f 381 521 522
f 382 522 523
f 383 523 524
f 384 524 525
f 385 525 526
f 386 526 527
f 387 527 528
f 388 528 529
f 389 529 530
f 390 530 531
f 391 531 532
f 392 532 533
f 393 533 534
f 394 534 535
f 395 535 536
f 396 536 537
f 397 537 538
f 398 538 539
f 399 539 540
f 400 540 541
f 401 541 542
f 402 542 543
f 403 543 544
f 404 544 545
f 405 545 546
f 406 546 547
f 407 547 548
f 408 548 549
f 409 549 550
f 410 550 551
f 411 551 552
f 412 552 553
f 413 553 554
f 414 554 555
f 415 555 556
f 416 556 557
f 417 557 558
f 418 558 559
f 419 559 560
f 420 560 561
f 421 561 562
f 422 562 563
f 423 563 564
f 425 565 566
f 426 566 567
f 427 567 568
f 428 568 569
f 429 569 570
f 430 570 571
f 431 571 572
f 432 572 573
f 433 573 574
f 434 574 575
f 435 575 576
f 436 576 577
f 437 577 578
f 438 578 579
f 439 579 580
f 440 580 581
f 441 581 582
f 442 582 583
f 443 583 584
f 444 584 585
f 445 585 586
f 446 586 587
f 447 587 588
f 448 588 589
f 449 589 590
f 450 590 591
f 451 591 592
f 452 592 593
f 453 593 594
f 454 594 595
f 455 595 596
f 456 596 597
f 457 597 598
f 458 598 599
f 459 599 600
f 460 600 601
f 461 601 602
f 462 602 603
f 463 603 604
f 464 604 605
f 465 605 606
f 466 606 607
f 467 607 608
f 468 608 609
f 469 609 610
f 470 610 611
f 471 611 612
f 472 612 613
f 473 613 614
f 474 614 615
f 475 615 616
f 476 616 617
f 477 617 618
f 478 618 619
f 479 619 620
f 480 620 621
f 481 621 622
f 482 622 623
f 483 623 624
f 484 624 625
f 485 625 626
f 486 626 627
f 487 627 628
f 488 628 629
f 489 629 630
f 490 630 631
f 491 631 632
f 492 632 633
f 493 633 634
f 494 634 635
f 495 635 636
f 496 636 637
f 497 637 638
f 498 638 639
f 499 639 640
f 500 640 641
f 501 641 642
f 502 642 643
f 503 643 644
f 504 644 645
f 505 645 646
f 506 646 647
f 507 647 648
f 508 648 649
f 509 649 650
f 510 650 651
f 511 651 652
f 512 652 653
f 513 653 654
f 514 654 655
f 515 655 656
f 516 656 657
f 517 657 658
f 518 658 659
f 519 659 660
f 520 660 661
f 521 661 662
f 522 662 663
f 523 663 664
f 524 664 665
f 525 665 666
f 526 666 667
f 527 667 668
f 528 668 669
f 529 669 670
f 530 670 671
f 531 671 672
f 532 672 673
f 533 673 674
f 534 674 675
f 535 675 676
f 536 676 677
f 537 677 678
f 538 678 679
f 539 679 680
f 540 680 681
f 541 681 682
f 542 682 683
f 543 683 684
f 544 684 685
f 545 685 686
f 546 686 687
f 547 687 688
f 548 688 689
f 549 689 690
f 550 690 691
f 551 691 692
f 552 692 693
f 553 693 694
f 554 694 695
f 555 695 696
f 556 696 697
f 557 697 698
f 558 698 699
f 559 699 700
f 560 700 701
f 561 701 702
f 562 702 703
f 563 703 704
f 564 704 705
f 566 706 707
f 567 707 708
f 568 708 709
f 569 709 710
f 570 710 711
f 571 711 712
f 572 712 713
f 573 713 714
f 574 714 715
f 575 715 716
f 576 716 717
f 577 717 718
f 578 718 719
f 579 719 720
f 580 720 721
f 581 721 722
f 582 722 723
f 583 723 724
f 584 724 725
f 585 725 726
f 586 726 727
f 587 727 728
f 588 728 729
f 589 729 730
f 590 730 731
f 591 731 732
f 592 732 733
f 593 733 734
f 594 734 735
f 595 735 736
f 596 736 737
f 597 737 738
f 598 738 739
f 599 739 740
f 600 740 741
f 601 741 742
f 602 742 743
f 603 743 744
f 604 744 745
f 605 745 746
f 606 746 747
f 607 747 748
f 608 748 749
f 609 749 750
f 610 750 751
f 611 751 752
f 612 752 753
f 613 753 754
f 614 754 755
f 615 755 756
f 616 756 757
f 617 757 758
f 618 758 759
f 619 759 760
f 620 760 761
f 621 761 762
f 622 762 763
f 623 763 764
f 624 764 765
f 625 765 766
f 626 766 767
f 627 767 768
f 628 768 769
f 629 769 770
f 630 770 771
f 631 771 772
f 632 772 773
f 633 773 774
f 634 774 775
f 635 775 776
f 636 776 777
f 637 777 778
f 638 778 779
f 639 779 780
f 640 780 781
f 641 781 782
f 642 782 783
f 643 783 784
f 644 784 785
f 645 785 786
f 646 786 787
f 647 787 788
f 648 788 789
f 649 789 790
f 650 790 791
f 651 791 792
f 652 792 793
f 653 793 794
f 654 794 795
f 655 795 796
f 656 796 797
f 657 797 798
f 658 798 799
f 659 799 800
f 660 800 801
f 661 801 802
f 662 802 803
f 663 803 804
f 664 804 805
f 665 805 806
f 666 806 807
f 667 807 808
f 668 808 809
f 669 809 810
f 670 810 811
f 671 811 812
f 672 812 813
f 673 813 814
f 674 814 815
f 675 815 816
f 676 816 817
f 677 817 818
f 678 818 819
f 679 819 820
f 680 820 821
f 681 821 822
f 682 822 823
f 683 823 824
f 684 824 825
f 685 825 826
f 686 826 827
f 687 827 828
f 688 828 829
f 689 829 830
f 690 830 831
f 691 831 832
f 692 832 833
f 693 833 834
f 694 834 835
f 695 835 836
f 696 836 837
f 697 837 838
f 698 838 839
f 699 839 840
f 700 840 841
f 701 841 842
f 702 842 843
f 703 843 844
f 704 844 845
f 705 845 846
f 707 847 848
f 708 848 849
f 709 849 850
f 710 850 851
f 711 851 852
f 712 852 853
f 713 853 854
f 714 854 855
f 715 855 856
f 716 856 857
f 717 857 858
f 718 858 859
f 719 859 860
f 720 860 861
f 721 861 862
f 722 862 863
f 723 863 864
f 724 864 865
f 725 865 866
f 726 866 867
f 727 867 868
f 728 868 869
f 729 869 870
f 730 870 871
f 731 871 872
f 732 872 873
f 733 873 874
f 734 874 875
f 735 875 876
f 736 876 877
f 737 877 878
f 738 878 879
f 739 879 880
f 740 880 881
f 741 881 882
f 742 882 883
f 743 883 884
f 744 884 885
f 745 885 886
f 746 886 887
f 747 887 888
f 748 888 889
f 749 889 890
f 750 890 891
f 751 891 892
f 752 892 893
f 753 893 894
f 754 894 895
f 755 895 896
f 756 896 897
f 757 897 898
f 758 898 899
f 759 899 900
f 760 900 901
f 761 901 902
f 762 902 903
f 763 903 904
f 764 904 905
f 765 905 906
f 766 906 907
f 767 907 908
f 768 908 909
f 769 909 910
f 770 910 911
f 771 911 912
f 772 912 913
f 773 913 914
f 774 914 915
f 775 915 916
f 776 916 917
f 777 917 918
f 778 918 919
f 779 919 920
f 780 920 921
f 781 921 922
f 782 922 923
f 783 923 924
f 784 924 925
f 785 925 926
f 786 926 927
f 787 927 928
f 788 928 929
f 789 929 930
f 790 930 931
f 791 931 932
f 792 932 933
f 793 933 934
f 794 934 935
f 795 935 936
f 796 936 937
f 797 937 938
f 798 938 939
f 799 939 940
f 800 940 941
f 801 941 942
f 802 942 943
f 803 943 944
f 804 944 945
f 805 945 946
f 806 946 947
f 807 947 948
f 808 948 949
f 809 949 950
f 810 950 951
f 811 951 952
f 812 952 953
f 813 953 954
f 814 954 955
f 815 955 956
f 816 956 957
f 817 957 958
f 818 958 959
f 819 959 960
f 820 960 961
f 821 961 962
f 822 962 963
f 823 963 964
f 824 964 965
f 825 965 966
f 826 966 967
f 827 967 968
f 828 968 969
f 829 969 970
f 830 970 971
f 831 971 972
f 832 972 973
f 833 973 974
f 834 974 975
f 835 975 976
f 836 976 977
f 837 977 978
f 838 978 979
f 839 979 980
f 840 980 981
f 841 981 982
f 842 982 983
f 843 983 984
f 844 984 985
f 845 985 986
f 846 986 987
f 848 988 989
f 849 989 990
f 850 990 991
f 851 991 992
f 852 992 993
f 853 993 994
f 854 994 995
f 855 995 996
f 856 996 997
f 857 997 998
f 858 998 999
f 859 999 1000
f 860 1000 1001
f 861 1001 1002
f 862 1002 1003
f 863 1003 1004
f 864 1004 1005
f 865 1005 1006
f 866 1006 1007
f 867 1007 1008
f 868 1008 1009
f 869 1009 1010
f 870 1010 1011
f 871 1011 1012
f 872 1012 1013
f 873 1013 1014
f 874 1014 1015
f 875 1015 1016
f 876 1016 1017
f 877 1017 1018
f 878 1018 1019
f 879 1019 1020
f 880 1020 1021
f 881 1021 1022
f 882 1022 1023
f 883 1023 1024
f 884 1024 1025
f 885 1025 1026
f 886 1026 1027
f 887 1027 1028
f 888 1028 1029
f 889 1029 1030
f 890 1030 1031
f 891 1031 1032
f 892 1032 1033
f 893 1033 1034
f 894 1034 1035
f 895 1035 1036
f 896 1036 1037
f 897 1037 1038
f 898 1038 1039
f 899 1039 1040
f 900 1040 1041
f 901 1041 1042
f 902 1042 1043
f 903 1043 1044
f 904 1044 1045
f 905 1045 1046
f 906 1046 1047
f 907 1047 1048
f 908 1048 1049
f 909 1049 1050
f 910 1050 1051
f 911 1051 1052
f 912 1052 1053
f 913 1053 1054
f 914 1054 1055
f 915 1055 1056
f 916 1056 1057
f 917 1057 1058
f 918 1058 1059
f 919 1059 1060
f 920 1060 1061
f 921 1061 1062
f 922 1062 1063
f 923 1063 1064
f 924 1064 1065
f 925 1065 1066
f 926 1066 1067
f 927 1067 1068
f 928 1068 1069
f 929 1069 1070
f 930 1070 1071
f 931 1071 1072
f 932 1072 1073
f 933 1073 1074
f 934 1074 1075
f 935 1075 1076
f 936 1076 1077
f 937 1077 1078
f 938 1078 1079
f 939 1079 1080
f 940 1080 1081
f 941 1081 1082
f 942 1082 1083
f 943 1083 1084
f 944 1084 1085
f 945 1085 1086
f 946 1086 1087
f 947 1087 1088
f 948 1088 1089
f 949 1089 1090
f 950 1090 1091
f 951 1091 1092
f 952 1092 1093
f 953 1093 1094
f 954 1094 1095
f 955 1095 1096
f 956 1096 1097
f 957 1097 1098
f 958 1098 1099
f 959 1099 1100
f 960 1100 1101
f 961 1101 1102
f 962 1102 1103
f 963 1103 1104
f 964 1104 1105
f 965 1105 1106
f 966 1106 1107
f 967 1107 1108
f 968 1108 1109
f 969 1109 1110
f 970 1110 1111
f 971 1111 1112
f 972 1112 1113
f 973 1113 1114
f 974 1114 1115
f 975 1115 1116
f 976 1116 1117
f 977 1117 1118
f 978 1118 1119
f 979 1119 1120
f 980 1120 1121
f 981 1121 1122
f 982 1122 1123
f 983 1123 1124
f 984 1124 1125
f 985 1125 1126
f 986 1126 1127
f 987 1127 1128
f 989 1129 1130
f 990 1130 1131
f 991 1131 1132
f 992 1132 1133
f 993 1133 1134
f 994 1134 1135
f 995 1135 1136
f 996 1136 1137
f 997 1137 1138
f 998 1138 1139
f 999 1139 1140
f 1000 1140 1141
f 1001 1141 1142
f 1002 1142 1143
f 1003 1143 1144
f 1004 1144 1145
f 1005 1145 1146
f 1006 1146 1147
f 1007 1147 1148
f 1008 1148 1149
f 1009 1149 1150
f 1010 1150 1151
f 1011 1151 1152
f 1012 1152 1153
f 1013 1153 1154
f 1014 1154 1155
f 1015 1155 1156
f 1016 1156 1157
f 1017 1157 1158
f 1018 1158 1159
f 1019 1159 1160
f 1020 1160 1161
f 1021 1161 1162
f 1022 1162 1163
f 1023 1163 1164
f 1024 1164 1165
f 1025 1165 1166
f 1026 1166 1167
f 1027 1167 1168
f 1028 1168 1169
f 1029 1169 1170
f 1030 1170 1171
f 1031 1171 1172
f 1032 1172 1173
f 1033 1173 1174
f 1034 1174 1175
f 1035 1175 1176
f 1036 1176 1177
f 1037 1177 1178
f 1038 1178 1179
f 1039 1179 1180
f 1040 1180 1181
f 1041 1181 1182
f 1042 1182 1183
f 1043 1183 1184
f 1044 1184 1185
f 1045 1185 1186
f 1046 1186 1187
f 1047 1187 1188
f 1048 1188 1189
f 1049 1189 1190
f 1050 1190 1191
f 1051 1191 1192
f 1052 1192 1193
f 1053 1193 1194
f 1054 1194 1195
f 1055 1195 1196
f 1056 1196 1197
f 1057 1197 1198
f 1058 1198 1199
f 1059 1199 1200
f 1060 1200 1201
f 1061 1201 1202
f 1062 1202 1203
f 1063 1203 1204
f 1064 1204 1205
f 1065 1205 1206
f 1066 1206 1207
f 1067 1207 1208
f 1068 1208 1209
f 1069 1209 1210
f 1070 1210 1211
f 1071 1211 1212
f 1072 1212 1213
f 1073 1213 1214
f 1074 1214 1215
f 1075 1215 1216
f 1076 1216 1217
f 1077 1217 1218
f 1078 1218 1219
f 1079 1219 1220
f 1080 1220 1221
f 1081 1221 1222
f 1082 1222 1223
f 1083 1223 1224
f 1084 1224 1225
f 1085 1225 1226
f 1086 1226 1227
f 1087 1227 1228
f 1088 1228 1229
f 1089 1229 1230
f 1090 1230 1231
f 1091 1231 1232
f 1092 1232 1233
f 1093 1233 1234
f 1094 1234 1235
f 1095 1235 1236
f 1096 1236 1237
f 1097 1237 1238
f 1098 1238 1239
f 1099 1239 1240
f 1100 1240 1241
f 1101 1241 1242
f 1102 1242 1243
f 1103 1243 1244
f 1104 1244 1245
f 1105 1245 1246
f 1106 1246 1247
f 1107 1247 1248
f 1108 1248 1249
f 1109 1249 1250
f 1110 1250 1251
f 1111 1251 1252
f 1112 1252 1253
f 1113 1253 1254
f 1114 1254 1255
f 1115 1255 1256
f 1116 1256 1257
f 1117 1257 1258
f 1118 1258 1259
f 1119 1259 1260
f 1120 1260 1261
f 1121 1261 1262
f 1122 1262 1263
f 1123 1263 1264
f 1124 1264 1265
f 1125 1265 1266
f 1126 1266 1267
f 1127 1267 1268
f 1128 1268 1269
f 1130 1270 1271
f 1131 1271 1272
f 1132 1272 1273
f 1133 1273 1274
f 1134 1274 1275
f 1135 1275 1276
f 1136 1276 1277
f 1137 1277 1278
f 1138 1278 1279
f 1139 1279 1280
f 1140 1280 1281
f 1141 1281 1282
f 1142 1282 1283
f 1143 1283 1284
f 1144 1284 1285
f 1145 1285 1286
f 1146 1286 1287
f 1147 1287 1288
f 1148 1288 1289
f 1149 1289 1290
f 1150 1290 1291
f 1151 1291 1292
f 1152 1292 1293
f 1153 1293 1294
f 1154 1294 1295
f 1155 1295 1296
f 1156 1296 1297
f 1157 1297 1298
f 1158 1298 1299
f 1159 1299 1300
f 1160 1300 1301
f 1161 1301 1302
f 1162 1302 1303
f 1163 1303 1304
f 1164 1304 1305
f 1165 1305 1306
f 1166 1306 1307
f 1167 1307 1308
f 1168 1308 1309
f 1169 1309 1310
f 1170 1310 1311
f 1171 1311 1312
f 1172 1312 1313
f 1173 1313 1314
f 1174 1314 1315
f 1175 1315 1316
f 1176 1316 1317
f 1177 1317 1318
f 1178 1318 1319
f 1179 1319 1320
f 1180 1320 1321
f 1181 1321 1322
f 1182 1322 1323
f 1183 1323 1324
f 1184 1324 1325
f 1185 1325 1326
f 1186 1326 1327
f 1187 1327 1328
f 1188 1328 1329
f 1189 1329 1330
f 1190 1330 1331
f 1191 1331 1332
f 1192 1332 1333
f 1193 1333 1334
f 1194 1334 1335
f 1195 1335 1336
f 1196 1336 1337
f 1197 1337 1338
f 1198 1338 1339
f 1199 1339 1340
f 1200 1340 1341
f 1201 1341 1342
f 1202 1342 1343
f 1203 1343 1344
f 1204 1344 1345
f 1205 1345 1346
f 1206 1346 1347
f 1207 1347 1348
f 1208 1348 1349
f 1209 1349 1350
f 1210 1350 1351
f 1211 1351 1352
f 1212 1352 1353
f 1213 1353 1354
f 1214 1354 1355
f 1215 1355 1356
f 1216 1356 1357
f 1217 1357 1358
f 1218 1358 1359
f 1219 1359 1360
f 1220 1360 1361
f 1221 1361 1362
f 1222 1362 1363
f 1223 1363 1364
f 1224 1364 1365
f 1225 1365 1366
f 1226 1366 1367
f 1227 1367 1368
f 1228 1368 1369
f 1229 1369 1370
f 1230 1370 1371
f 1231 1371 1372
f 1232 1372 1373
f 1233 1373 1374
f 1234 1374 1375
f 1235 1375 1376
f 1236 1376 1377
f 1237 1377 1378
f 1238 1378 1379
f 1239 1379 1380
f 1240 1380 1381
f 1241 1381 1382
f 1242 1382 1383
f 1243 1383 1384
f 1244 1384 1385
f 1245 1385 1386
f 1246 1386 1387
f 1247 1387 1388
f 1248 1388 1389
f 1249 1389 1390
f 1250 1390 1391
f 1251 1391 1392
f 1252 1392 1393
f 1253 1393 1394
f 1254 1394 1395
f 1255 1395 1396
f 1256 1396 1397
f 1257 1397 1398
f 1258 1398 1399
f 1259 1399 1400
f 1260 1400 1401
f 1261 1401 1402
f 1262 1402 1403
f 1263 1403 1404
f 1264 1404 1405
f 1265 1405 1406
f 1266 1406 1407
f 1267 1407 1408
f 1268 1408 1409
f 1269 1409 1410
f 1271 1411 1412
f 1272 1412 1413
f 1273 1413 1414
f 1274 1414 1415
f 1275 1415 1416
f 1276 1416 1417
f 1277 1417 1418
f 1278 1418 1419
f 1279 1419 1420
f 1280 1420 1421
f 1281 1421 1422
f 1282 1422 1423
f 1283 1423 1424
f 1284 1424 1425
f 1285 1425 1426
f 1286 1426 1427
f 1287 1427 1428
f 1288 1428 1429
f 1289 1429 1430
f 1290 1430 1431
f 1291 1431 1432
f 1292 1432 1433
f 1293 1433 1434
f 1294 1434 1435
f 1295 1435 1436
f 1296 1436 1437
f 1297 1437 1438
f 1298 1438 1439
f 1299 1439 1440
f 1300 1440 1441
f 1301 1441 1442
f 1302 1442 1443
f 1303 1443 1444
f 1304 1444 1445
f 1305 1445 1446
f 1306 1446 1447
f 1307 1447 1448
f 1308 1448 1449
f 1309 1449 1450
f 1310 1450 1451
f 1311 1451 1452
f 1312 1452 1453
f 1313 1453 1454
f 1314 1454 1455
f 1315 1455 1456
f 1316 1456 1457
f 1317 1457 1458
f 1318 1458 1459
f 1319 1459 1460
f 1320 1460 1461
f 1321 1461 1462
f 1322 1462 1463
f 1323 1463 1464
f 1324 1464 1465
f 1325 1465 1466
f 1326 1466 1467
f 1327 1467 1468
f 1328 1468 1469
f 1329 1469 1470
f 1330 1470 1471
f 1331 1471 1472
f 1332 1472 1473
f 1333 1473 1474
f 1334 1474 1475
f 1335 1475 1476
f 1336 1476 1477
f 1337 1477 1478
f 1338 1478 1479
f 1339 1479 1480
f 1340 1480 1481
f 1341 1481 1482
f 1342 1482 1483
f 1343 1483 1484
f 1344 1484 1485
f 1345 1485 1486
f 1346 1486 1487
f 1347 1487 1488
f 1348 1488 1489
f 1349 1489 1490
f 1350 1490 1491
f 1351 1491 1492
f 1352 1492 1493
f 1353 1493 1494
f 1354 1494 1495
f 1355 1495 1496
f 1356 1496 1497
f 1357 1497 1498
f 1358 1498 1499
f 1359 1499 1500
f 1360 1500 1501
f 1361 1501 1502
f 1362 1502 1503
f 1363 1503 1504
f 1364 1504 1505
f 1365 1505 1506
f 1366 1506 1507
f 1367 1507 1508
f 1368 1508 1509
f 1369 1509 1510
f 1370 1510 1511
f 1371 1511 1512
f 1372 1512 1513
f 1373 1513 1514
f 1374 1514 1515
f 1375 1515 1516
f 1376 1516 1517
f 1377 1517 1518
f 1378 1518 1519
f 1379 1519 1520
f 1380 1520 1521
f 1381 1521 1522
f 1382 1522 1523
f 1383 1523 1524
f 1384 1524 1525
f 1385 1525 1526
f 1386 1526 1527
f 1387 1527 1528
f 1388 1528 1529
f 1389 1529 1530
f 1390 1530 1531
f 1391 1531 1532
f 1392 1532 1533
f 1393 1533 1534
f 1394 1534 1535
f 1395 1535 1536
f 1396 1536 1537
f 1397 1537 1538
f 1398 1538 1539
f 1399 1539 1540
f 1400 1540 1541
f 1401 1541 1542
f 1402 1542 1543
f 1403 1543 1544
f 1404 1544 1545
f 1405 1545 1546
f 1406 1546 1547
f 1407 1547 1548
f 1408 1548 1549
f 1409 1549 1550
f 1410 1550 1551
f 1412 1552 1553
f 1413 1553 1554
f 1414 1554 1555
f 1415 1555 1556
f 1416 1556 1557
f 1417 1557 1558
f 1418 1558 1559
f 1419 1559 1560
f 1420 1560 1561
f 1421 1561 1562
f 1422 1562 1563
f 1423 1563 1564
f 1424 1564 1565
f 1425 1565 1566
f 1426 1566 1567
f 1427 1567 1568
f 1428 1568 1569
f 1429 1569 1570
f 1430 1570 1571
f 1431 1571 1572
f 1432 1572 1573
f 1433 1573 1574
f 1434 1574 1575
f 1435 1575 1576
f 1436 1576 1577
f 1437 1577 1578
f 1438 1578 1579
f 1439 1579 1580
f 1440 1580 1581
f 1441 1581 1582
f 1442 1582 1583
f 1443 1583 1584
f 1444 1584 1585
f 1445 1585 1586
f 1446 1586 1587
f 1447 1587 1588
f 1448 1588 1589
f 1449 1589 1590
f 1450 1590 1591
f 1451 1591 1592
f 1452 1592 1593
f 1453 1593 1594
f 1454 1594 1595
f 1455 1595 1596
f 1456 1596 1597
f 1457 1597 1598
f 1458 1598 1599
f 1459 1599 1600
f 1460 1600 1601
f 1461 1601 1602
f 1462 1602 1603
f 1463 1603 1604
f 1464 1604 1605
f 1465 1605 1606
f 1466 1606 1607
f 1467 1607 1608
f 1468 1608 1609
f 1469 1609 1610
f 1470 1610 1611
f 1471 1611 1612
f 1472 1612 1613
f 1473 1613 1614
f 1474 1614 1615
f 1475 1615 1616
f 1476 1616 1617
f 1477 1617 1618
f 1478 1618 1619
f 1479 1619 1620
f 1480 1620 1621
f 1481 1621 1622
f 1482 1622 1623
f 1483 1623 1624
f 1484 1624 1625
f 1485 1625 1626
f 1486 1626 1627
f 1487 1627 1628
f 1488 1628 1629
f 1489 1629 1630
f 1490 1630 1631
f 1491 1631 1632
f 1492 1632 1633
f 1493 1633 1634
f 1494 1634 1635
f 1495 1635 1636
f 1496 1636 1637
f 1497 1637 1638
f 1498 1638 1639
f 1499 1639 1640
f 1500 1640 1641
f 1501 1641 1642
f 1502 1642 1643
f 1503 1643 1644
f 1504 1644 1645
f 1505 1645 1646
f 1506 1646 1647
f 1507 1647 1648
f 1508 1648 1649
f 1509 1649 1650
f 1510 1650 1651
f 1511 1651 1652
f 1512 1652 1653
f 1513 1653 1654
f 1514 1654 1655
f 1515 1655 1656
f 1516 1656 1657
f 1517 1657 1658
f 1518 1658 1659
f 1519 1659 1660
f 1520 1660 1661
f 1521 1661 1662
f 1522 1662 1663
f 1523 1663 1664
f 1524 1664 1665
f 1525 1665 1666
f 1526 1666 1667
f 1527 1667 1668
f 1528 1668 1669
f 1529 1669 1670
f 1530 1670 1671
f 1531 1671 1672
f 1532 1672 1673
f 1533 1673 1674
f 1534 1674 1675
f 1535 1675 1676
f 1536 1676 1677
f 1537 1677 1678
f 1538 1678 1679
f 1539 1679 1680
f 1540 1680 1681
f 1541 1681 1682
f 1542 1682 1683
f 1543 1683 1684
f 1544 1684 1685
f 1545 1685 1686
f 1546 1686 1687
f 1547 1687 1688
f 1548 1688 1689
f 1549 1689 1690
f 1550 1690 1691
f 1551 1691 1692
f 1553 1693 1694
f 1554 1694 1695
f 1555 1695 1696
f 1556 1696 1697
f 1557 1697 1698
f 1558 1698 1699
f 1559 1699 1700
f 1560 1700 1701
f 1561 1701 1702
f 1562 1702 1703
f 1563 1703 1704
f 1564 1704 1705
f 1565 1705 1706
f 1566 1706 1707
f 1567 1707 1708
f 1568 1708 1709
f 1569 1709 1710
f 1570 1710 1711
f 1571 1711 1712
f 1572 1712 1713
f 1573 1713 1714
f 1574 1714 1715
f 1575 1715 1716
f 1576 1716 1717
f 1577 1717 1718
f 1578 1718 1719
f 1579 1719 1720
f 1580 1720 1721
f 1581 1721 1722
f 1582 1722 1723
f 1583 1723 1724
f 1584 1724 1725
f 1585 1725 1726
f 1586 1726 1727
f 1587 1727 1728
f 1588 1728 1729
f 1589 1729 1730
f 1590 1730 1731
f 1591 1731 1732
f 1592 1732 1733
f 1593 1733 1734
f 1594 1734 1735
f 1595 1735 1736
f 1596 1736 1737
f 1597 1737 1738
f 1598 1738 1739
f 1599 1739 1740
f 1600 1740 1741
f 1601 1741 1742
f 1602 1742 1743
f 1603 1743 1744
f 1604 1744 1745
f 1605 1745 1746
f 1606 1746 1747
f 1607 1747 1748
f 1608 1748 1749
f 1609 1749 1750
f 1610 1750 1751
f 1611 1751 1752
f 1612 1752 1753
f 1613 1753 1754
f 1614 1754 1755
f 1615 1755 1756
f 1616 1756 1757
f 1617 1757 1758
f 1618 1758 1759
f 1619 1759 1760
f 1620 1760 1761
f 1621 1761 1762
f 1622 1762 1763
f 1623 1763 1764
f 1624 1764 1765
f 1625 1765 1766
f 1626 1766 1767
f 1627 1767 1768
f 1628 1768 1769
f 1629 1769 1770
f 1630 1770 1771
f 1631 1771 1772
f 1632 1772 1773
f 1633 1773 1774
f 1634 1774 1775
f 1635 1775 1776
f 1636 1776 1777
f 1637 1777 1778
f 1638 1778 1779
f 1639 1779 1780
f 1640 1780 1781
f 1641 1781 1782
f 1642 1782 1783
f 1643 1783 1784
f 1644 1784 1785
f 1645 1785 1786
f 1646 1786 1787
f 1647 1787 1788
f 1648 1788 1789
f 1649 1789 1790
f 1650 1790 1791
f 1651 1791 1792
f 1652 1792 1793
f 1653 1793 1794
f 1654 1794 1795
f 1655 1795 1796
f 1656 1796 1797
f 1657 1797 1798
f 1658 1798 1799
f 1659 1799 1800
f 1660 1800 1801
f 1661 1801 1802
f 1662 1802 1803
f 1663 1803 1804
f 1664 1804 1805
f 1665 1805 1806
f 1666 1806 1807
f 1667 1807 1808
f 1668 1808 1809
f 1669 1809 1810
f 1670 1810 1811
f 1671 1811 1812
f 1672 1812 1813
f 1673 1813 1814
f 1674 1814 1815
f 1675 1815 1816
f 1676 1816 1817
f 1677 1817 1818
f 1678 1818 1819
f 1679 1819 1820
f 1680 1820 1821
f 1681 1821 1822
f 1682 1822 1823
f 1683 1823 1824
f 1684 1824 1825
f 1685 1825 1826
f 1686 1826 1827
f 1687 1827 1828
f 1688 1828 1829
f 1689 1829 1830
f 1690 1830 1831
f 1691 1831 1832
f 1692 1832 1833
f 1694 1834 1835
f 1695 1835 1836
f 1696 1836 1837
f 1697 1837 1838
f 1698 1838 1839
f 1699 1839 1840
f 1700 1840 1841
f 1701 1841 1842
f 1702 1842 1843
f 1703 1843 1844
f 1704 1844 1845
f 1705 1845 1846
f 1706 1846 1847
f 1707 1847 1848
f 1708 1848 1849
f 1709 1849 1850
f 1710 1850 1851
f 1711 1851 1852
f 1712 1852 1853
f 1713 1853 1854
f 1714 1854 1855
f 1715 1855 1856
f 1716 1856 1857
f 1717 1857 1858
f 1718 1858 1859
f 1719 1859 1860
f 1720 1860 1861
f 1721 1861 1862
f 1722 1862 1863
f 1723 1863 1864
f 1724 1864 1865
f 1725 1865 1866
f 1726 1866 1867
f 1727 1867 1868
f 1728 1868 1869
f 1729 1869 1870
f 1730 1870 1871
f 1731 1871 1872
f 1732 1872 1873
f 1733 1873 1874
f 1734 1874 1875
f 1735 1875 1876
f 1736 1876 1877
f 1737 1877 1878
f 1738 1878 1879
f 1739 1879 1880
f 1740 1880 1881
f 1741 1881 1882
f 1742 1882 1883
f 1743 1883 1884
f 1744 1884 1885
f 1745 1885 1886
f 1746 1886 1887
f 1747 1887 1888
f 1748 1888 1889
f 1749 1889 1890
f 1750 1890 1891
f 1751 1891 1892
f 1752 1892 1893
f 1753 1893 1894
f 1754 1894 1895
f 1755 1895 1896
f 1756 1896 1897
f 1757 1897 1898
f 1758 1898 1899
f 1759 1899 1900
f 1760 1900 1901
f 1761 1901 1902
f 1762 1902 1903
f 1763 1903 1904
f 1764 1904 1905
f 1765 1905 1906
f 1766 1906 1907
f 1767 1907 1908
f 1768 1908 1909
f 1769 1909 1910
f 1770 1910 1911
f 1771 1911 1912
f 1772 1912 1913
f 1773 1913 1914
f 1774 1914 1915
f 1775 1915 1916
f 1776 1916 1917
f 1777 1917 1918
f 1778 1918 1919
f 1779 1919 1920
f 1780 1920 1921
f 1781 1921 1922
f 1782 1922 1923
f 1783 1923 1924
f 1784 1924 1925
f 1785 1925 1926
f 1786 1926 1927
f 1787 1927 1928
f 1788 1928 1929
f 1789 1929 1930
f 1790 1930 1931
f 1791 1931 1932
f 1792 1932 1933
f 1793 1933 1934
f 1794 1934 1935
f 1795 1935 1936
f 1796 1936 1937
f 1797 1937 1938
f 1798 1938 1939
f 1799 1939 1940
f 1800 1940 1941
f 1801 1941 1942
f 1802 1942 1943
f 1803 1943 1944
f 1804 1944 1945
f 1805 1945 1946
f 1806 1946 1947
f 1807 1947 1948
f 1808 1948 1949
f 1809 1949 1950
f 1810 1950 1951
f 1811 1951 1952
f 1812 1952 1953
f 1813 1953 1954
f 1814 1954 1955
f 1815 1955 1956
f 1816 1956 1957
f 1817 1957 1958
f 1818 1958 1959
f 1819 1959 1960
f 1820 1960 1961
f 1821 1961 1962
f 1822 1962 1963
f 1823 1963 1964
f 1824 1964 1965
f 1825 1965 1966
f 1826 1966 1967
f 1827 1967 1968
f 1828 1968 1969
f 1829 1969 1970
f 1830 1970 1971
f 1831 1971 1972
f 1832 1972 1973
f 1833 1973 1974
f 1835 1975 1976
f 1836 1976 1977
f 1837 1977 1978
f 1838 1978 1979
f 1839 1979 1980
f 1840 1980 1981
f 1841 1981 1982
f 1842 1982 1983
f 1843 1983 1984
f 1844 1984 1985
f 1845 1985 1986
f 1846 1986 1987
f 1847 1987 1988
f 1848 1988 1989
f 1849 1989 1990
f 1850 1990 1991
f 1851 1991 1992
f 1852 1992 1993
f 1853 1993 1994
f 1854 1994 1995
f 1855 1995 1996
f 1856 1996 1997
f 1857 1997 1998
f 1858 1998 1999
f 1859 1999 2000
f 1860 2000 2001
f 1861 2001 2002
f 1862 2002 2003
f 1863 2003 2004
f 1864 2004 2005
f 1865 2005 2006
f 1866 2006 2007
f 1867 2007 2008
f 1868 2008 2009
f 1869 2009 2010
f 1870 2010 2011
f 1871 2011 2012
f 1872 2012 2013
f 1873 2013 2014
f 1874 2014 2015
f 1875 2015 2016
f 1876 2016 2017
f 1877 2017 2018
f 1878 2018 2019
f 1879 2019 2020
f 1880 2020 2021
f 1881 2021 2022
f 1882 2022 2023
f 1883 2023 2024
f 1884 2024 2025
f 1885 2025 2026
f 1886 2026 2027
f 1887 2027 2028
f 1888 2028 2029
f 1889 2029 2030
f 1890 2030 2031
f 1891 2031 2032
f 1892 2032 2033
f 1893 2033 2034
f 1894 2034 2035
f 1895 2035 2036
f 1896 2036 2037
f 1897 2037 2038
f 1898 2038 2039
f 1899 2039 2040
f 1900 2040 2041
f 1901 2041 2042
f 1902 2042 2043
f 1903 2043 2044
f 1904 2044 2045
f 1905 2045 2046
f 1906 2046 2047
f 1907 2047 2048
f 1908 2048 2049
f 1909 2049 2050
f 1910 2050 2051
f 1911 2051 2052
f 1912 2052 2053
f 1913 2053 2054
f 1914 2054 2055
f 1915 2055 2056
f 1916 2056 2057
f 1917 2057 2058
f 1918 2058 2059
f 1919 2059 2060
f 1920 2060 2061
f 1921 2061 2062
f 1922 2062 2063
f 1923 2063 2064
f 1924 2064 2065
f 1925 2065 2066
f 1926 2066 2067
f 1927 2067 2068
f 1928 2068 2069
f 1929 2069 2070
f 1930 2070 2071
f 1931 2071 2072
f 1932 2072 2073
f 1933 2073 2074
f 1934 2074 2075
f 1935 2075 2076
f 1936 2076 2077
f 1937 2077 2078
f 1938 2078 2079
f 1939 2079 2080
f 1940 2080 2081
f 1941 2081 2082
f 1942 2082 2083
f 1943 2083 2084
f 1944 2084 2085
f 1945 2085 2086
f 1946 2086 2087
f 1947 2087 2088
f 1948 2088 2089
f 1949 2089 2090
f 1950 2090 2091
f 1951 2091 2092
f 1952 2092 2093
f 1953 2093 2094
f 1954 2094 2095
f 1955 2095 2096
f 1956 2096 2097
f 1957 2097 2098
f 1958 2098 2099
f 1959 2099 2100
f 1960 2100 2101
f 1961 2101 2102
f 1962 2102 2103
f 1963 2103 2104
f 1964 2104 2105
f 1965 2105 2106
f 1966 2106 2107
f 1967 2107 2108
f 1968 2108 2109
f 1969 2109 2110
f 1970 2110 2111
f 1971 2111 2112
f 1972 2112 2113
f 1973 2113 2114
f 1974 2114 2115
f 1976 2116 2117
f 1977 2117 2118
f 1978 2118 2119
f 1979 2119 2120
f 1980 2120 2121
f 1981 2121 2122
f 1982 2122 2123
f 1983 2123 2124
f 1984 2124 2125
f 1985 2125 2126
f 1986 2126 2127
f 1987 2127 2128
f 1988 2128 2129
f 1989 2129 2130
f 1990 2130 2131
f 1991 2131 2132
f 1992 2132 2133
f 1993 2133 2134
f 1994 2134 2135
f 1995 2135 2136
f 1996 2136 2137
f 1997 2137 2138
f 1998 2138 2139
f 1999 2139 2140
f 2000 2140 2141
f 2001 2141 2142
f 2002 2142 2143
f 2003 2143 2144
f 2004 2144 2145
f 2005 2145 2146
f 2006 2146 2147
f 2007 2147 2148
f 2008 2148 2149
f 2009 2149 2150
f 2010 2150 2151
f 2011 2151 2152
f 2012 2152 2153
f 2013 2153 2154
f 2014 2154 2155
f 2015 2155 2156
f 2016 2156 2157
f 2017 2157 2158
f 2018 2158 2159
f 2019 2159 2160
f 2020 2160 2161
f 2021 2161 2162
f 2022 2162 2163
f 2023 2163 2164
f 2024 2164 2165
f 2025 2165 2166
f 2026 2166 2167
f 2027 2167 2168
f 2028 2168 2169
f 2029 2169 2170
f 2030 2170 2171
f 2031 2171 2172
f 2032 2172 2173
f 2033 2173 2174
f 2034 2174 2175
f 2035 2175 2176
f 2036 2176 2177
f 2037 2177 2178
f 2038 2178 2179
f 2039 2179 2180
f 2040 2180 2181
f 2041 2181 2182
f 2042 2182 2183
f 2043 2183 2184
f 2044 2184 2185
f 2045 2185 2186
f 2046 2186 2187
f 2047 2187 2188
f 2048 2188 2189
f 2049 2189 2190
f 2050 2190 2191
f 2051 2191 2192
f 2052 2192 2193
f 2053 2193 2194
f 2054 2194 2195
f 2055 2195 2196
f 2056 2196 2197
f 2057 2197 2198
f 2058 2198 2199
f 2059 2199 2200
f 2060 2200 2201
f 2061 2201 2202
f 2062 2202 2203
f 2063 2203 2204
f 2064 2204 2205
f 2065 2205 2206
f 2066 2206 2207
f 2067 2207 2208
f 2068 2208 2209
f 2069 2209 2210
f 2070 2210 2211
f 2071 2211 2212
f 2072 2212 2213
f 2073 2213 2214
f 2074 2214 2215
f 2075 2215 2216
f 2076 2216 2217
f 2077 2217 2218
f 2078 2218 2219
f 2079 2219 2220
f 2080 2220 2221
f 2081 2221 2222
f 2082 2222 2223
f 2083 2223 2224
f 2084 2224 2225
f 2085 2225 2226
f 2086 2226 2227
f 2087 2227 2228
f 2088 2228 2229
f 2089 2229 2230
f 2090 2230 2231
f 2091 2231 2232
f 2092 2232 2233
f 2093 2233 2234
f 2094 2234 2235
f 2095 2235 2236
f 2096 2236 2237
f 2097 2237 2238
f 2098 2238 2239
f 2099 2239 2240
f 2100 2240 2241
f 2101 2241 2242
f 2102 2242 2243
f 2103 2243 2244
f 2104 2244 2245
f 2105 2245 2246
f 2106 2246 2247
f 2107 2247 2248
f 2108 2248 2249
f 2109 2249 2250
f 2110 2250 2251
f 2111 2251 2252
f 2112 2252 2253
f 2113 2253 2254
f 2114 2254 2255
f 2115 2255 2256
f 2117 2257 2258
f 2118 2258 2259
f 2119 2259 2260
f 2120 2260 2261
f 2121 2261 2262
f 2122 2262 2263
f 2123 2263 2264
f 2124 2264 2265
f 2125 2265 2266
f 2126 2266 2267
f 2127 2267 2268
f 2128 2268 2269
f 2129 2269 2270
f 2130 2270 2271
f 2131 2271 2272
f 2132 2272 2273
f 2133 2273 2274
f 2134 2274 2275
f 2135 2275 2276
f 2136 2276 2277
f 2137 2277 2278
f 2138 2278 2279
f 2139 2279 2280
f 2140 2280 2281
f 2141 2281 2282
f 2142 2282 2283
f 2143 2283 2284
f 2144 2284 2285
f 2145 2285 2286
f 2146 2286 2287
f 2147 2287 2288
f 2148 2288 2289
f 2149 2289 2290
f 2150 2290 2291
f 2151 2291 2292
f 2152 2292 2293
f 2153 2293 2294
f 2154 2294 2295
f 2155 2295 2296
f 2156 2296 2297
f 2157 2297 2298
f 2158 2298 2299
f 2159 2299 2300
f 2160 2300 2301
f 2161 2301 2302
f 2162 2302 2303
f 2163 2303 2304
f 2164 2304 2305
f 2165 2305 2306
f 2166 2306 2307
f 2167 2307 2308
f 2168 2308 2309
f 2169 2309 2310
f 2170 2310 2311
f 2171 2311 2312
f 2172 2312 2313
f 2173 2313 2314
f 2174 2314 2315
f 2175 2315 2316
f 2176 2316 2317
f 2177 2317 2318
f 2178 2318 2319
f 2179 2319 2320
f 2180 2320 2321
f 2181 2321 2322
f 2182 2322 2323
f 2183 2323 2324
f 2184 2324 2325
f 2185 2325 2326
f 2186 2326 2327
f 2187 2327 2328
f 2188 2328 2329
f 2189 2329 2330
f 2190 2330 2331
f 2191 2331 2332
f 2192 2332 2333
f 2193 2333 2334
f 2194 2334 2335
f 2195 2335 2336
f 2196 2336 2337
f 2197 2337 2338
f 2198 2338 2339
f 2199 2339 2340
f 2200 2340 2341
f 2201 2341 2342
f 2202 2342 2343
f 2203 2343 2344
f 2204 2344 2345
f 2205 2345 2346
f 2206 2346 2347
f 2207 2347 2348
f 2208 2348 2349
f 2209 2349 2350
f 2210 2350 2351
f 2211 2351 2352
f 2212 2352 2353
f 2213 2353 2354
f 2214 2354 2355
f 2215 2355 2356
f 2216 2356 2357
f 2217 2357 2358
f 2218 2358 2359
f 2219 2359 2360
f 2220 2360 2361
f 2221 2361 2362
f 2222 2362 2363
f 2223 2363 2364
f 2224 2364 2365
f 2225 2365 2366
f 2226 2366 2367
f 2227 2367 2368
f 2228 2368 2369
f 2229 2369 2370
f 2230 2370 2371
f 2231 2371 2372
f 2232 2372 2373
f 2233 2373 2374
f 2234 2374 2375
f 2235 2375 2376
f 2236 2376 2377
f 2237 2377 2378
f 2238 2378 2379
f 2239 2379 2380
f 2240 2380 2381
f 2241 2381 2382
f 2242 2382 2383
f 2243 2383 2384
f 2244 2384 2385
f 2245 2385 2386
f 2246 2386 2387
f 2247 2387 2388
f 2248 2388 2389
f 2249 2389 2390
f 2250 2390 2391
f 2251 2391 2392
f 2252 2392 2393
f 2253 2393 2394
f 2254 2394 2395
f 2255 2395 2396
f 2256 2396 2397
f 2258 2398 2399
f 2259 2399 2400
f 2260 2400 2401
f 2261 2401 2402
f 2262 2402 2403
f 2263 2403 2404
f 2264 2404 2405
f 2265 2405 2406
f 2266 2406 2407
f 2267 2407 2408
f 2268 2408 2409
f 2269 2409 2410
f 2270 2410 2411
f 2271 2411 2412
f 2272 2412 2413
f 2273 2413 2414
f 2274 2414 2415
f 2275 2415 2416
f 2276 2416 2417
f 2277 2417 2418
f 2278 2418 2419
f 2279 2419 2420
f 2280 2420 2421
f 2281 2421 2422
f 2282 2422 2423
f 2283 2423 2424
f 2284 2424 2425
f 2285 2425 2426
f 2286 2426 2427
f 2287 2427 2428
f 2288 2428 2429
f 2289 2429 2430
f 2290 2430 2431
f 2291 2431 2432
f 2292 2432 2433
f 2293 2433 2434
f 2294 2434 2435
f 2295 2435 2436
f 2296 2436 2437
f 2297 2437 2438
f 2298 2438 2439
f 2299 2439 2440
f 2300 2440 2441
f 2301 2441 2442
f 2302 2442 2443
f 2303 2443 2444
f 2304 2444 2445
f 2305 2445 2446
f 2306 2446 2447
f 2307 2447 2448
f 2308 2448 2449
f 2309 2449 2450
f 2310 2450 2451
f 2311 2451 2452
f 2312 2452 2453
f 2313 2453 2454
f 2314 2454 2455
f 2315 2455 2456
f 2316 2456 2457
f 2317 2457 2458
f 2318 2458 2459
f 2319 2459 2460
f 2320 2460 2461
f 2321 2461 2462
f 2322 2462 2463
f 2323 2463 2464
f 2324 2464 2465
f 2325 2465 2466
f 2326 2466 2467
f 2327 2467 2468
f 2328 2468 2469
f 2329 2469 2470
f 2330 2470 2471
f 2331 2471 2472
f 2332 2472 2473
f 2333 2473 2474
f 2334 2474 2475
f 2335 2475 2476
f 2336 2476 2477
f 2337 2477 2478
f 2338 2478 2479
f 2339 2479 2480
f 2340 2480 2481
f 2341 2481 2482
f 2342 2482 2483
f 2343 2483 2484
f 2344 2484 2485
f 2345 2485 2486
f 2346 2486 2487
f 2347 2487 2488
f 2348 2488 2489
f 2349 2489 2490
f 2350 2490 2491
f 2351 2491 2492
f 2352 2492 2493
f 2353 2493 2494
f 2354 2494 2495
f 2355 2495 2496
f 2356 2496 2497
f 2357 2497 2498
f 2358 2498 2499
f 2359 2499 2500
f 2360 2500 2501
f 2361 2501 2502
f 2362 2502 2503
f 2363 2503 2504
f 2364 2504 2505
f 2365 2505 2506
f 2366 2506 2507
f 2367 2507 2508
f 2368 2508 2509
f 2369 2509 2510
f 2370 2510 2511
f 2371 2511 2512
f 2372 2512 2513
f 2373 2513 2514
f 2374 2514 2515
f 2375 2515 2516
f 2376 2516 2517
f 2377 2517 2518
f 2378 2518 2519
f 2379 2519 2520
f 2380 2520 2521
f 2381 2521 2522
f 2382 2522 2523
f 2383 2523 2524
f 2384 2524 2525
f 2385 2525 2526
f 2386 2526 2527
f 2387 2527 2528
f 2388 2528 2529
f 2389 2529 2530
f 2390 2530 2531
f 2391 2531 2532
f 2392 2532 2533
f 2393 2533 2534
f 2394 2534 2535
f 2395 2535 2536
f 2396 2536 2537
f 2397 2537 2538
f 2399 2539 2540
f 2400 2540 2541
f 2401 2541 2542
f 2402 2542 2543
f 2403 2543 2544
f 2404 2544 2545
f 2405 2545 2546
f 2406 2546 2547
f 2407 2547 2548
f 2408 2548 2549
f 2409 2549 2550
f 2410 2550 2551
f 2411 2551 2552
f 2412 2552 2553
f 2413 2553 2554
f 2414 2554 2555
f 2415 2555 2556
f 2416 2556 2557
f 2417 2557 2558
f 2418 2558 2559
f 2419 2559 2560
f 2420 2560 2561
f 2421 2561 2562
f 2422 2562 2563
f 2423 2563 2564
f 2424 2564 2565
f 2425 2565 2566
f 2426 2566 2567
f 2427 2567 2568
f 2428 2568 2569
f 2429 2569 2570
f 2430 2570 2571
f 2431 2571 2572
f 2432 2572 2573
f 2433 2573 2574
f 2434 2574 2575
f 2435 2575 2576
f 2436 2576 2577
f 2437 2577 2578
f 2438 2578 2579
f 2439 2579 2580
f 2440 2580 2581
f 2441 2581 2582
f 2442 2582 2583
f 2443 2583 2584
f 2444 2584 2585
f 2445 2585 2586
f 2446 2586 2587
f 2447 2587 2588
f 2448 2588 2589
f 2449 2589 2590
f 2450 2590 2591
f 2451 2591 2592
f 2452 2592 2593
f 2453 2593 2594
f 2454 2594 2595
f 2455 2595 2596
f 2456 2596 2597
f 2457 2597 2598
f 2458 2598 2599
f 2459 2599 2600
f 2460 2600 2601
f 2461 2601 2602
f 2462 2602 2603
f 2463 2603 2604
f 2464 2604 2605
f 2465 2605 2606
f 2466 2606 2607
f 2467 2607 2608
f 2468 2608 2609
f 2469 2609 2610
f 2470 2610 2611
f 2471 2611 2612
f 2472 2612 2613
f 2473 2613 2614
f 2474 2614 2615
f 2475 2615 2616
f 2476 2616 2617
f 2477 2617 2618
f 2478 2618 2619
f 2479 2619 2620
f 2480 2620 2621
f 2481 2621 2622
f 2482 2622 2623
f 2483 2623 2624
f 2484 2624 2625
f 2485 2625 2626
f 2486 2626 2627
f 2487 2627 2628
f 2488 2628 2629
f 2489 2629 2630
f 2490 2630 2631
f 2491 2631 2632
f 2492 2632 2633
f 2493 2633 2634
f 2494 2634 2635
f 2495 2635 2636
f 2496 2636 2637
f 2497 2637 2638
f 2498 2638 2639
f 2499 2639 2640
f 2500 2640 2641
f 2501 2641 2642
f 2502 2642 2643
f 2503 2643 2644
f 2504 2644 2645
f 2505 2645 2646
f 2506 2646 2647
f 2507 2647 2648
f 2508 2648 2649
f 2509 2649 2650
f 2510 2650 2651
f 2511 2651 2652
f 2512 2652 2653
f 2513 2653 2654
f 2514 2654 2655
f 2515 2655 2656
f 2516 2656 2657
f 2517 2657 2658
f 2518 2658 2659
f 2519 2659 2660
f 2520 2660 2661
f 2521 2661 2662
f 2522 2662 2663
f 2523 2663 2664
f 2524 2664 2665
f 2525 2665 2666
f 2526 2666 2667
f 2527 2667 2668
f 2528 2668 2669
f 2529 2669 2670
f 2530 2670 2671
f 2531 2671 2672
f 2532 2672 2673
f 2533 2673 2674
f 2534 2674 2675
f 2535 2675 2676
f 2536 2676 2677
f 2537 2677 2678
f 2538 2678 2679
f 2540 2680 2681
f 2541 2681 2682
f 2542 2682 2683
f 2543 2683 2684
f 2544 2684 2685
f 2545 2685 2686
f 2546 2686 2687
f 2547 2687 2688
f 2548 2688 2689
f 2549 2689 2690
f 2550 2690 2691
f 2551 2691 2692
f 2552 2692 2693
f 2553 2693 2694
f 2554 2694 2695
f 2555 2695 2696
f 2556 2696 2697
f 2557 2697 2698
f 2558 2698 2699
f 2559 2699 2700
f 2560 2700 2701
f 2561 2701 2702
f 2562 2702 2703
f 2563 2703 2704
f 2564 2704 2705
f 2565 2705 2706
f 2566 2706 2707
f 2567 2707 2708
f 2568 2708 2709
f 2569 2709 2710
f 2570 2710 2711
f 2571 2711 2712
f 2572 2712 2713
f 2573 2713 2714
f 2574 2714 2715
f 2575 2715 2716
f 2576 2716 2717
f 2577 2717 2718
f 2578 2718 2719
f 2579 2719 2720
f 2580 2720 2721
f 2581 2721 2722
f 2582 2722 2723
f 2583 2723 2724
f 2584 2724 2725
f 2585 2725 2726
f 2586 2726 2727
f 2587 2727 2728
f 2588 2728 2729
f 2589 2729 2730
f 2590 2730 2731
f 2591 2731 2732
f 2592 2732 2733
f 2593 2733 2734
f 2594 2734 2735
f 2595 2735 2736
f 2596 2736 2737
f 2597 2737 2738
f 2598 2738 2739
f 2599 2739 2740
f 2600 2740 2741
f 2601 2741 2742
f 2602 2742 2743
f 2603 2743 2744
f 2604 2744 2745
f 2605 2745 2746
f 2606 2746 2747
f 2607 2747 2748
f 2608 2748 2749
f 2609 2749 2750
f 2610 2750 2751
f 2611 2751 2752
f 2612 2752 2753
f 2613 2753 2754
f 2614 2754 2755
f 2615 2755 2756
f 2616 2756 2757
f 2617 2757 2758
f 2618 2758 2759
f 2619 2759 2760
f 2620 2760 2761
f 2621 2761 2762
f 2622 2762 2763
f 2623 2763 2764
f 2624 2764 2765
f 2625 2765 2766
f 2626 2766 2767
f 2627 2767 2768
f 2628 2768 2769
f 2629 2769 2770
f 2630 2770 2771
f 2631 2771 2772
f 2632 2772 2773
f 2633 2773 2774
f 2634 2774 2775
f 2635 2775 2776
f 2636 2776 2777
f 2637 2777 2778
f 2638 2778 2779
f 2639 2779 2780
f 2640 2780 2781
f 2641 2781 2782
f 2642 2782 2783
f 2643 2783 2784
f 2644 2784 2785
f 2645 2785 2786
f 2646 2786 2787
f 2647 2787 2788
f 2648 2788 2789
f 2649 2789 2790
f 2650 2790 2791
f 2651 2791 2792
f 2652 2792 2793
f 2653 2793 2794
f 2654 2794 2795
f 2655 2795 2796
f 2656 2796 2797
f 2657 2797 2798
f 2658 2798 2799
f 2659 2799 2800
f 2660 2800 2801
f 2661 2801 2802
f 2662 2802 2803
f 2663 2803 2804
f 2664 2804 2805
f 2665 2805 2806
f 2666 2806 2807
f 2667 2807 2808
f 2668 2808 2809
f 2669 2809 2810
f 2670 2810 2811
f 2671 2811 2812
f 2672 2812 2813
f 2673 2813 2814
f 2674 2814 2815
f 2675 2815 2816
f 2676 2816 2817
f 2677 2817 2818
f 2678 2818 2819
f 2679 2819 2820
f 2681 2821 2822
f 2682 2822 2823
f 2683 2823 2824
f 2684 2824 2825
f 2685 2825 2826
f 2686 2826 2827
f 2687 2827 2828
f 2688 2828 2829
f 2689 2829 2830
f 2690 2830 2831
f 2691 2831 2832
f 2692 2832 2833
f 2693 2833 2834
f 2694 2834 2835
f 2695 2835 2836
f 2696 2836 2837
f 2697 2837 2838
f 2698 2838 2839
f 2699 2839 2840
f 2700 2840 2841
f 2701 2841 2842
f 2702 2842 2843
f 2703 2843 2844
f 2704 2844 2845
f 2705 2845 2846
f 2706 2846 2847
f 2707 2847 2848
f 2708 2848 2849
f 2709 2849 2850
f 2710 2850 2851
f 2711 2851 2852
f 2712 2852 2853
f 2713 2853 2854
f 2714 2854 2855
f 2715 2855 2856
f 2716 2856 2857
f 2717 2857 2858
f 2718 2858 2859
f 2719 2859 2860
f 2720 2860 2861
f 2721 2861 2862
f 2722 2862 2863
f 2723 2863 2864
f 2724 2864 2865
f 2725 2865 2866
f 2726 2866 2867
f 2727 2867 2868
f 2728 2868 2869
f 2729 2869 2870
f 2730 2870 2871
f 2731 2871 2872
f 2732 2872 2873
f 2733 2873 2874
f 2734 2874 2875
f 2735 2875 2876
f 2736 2876 2877
f 2737 2877 2878
f 2738 2878 2879
f 2739 2879 2880
f 2740 2880 2881
f 2741 2881 2882
f 2742 2882 2883
f 2743 2883 2884
f 2744 2884 2885
f 2745 2885 2886
f 2746 2886 2887
f 2747 2887 2888
f 2748 2888 2889
f 2749 2889 2890
f 2750 2890 2891
f 2751 2891 2892
f 2752 2892 2893
f 2753 2893 2894
f 2754 2894 2895
f 2755 2895 2896
f 2756 2896 2897
f 2757 2897 2898
f 2758 2898 2899
f 2759 2899 2900
f 2760 2900 2901
f 2761 2901 2902
f 2762 2902 2903
f 2763 2903 2904
f 2764 2904 2905
f 2765 2905 2906
f 2766 2906 2907
f 2767 2907 2908
f 2768 2908 2909
f 2769 2909 2910
f 2770 2910 2911
f 2771 2911 2912
f 2772 2912 2913
f 2773 2913 2914
f 2774 2914 2915
f 2775 2915 2916
f 2776 2916 2917
f 2777 2917 2918
f 2778 2918 2919
f 2779 2919 2920
f 2780 2920 2921
f 2781 2921 2922
f 2782 2922 2923
f 2783 2923 2924
f 2784 2924 2925
f 2785 2925 2926
f 2786 2926 2927
f 2787 2927 2928
f 2788 2928 2929
f 2789 2929 2930
f 2790 2930 2931
f 2791 2931 2932
f 2792 2932 2933
f 2793 2933 2934
f 2794 2934 2935
f 2795 2935 2936
f 2796 2936 2937
f 2797 2937 2938
f 2798 2938 2939
f 2799 2939 2940
f 2800 2940 2941
f 2801 2941 2942
f 2802 2942 2943
f 2803 2943 2944
f 2804 2944 2945
f 2805 2945 2946
f 2806 2946 2947
f 2807 2947 2948
f 2808 2948 2949
f 2809 2949 2950
f 2810 2950 2951
f 2811 2951 2952
f 2812 2952 2953
f 2813 2953 2954
f 2814 2954 2955
f 2815 2955 2956
f 2816 2956 2957
f 2817 2957 2958
f 2818 2958 2959
f 2819 2959 2960
f 2820 2960 2961
f 2822 2962 2963
f 2823 2963 2964
f 2824 2964 2965
f 2825 2965 2966
f 2826 2966 2967
f 2827 2967 2968
f 2828 2968 2969
f 2829 2969 2970
f 2830 2970 2971
f 2831 2971 2972
f 2832 2972 2973
f 2833 2973 2974
f 2834 2974 2975
f 2835 2975 2976
f 2836 2976 2977
f 2837 2977 2978
f 2838 2978 2979
f 2839 2979 2980
f 2840 2980 2981
f 2841 2981 2982
f 2842 2982 2983
f 2843 2983 2984
f 2844 2984 2985
f 2845 2985 2986
f 2846 2986 2987
f 2847 2987 2988
f 2848 2988 2989
f 2849 2989 2990
f 2850 2990 2991
f 2851 2991 2992
f 2852 2992 2993
f 2853 2993 2994
f 2854 2994 2995
f 2855 2995 2996
f 2856 2996 2997
f 2857 2997 2998
f 2858 2998 2999
f 2859 2999 3000
f 2860 3000 3001
f 2861 3001 3002
f 2862 3002 3003
f 2863 3003 3004
f 2864 3004 3005
f 2865 3005 3006
f 2866 3006 3007
f 2867 3007 3008
f 2868 3008 3009
f 2869 3009 3010
f 2870 3010 3011
f 2871 3011 3012
f 2872 3012 3013
f 2873 3013 3014
f 2874 3014 3015
f 2875 3015 3016
f 2876 3016 3017
f 2877 3017 3018
f 2878 3018 3019
f 2879 3019 3020
f 2880 3020 3021
f 2881 3021 3022
f 2882 3022 3023
f 2883 3023 3024
f 2884 3024 3025
f 2885 3025 3026
f 2886 3026 3027
f 2887 3027 3028
f 2888 3028 3029
f 2889 3029 3030
f 2890 3030 3031
f 2891 3031 3032
f 2892 3032 3033
f 2893 3033 3034
f 2894 3034 3035
f 2895 3035 3036
f 2896 3036 3037
f 2897 3037 3038
f 2898 3038 3039
f 2899 3039 3040
f 2900 3040 3041
f 2901 3041 3042
f 2902 3042 3043
f 2903 3043 3044
f 2904 3044 3045
f 2905 3045 3046
f 2906 3046 3047
f 2907 3047 3048
f 2908 3048 3049
f 2909 3049 3050
f 2910 3050 3051
f 2911 3051 3052
f 2912 3052 3053
f 2913 3053 3054
f 2914 3054 3055
f 2915 3055 3056
f 2916 3056 3057
f 2917 3057 3058
f 2918 3058 3059
f 2919 3059 3060
f 2920 3060 3061
f 2921 3061 3062
f 2922 3062 3063
f 2923 3063 3064
f 2924 3064 3065
f 2925 3065 3066
f 2926 3066 3067
f 2927 3067 3068
f 2928 3068 3069
f 2929 3069 3070
f 2930 3070 3071
f 2931 3071 3072
f 2932 3072 3073
f 2933 3073 3074
f 2934 3074 3075
f 2935 3075 3076
f 2936 3076 3077
f 2937 3077 3078
f 2938 3078 3079
f 2939 3079 3080
f 2940 3080 3081
f 2941 3081 3082
f 2942 3082 3083
f 2943 3083 3084
f 2944 3084 3085
f 2945 3085 3086
f 2946 3086 3087
f 2947 3087 3088
f 2948 3088 3089
f 2949 3089 3090
f 2950 3090 3091
f 2951 3091 3092
f 2952 3092 3093
f 2953 3093 3094
f 2954 3094 3095
f 2955 3095 3096
f 2956 3096 3097
f 2957 3097 3098
f 2958 3098 3099
f 2959 3099 3100
f 2960 3100 3101
f 2961 3101 3102
f 2963 3103 3104
f 2964 3104 3105
f 2965 3105 3106
f 2966 3106 3107
f 2967 3107 3108
f 2968 3108 3109
f 2969 3109 3110
f 2970 3110 3111
f 2971 3111 3112
f 2972 3112 3113
f 2973 3113 3114
f 2974 3114 3115
f 2975 3115 3116
f 2976 3116 3117
f 2977 3117 3118
f 2978 3118 3119
f 2979 3119 3120
f 2980 3120 3121
f 2981 3121 3122
f 2982 3122 3123
f 2983 3123 3124
f 2984 3124 3125
f 2985 3125 3126
f 2986 3126 3127
f 2987 3127 3128
f 2988 3128 3129
f 2989 3129 3130
f 2990 3130 3131
f 2991 3131 3132
f 2992 3132 3133
f 2993 3133 3134
f 2994 3134 3135
f 2995 3135 3136
f 2996 3136 3137
f 2997 3137 3138
f 2998 3138 3139
f 2999 3139 3140
f 3000 3140 3141
f 3001 3141 3142
f 3002 3142 3143
f 3003 3143 3144
f 3004 3144 3145
f 3005 3145 3146
f 3006 3146 3147
f 3007 3147 3148
f 3008 3148 3149
f 3009 3149 3150
f 3010 3150 3151
f 3011 3151 3152
f 3012 3152 3153
f 3013 3153 3154
f 3014 3154 3155
f 3015 3155 3156
f 3016 3156 3157
f 3017 3157 3158
f 3018 3158 3159
f 3019 3159 3160
f 3020 3160 3161
f 3021 3161 3162
f 3022 3162 3163
f 3023 3163 3164
f 3024 3164 3165
f 3025 3165 3166
f 3026 3166 3167
f 3027 3167 3168
f 3028 3168 3169
f 3029 3169 3170
f 3030 3170 3171
f 3031 3171 3172
f 3032 3172 3173
f 3033 3173 3174
f 3034 3174 3175
f 3035 3175 3176
f 3036 3176 3177
f 3037 3177 3178
f 3038 3178 3179
f 3039 3179 3180
f 3040 3180 3181
f 3041 3181 3182
f 3042 3182 3183
f 3043 3183 3184
f 3044 3184 3185
f 3045 3185 3186
f 3046 3186 3187
f 3047 3187 3188
f 3048 3188 3189
f 3049 3189 3190
f 3050 3190 3191
f 3051 3191 3192
f 3052 3192 3193
f 3053 3193 3194
f 3054 3194 3195
f 3055 3195 3196
f 3056 3196 3197
f 3057 3197 3198
f 3058 3198 3199
f 3059 3199 3200
f 3060 3200 3201
f 3061 3201 3202
f 3062 3202 3203
f 3063 3203 3204
f 3064 3204 3205
f 3065 3205 3206
f 3066 3206 3207
f 3067 3207 3208
f 3068 3208 3209
f 3069 3209 3210
f 3070 3210 3211
f 3071 3211 3212
f 3072 3212 3213
f 3073 3213 3214
f 3074 3214 3215
f 3075 3215 3216
f 3076 3216 3217
f 3077 3217 3218
f 3078 3218 3219
f 3079 3219 3220
f 3080 3220 3221
f 3081 3221 3222
f 3082 3222 3223
f 3083 3223 3224
f 3084 3224 3225
f 3085 3225 3226
f 3086 3226 3227
f 3087 3227 3228
f 3088 3228 3229
f 3089 3229 3230
f 3090 3230 3231
f 3091 3231 3232
f 3092 3232 3233
f 3093 3233 3234
f 3094 3234 3235
f 3095 3235 3236
f 3096 3236 3237
f 3097 3237 3238
f 3098 3238 3239
f 3099 3239 3240
f 3100 3240 3241
f 3101 3241 3242
f 3102 3242 3243
f 3104 3244 3245
f 3105 3245 3246
f 3106 3246 3247
f 3107 3247 3248
f 3108 3248 3249
f 3109 3249 3250
f 3110 3250 3251
f 3111 3251 3252
f 3112 3252 3253
f 3113 3253 3254
f 3114 3254 3255
f 3115 3255 3256
f 3116 3256 3257
f 3117 3257 3258
f 3118 3258 3259
f 3119 3259 3260
f 3120 3260 3261
f 3121 3261 3262
f 3122 3262 3263
f 3123 3263 3264
f 3124 3264 3265
f 3125 3265 3266
f 3126 3266 3267
f 3127 3267 3268
f 3128 3268 3269
f 3129 3269 3270
f 3130 3270 3271
f 3131 3271 3272
f 3132 3272 3273
f 3133 3273 3274
f 3134 3274 3275
f 3135 3275 3276
f 3136 3276 3277
f 3137 3277 3278
f 3138 3278 3279
f 3139 3279 3280
f 3140 3280 3281
f 3141 3281 3282
f 3142 3282 3283
f 3143 3283 3284
f 3144 3284 3285
f 3145 3285 3286
f 3146 3286 3287
f 3147 3287 3288
f 3148 3288 3289
f 3149 3289 3290
f 3150 3290 3291
f 3151 3291 3292
f 3152 3292 3293
f 3153 3293 3294
f 3154 3294 3295
f 3155 3295 3296
f 3156 3296 3297
f 3157 3297 3298
f 3158 3298 3299
f 3159 3299 3300
f 3160 3300 3301
f 3161 3301 3302
f 3162 3302 3303
f 3163 3303 3304
f 3164 3304 3305
f 3165 3305 3306
f 3166 3306 3307
f 3167 3307 3308
f 3168 3308 3309
f 3169 3309 3310
f 3170 3310 3311
f 3171 3311 3312
f 3172 3312 3313
f 3173 3313 3314
f 3174 3314 3315
f 3175 3315 3316
f 3176 3316 3317
f 3177 3317 3318
f 3178 3318 3319
f 3179 3319 3320
f 3180 3320 3321
f 3181 3321 3322
f 3182 3322 3323
f 3183 3323 3324
f 3184 3324 3325
f 3185 3325 3326
f 3186 3326 3327
f 3187 3327 3328
f 3188 3328 3329
f 3189 3329 3330
f 3190 3330 3331
f 3191 3331 3332
f 3192 3332 3333
f 3193 3333 3334
f 3194 3334 3335
f 3195 3335 3336
f 3196 3336 3337
f 3197 3337 3338
f 3198 3338 3339
f 3199 3339 3340
f 3200 3340 3341
f 3201 3341 3342
f 3202 3342 3343
f 3203 3343 3344
f 3204 3344 3345
f 3205 3345 3346
f 3206 3346 3347
f 3207 3347 3348
f 3208 3348 3349
f 3209 3349 3350
f 3210 3350 3351
f 3211 3351 3352
f 3212 3352 3353
f 3213 3353 3354
f 3214 3354 3355
f 3215 3355 3356
f 3216 3356 3357
f 3217 3357 3358
f 3218 3358 3359
f 3219 3359 3360
f 3220 3360 3361
f 3221 3361 3362
f 3222 3362 3363
f 3223 3363 3364
f 3224 3364 3365
f 3225 3365 3366
f 3226 3366 3367
f 3227 3367 3368
f 3228 3368 3369
f 3229 3369 3370
f 3230 3370 3371
f 3231 3371 3372
f 3232 3372 3373
f 3233 3373 3374
f 3234 3374 3375
f 3235 3375 3376
f 3236 3376 3377
f 3237 3377 3378
f 3238 3378 3379
f 3239 3379 3380
f 3240 3380 3381
f 3241 3381 3382
f 3242 3382 3383
f 3243 3383 3384
f 3245 3385 3386
f 3246 3386 3387
f 3247 3387 3388
f 3248 3388 3389
f 3249 3389 3390
f 3250 3390 3391
f 3251 3391 3392
f 3252 3392 3393
f 3253 3393 3394
f 3254 3394 3395
f 3255 3395 3396
f 3256 3396 3397
f 3257 3397 3398
f 3258 3398 3399
f 3259 3399 3400
f 3260 3400 3401
f 3261 3401 3402
f 3262 3402 3403
f 3263 3403 3404
f 3264 3404 3405
f 3265 3405 3406
f 3266 3406 3407
f 3267 3407 3408
f 3268 3408 3409
f 3269 3409 3410
f 3270 3410 3411
f 3271 3411 3412
f 3272 3412 3413
f 3273 3413 3414
f 3274 3414 3415
f 3275 3415 3416
f 3276 3416 3417
f 3277 3417 3418
f 3278 3418 3419
f 3279 3419 3420
f 3280 3420 3421
f 3281 3421 3422
f 3282 3422 3423
f 3283 3423 3424
f 3284 3424 3425
f 3285 3425 3426
f 3286 3426 3427
f 3287 3427 3428
f 3288 3428 3429
f 3289 3429 3430
f 3290 3430 3431
f 3291 3431 3432
f 3292 3432 3433
f 3293 3433 3434
f 3294 3434 3435
f 3295 3435 3436
f 3296 3436 3437
f 3297 3437 3438
f 3298 3438 3439
f 3299 3439 3440
f 3300 3440 3441
f 3301 3441 3442
f 3302 3442 3443
f 3303 3443 3444
f 3304 3444 3445
f 3305 3445 3446
f 3306 3446 3447
f 3307 3447 3448
f 3308 3448 3449
f 3309 3449 3450
f 3310 3450 3451
f 3311 3451 3452
f 3312 3452 3453
f 3313 3453 3454
f 3314 3454 3455
f 3315 3455 3456
f 3316 3456 3457
f 3317 3457 3458
f 3318 3458 3459
f 3319 3459 3460
f 3320 3460 3461
f 3321 3461 3462
f 3322 3462 3463
f 3323 3463 3464
f 3324 3464 3465
f 3325 3465 3466
f 3326 3466 3467
f 3327 3467 3468
f 3328 3468 3469
f 3329 3469 3470
f 3330 3470 3471
f 3331 3471 3472
f 3332 3472 3473
f 3333 3473 3474
f 3334 3474 3475
f 3335 3475 3476
f 3336 3476 3477
f 3337 3477 3478
f 3338 3478 3479
f 3339 3479 3480
f 3340 3480 3481
f 3341 3481 3482
f 3342 3482 3483
f 3343 3483 3484
f 3344 3484 3485
f 3345 3485 3486
f 3346 3486 3487
f 3347 3487 3488
f 3348 3488 3489
f 3349 3489 3490
f 3350 3490 3491
f 3351 3491 3492
f 3352 3492 3493
f 3353 3493 3494
f 3354 3494 3495
f 3355 3495 3496
f 3356 3496 3497
f 3357 3497 3498
f 3358 3498 3499
f 3359 3499 3500
f 3360 3500 3501
f 3361 3501 3502
f 3362 3502 3503
f 3363 3503 3504
f 3364 3504 3505
f 3365 3505 3506
f 3366 3506 3507
f 3367 3507 3508
f 3368 3508 3509
f 3369 3509 3510
f 3370 3510 3511
f 3371 3511 3512
f 3372 3512 3513
f 3373 3513 3514
f 3374 3514 3515
f 3375 3515 3516
f 3376 3516 3517
f 3377 3517 3518
f 3378 3518 3519
f 3379 3519 3520
f 3380 3520 3521
f 3381 3521 3522
f 3382 3522 3523
f 3383 3523 3524
f 3384 3524 3525
f 3386 3526 3527
f 3387 3527 3528
f 3388 3528 3529
f 3389 3529 3530
f 3390 3530 3531
f 3391 3531 3532
f 3392 3532 3533
f 3393 3533 3534
f 3394 3534 3535
f 3395 3535 3536
f 3396 3536 3537
f 3397 3537 3538
f 3398 3538 3539
f 3399 3539 3540
f 3400 3540 3541
f 3401 3541 3542
f 3402 3542 3543
f 3403 3543 3544
f 3404 3544 3545
f 3405 3545 3546
f 3406 3546 3547
f 3407 3547 3548
f 3408 3548 3549
f 3409 3549 3550
f 3410 3550 3551
f 3411 3551 3552
f 3412 3552 3553
f 3413 3553 3554
f 3414 3554 3555
f 3415 3555 3556
f 3416 3556 3557
f 3417 3557 3558
f 3418 3558 3559
f 3419 3559 3560
f 3420 3560 3561
f 3421 3561 3562
f 3422 3562 3563
f 3423 3563 3564
f 3424 3564 3565
f 3425 3565 3566
f 3426 3566 3567
f 3427 3567 3568
f 3428 3568 3569
f 3429 3569 3570
f 3430 3570 3571
f 3431 3571 3572
f 3432 3572 3573
f 3433 3573 3574
f 3434 3574 3575
f 3435 3575 3576
f 3436 3576 3577
f 3437 3577 3578
f 3438 3578 3579
f 3439 3579 3580
f 3440 3580 3581
f 3441 3581 3582
f 3442 3582 3583
f 3443 3583 3584
f 3444 3584 3585
f 3445 3585 3586
f 3446 3586 3587
f 3447 3587 3588
f 3448 3588 3589
f 3449 3589 3590
f 3450 3590 3591
f 3451 3591 3592
f 3452 3592 3593
f 3453 3593 3594
f 3454 3594 3595
f 3455 3595 3596
f 3456 3596 3597
f 3457 3597 3598
f 3458 3598 3599
f 3459 3599 3600
f 3460 3600 3601
f 3461 3601 3602
f 3462 3602 3603
f 3463 3603 3604
f 3464 3604 3605
f 3465 3605 3606
f 3466 3606 3607
f 3467 3607 3608
f 3468 3608 3609
f 3469 3609 3610
f 3470 3610 3611
f 3471 3611 3612
f 3472 3612 3613
f 3473 3613 3614
f 3474 3614 3615
f 3475 3615 3616
f 3476 3616 3617
f 3477 3617 3618
f 3478 3618 3619
f 3479 3619 3620
f 3480 3620 3621
f 3481 3621 3622
f 3482 3622 3623
f 3483 3623 3624
f 3484 3624 3625
f 3485 3625 3626
f 3486 3626 3627
f 3487 3627 3628
f 3488 3628 3629
f 3489 3629 3630
f 3490 3630 3631
f 3491 3631 3632
f 3492 3632 3633
f 3493 3633 3634
f 3494 3634 3635
f 3495 3635 3636
f 3496 3636 3637
f 3497 3637 3638
f 3498 3638 3639
f 3499 3639 3640
f 3500 3640 3641
f 3501 3641 3642
f 3502 3642 3643
f 3503 3643 3644
f 3504 3644 3645
f 3505 3645 3646
f 3506 3646 3647
f 3507 3647 3648
f 3508 3648 3649
f 3509 3649 3650
f 3510 3650 3651
f 3511 3651 3652
f 3512 3652 3653
f 3513 3653 3654
f 3514 3654 3655
f 3515 3655 3656
f 3516 3656 3657
f 3517 3657 3658
f 3518 3658 3659
f 3519 3659 3660
f 3520 3660 3661
f 3521 3661 3662
f 3522 3662 3663
f 3523 3663 3664
f 3524 3664 3665
f 3525 3665 3666
f 3527 3667 3668
f 3528 3668 3669
f 3529 3669 3670
f 3530 3670 3671
f 3531 3671 3672
f 3532 3672 3673
f 3533 3673 3674
f 3534 3674 3675
f 3535 3675 3676
f 3536 3676 3677
f 3537 3677 3678
f 3538 3678 3679
f 3539 3679 3680
f 3540 3680 3681
f 3541 3681 3682
f 3542 3682 3683
f 3543 3683 3684
f 3544 3684 3685
f 3545 3685 3686
f 3546 3686 3687
f 3547 3687 3688
f 3548 3688 3689
f 3549 3689 3690
f 3550 3690 3691
f 3551 3691 3692
f 3552 3692 3693
f 3553 3693 3694
f 3554 3694 3695
f 3555 3695 3696
f 3556 3696 3697
f 3557 3697 3698
f 3558 3698 3699
f 3559 3699 3700
f 3560 3700 3701
f 3561 3701 3702
f 3562 3702 3703
f 3563 3703 3704
f 3564 3704 3705
f 3565 3705 3706
f 3566 3706 3707
f 3567 3707 3708
f 3568 3708 3709
f 3569 3709 3710
f 3570 3710 3711
f 3571 3711 3712
f 3572 3712 3713
f 3573 3713 3714
f 3574 3714 3715
f 3575 3715 3716
f 3576 3716 3717
f 3577 3717 3718
f 3578 3718 3719
f 3579 3719 3720
f 3580 3720 3721
f 3581 3721 3722
f 3582 3722 3723
f 3583 3723 3724
f 3584 3724 3725
f 3585 3725 3726
f 3586 3726 3727
f 3587 3727 3728
f 3588 3728 3729
f 3589 3729 3730
f 3590 3730 3731
f 3591 3731 3732
f 3592 3732 3733
f 3593 3733 3734
f 3594 3734 3735
f 3595 3735 3736
f 3596 3736 3737
f 3597 3737 3738
f 3598 3738 3739
f 3599 3739 3740
f 3600 3740 3741
f 3601 3741 3742
f 3602 3742 3743
f 3603 3743 3744
f 3604 3744 3745
f 3605 3745 3746
f 3606 3746 3747
f 3607 3747 3748
f 3608 3748 3749
f 3609 3749 3750
f 3610 3750 3751
f 3611 3751 3752
f 3612 3752 3753
f 3613 3753 3754
f 3614 3754 3755
f 3615 3755 3756
f 3616 3756 3757
f 3617 3757 3758
f 3618 3758 3759
f 3619 3759 3760
f 3620 3760 3761
f 3621 3761 3762
f 3622 3762 3763
f 3623 3763 3764
f 3624 3764 3765
f 3625 3765 3766
f 3626 3766 3767
f 3627 3767 3768
f 3628 3768 3769
f 3629 3769 3770
f 3630 3770 3771
f 3631 3771 3772
f 3632 3772 3773
f 3633 3773 3774
f 3634 3774 3775
f 3635 3775 3776
f 3636 3776 3777
f 3637 3777 3778
f 3638 3778 3779
f 3639 3779 3780
f 3640 3780 3781
f 3641 3781 3782
f 3642 3782 3783
f 3643 3783 3784
f 3644 3784 3785
f 3645 3785 3786
f 3646 3786 3787
f 3647 3787 3788
f 3648 3788 3789
f 3649 3789 3790
f 3650 3790 3791
f 3651 3791 3792
f 3652 3792 3793
f 3653 3793 3794
f 3654 3794 3795
f 3655 3795 3796
f 3656 3796 3797
f 3657 3797 3798
f 3658 3798 3799
f 3659 3799 3800
f 3660 3800 3801
f 3661 3801 3802
f 3662 3802 3803
f 3663 3803 3804
f 3664 3804 3805
f 3665 3805 3806
f 3666 3806 3807
f 3668 3808 3809
f 3669 3809 3810
f 3670 3810 3811
f 3671 3811 3812
f 3672 3812 3813
f 3673 3813 3814
f 3674 3814 3815
f 3675 3815 3816
f 3676 3816 3817
f 3677 3817 3818
f 3678 3818 3819
f 3679 3819 3820
f 3680 3820 3821
f 3681 3821 3822
f 3682 3822 3823
f 3683 3823 3824
f 3684 3824 3825
f 3685 3825 3826
f 3686 3826 3827
f 3687 3827 3828
f 3688 3828 3829
f 3689 3829 3830
f 3690 3830 3831
f 3691 3831 3832
f 3692 3832 3833
f 3693 3833 3834
f 3694 3834 3835
f 3695 3835 3836
f 3696 3836 3837
f 3697 3837 3838
f 3698 3838 3839
f 3699 3839 3840
f 3700 3840 3841
f 3701 3841 3842
f 3702 3842 3843
f 3703 3843 3844
f 3704 3844 3845
f 3705 3845 3846
f 3706 3846 3847
f 3707 3847 3848
f 3708 3848 3849
f 3709 3849 3850
f 3710 3850 3851
f 3711 3851 3852
f 3712 3852 3853
f 3713 3853 3854
f 3714 3854 3855
f 3715 3855 3856
f 3716 3856 3857
f 3717 3857 3858
f 3718 3858 3859
f 3719 3859 3860
f 3720 3860 3861
f 3721 3861 3862
f 3722 3862 3863
f 3723 3863 3864
f 3724 3864 3865
f 3725 3865 3866
f 3726 3866 3867
f 3727 3867 3868
f 3728 3868 3869
f 3729 3869 3870
f 3730 3870 3871
f 3731 3871 3872
f 3732 3872 3873
f 3733 3873 3874
f 3734 3874 3875
f 3735 3875 3876
f 3736 3876 3877
f 3737 3877 3878
f 3738 3878 3879
f 3739 3879 3880
f 3740 3880 3881
f 3741 3881 3882
f 3742 3882 3883
f 3743 3883 3884
f 3744 3884 3885
f 3745 3885 3886
f 3746 3886 3887
f 3747 3887 3888
f 3748 3888 3889
f 3749 3889 3890
f 3750 3890 3891
f 3751 3891 3892
f 3752 3892 3893
f 3753 3893 3894
f 3754 3894 3895
f 3755 3895 3896
f 3756 3896 3897
f 3757 3897 3898
f 3758 3898 3899
f 3759 3899 3900
f 3760 3900 3901
f 3761 3901 3902
f 3762 3902 3903
f 3763 3903 3904
f 3764 3904 3905
f 3765 3905 3906
f 3766 3906 3907
f 3767 3907 3908
f 3768 3908 3909
f 3769 3909 3910
f 3770 3910 3911
f 3771 3911 3912
f 3772 3912 3913
f 3773 3913 3914
f 3774 3914 3915
f 3775 3915 3916
f 3776 3916 3917
f 3777 3917 3918
f 3778 3918 3919
f 3779 3919 3920
f 3780 3920 3921
f 3781 3921 3922
f 3782 3922 3923
f 3783 3923 3924
f 3784 3924 3925
f 3785 3925 3926
f 3786 3926 3927
f 3787 3927 3928
f 3788 3928 3929
f 3789 3929 3930
f 3790 3930 3931
f 3791 3931 3932
f 3792 3932 3933
f 3793 3933 3934
f 3794 3934 3935
f 3795 3935 3936
f 3796 3936 3937
f 3797 3937 3938
f 3798 3938 3939
f 3799 3939 3940
f 3800 3940 3941
f 3801 3941 3942
f 3802 3942 3943
f 3803 3943 3944
f 3804 3944 3945
f 3805 3945 3946
f 3806 3946 3947
f 3807 3947 3948
f 3809 3949 3950
f 3810 3950 3951
f 3811 3951 3952
f 3812 3952 3953
f 3813 3953 3954
f 3814 3954 3955
f 3815 3955 3956
f 3816 3956 3957
f 3817 3957 3958
f 3818 3958 3959
f 3819 3959 3960
f 3820 3960 3961
f 3821 3961 3962
f 3822 3962 3963
f 3823 3963 3964
f 3824 3964 3965
f 3825 3965 3966
f 3826 3966 3967
f 3827 3967 3968
f 3828 3968 3969
f 3829 3969 3970
f 3830 3970 3971
f 3831 3971 3972
f 3832 3972 3973
f 3833 3973 3974
f 3834 3974 3975
f 3835 3975 3976
f 3836 3976 3977
f 3837 3977 3978
f 3838 3978 3979
f 3839 3979 3980
f 3840 3980 3981
f 3841 3981 3982
f 3842 3982 3983
f 3843 3983 3984
f 3844 3984 3985
f 3845 3985 3986
f 3846 3986 3987
f 3847 3987 3988
f 3848 3988 3989
f 3849 3989 3990
f 3850 3990 3991
f 3851 3991 3992
f 3852 3992 3993
f 3853 3993 3994
f 3854 3994 3995
f 3855 3995 3996
f 3856 3996 3997
f 3857 3997 3998
f 3858 3998 3999
f 3859 3999 4000
f 3860 4000 4001
f 3861 4001 4002
f 3862 4002 4003
f 3863 4003 4004
f 3864 4004 4005
f 3865 4005 4006
f 3866 4006 4007
f 3867 4007 4008
f 3868 4008 4009
f 3869 4009 4010
f 3870 4010 4011
f 3871 4011 4012
f 3872 4012 4013
f 3873 4013 4014
f 3874 4014 4015
f 3875 4015 4016
f 3876 4016 4017
f 3877 4017 4018
f 3878 4018 4019
f 3879 4019 4020
f 3880 4020 4021
f 3881 4021 4022
f 3882 4022 4023
f 3883 4023 4024
f 3884 4024 4025
f 3885 4025 4026
f 3886 4026 4027
f 3887 4027 4028
f 3888 4028 4029
f 3889 4029 4030
f 3890 4030 4031
f 3891 4031 4032
f 3892 4032 4033
f 3893 4033 4034
f 3894 4034 4035
f 3895 4035 4036
f 3896 4036 4037
f 3897 4037 4038
f 3898 4038 4039
f 3899 4039 4040
f 3900 4040 4041
f 3901 4041 4042
f 3902 4042 4043
f 3903 4043 4044
f 3904 4044 4045
f 3905 4045 4046
f 3906 4046 4047
f 3907 4047 4048
f 3908 4048 4049
f 3909 4049 4050
f 3910 4050 4051
f 3911 4051 4052
f 3912 4052 4053
f 3913 4053 4054
f 3914 4054 4055
f 3915 4055 4056
f 3916 4056 4057
f 3917 4057 4058
f 3918 4058 4059
f 3919 4059 4060
f 3920 4060 4061
f 3921 4061 4062
f 3922 4062 4063
f 3923 4063 4064
f 3924 4064 4065
f 3925 4065 4066
f 3926 4066 4067
f 3927 4067 4068
f 3928 4068 4069
f 3929 4069 4070
f 3930 4070 4071
f 3931 4071 4072
f 3932 4072 4073
f 3933 4073 4074
f 3934 4074 4075
f 3935 4075 4076
f 3936 4076 4077
f 3937 4077 4078
f 3938 4078 4079
f 3939 4079 4080
f 3940 4080 4081
f 3941 4081 4082
f 3942 4082 4083
f 3943 4083 4084
f 3944 4084 4085
f 3945 4085 4086
f 3946 4086 4087
f 3947 4087 4088
f 3948 4088 4089
f 3950 4090 4091
f 3951 4091 4092
f 3952 4092 4093
f 3953 4093 4094
f 3954 4094 4095
f 3955 4095 4096
f 3956 4096 4097
f 3957 4097 4098
f 3958 4098 4099
f 3959 4099 4100
f 3960 4100 4101
f 3961 4101 4102
f 3962 4102 4103
f 3963 4103 4104
f 3964 4104 4105
f 3965 4105 4106
f 3966 4106 4107
f 3967 4107 4108
f 3968 4108 4109
f 3969 4109 4110
f 3970 4110 4111
f 3971 4111 4112
f 3972 4112 4113
f 3973 4113 4114
f 3974 4114 4115
f 3975 4115 4116
f 3976 4116 4117
f 3977 4117 4118
f 3978 4118 4119
f 3979 4119 4120
f 3980 4120 4121
f 3981 4121 4122
f 3982 4122 4123
f 3983 4123 4124
f 3984 4124 4125
f 3985 4125 4126
f 3986 4126 4127
f 3987 4127 4128
f 3988 4128 4129
f 3989 4129 4130
f 3990 4130 4131
f 3991 4131 4132
f 3992 4132 4133
f 3993 4133 4134
f 3994 4134 4135
f 3995 4135 4136
f 3996 4136 4137
f 3997 4137 4138
f 3998 4138 4139
f 3999 4139 4140
f 4000 4140 4141
f 4001 4141 4142
f 4002 4142 4143
f 4003 4143 4144
f 4004 4144 4145
f 4005 4145 4146
f 4006 4146 4147
f 4007 4147 4148
f 4008 4148 4149
f 4009 4149 4150
f 4010 4150 4151
f 4011 4151 4152
f 4012 4152 4153
f 4013 4153 4154
f 4014 4154 4155
f 4015 4155 4156
f 4016 4156 4157
f 4017 4157 4158
f 4018 4158 4159
f 4019 4159 4160
f 4020 4160 4161
f 4021 4161 4162
f 4022 4162 4163
f 4023 4163 4164
f 4024 4164 4165
f 4025 4165 4166
f 4026 4166 4167
f 4027 4167 4168
f 4028 4168 4169
f 4029 4169 4170
f 4030 4170 4171
f 4031 4171 4172
f 4032 4172 4173
f 4033 4173 4174
f 4034 4174 4175
f 4035 4175 4176
f 4036 4176 4177
f 4037 4177 4178
f 4038 4178 4179
f 4039 4179 4180
f 4040 4180 4181
f 4041 4181 4182
f 4042 4182 4183
f 4043 4183 4184
f 4044 4184 4185
f 4045 4185 4186
f 4046 4186 4187
f 4047 4187 4188
f 4048 4188 4189
f 4049 4189 4190
f 4050 4190 4191
f 4051 4191 4192
f 4052 4192 4193
f 4053 4193 4194
f 4054 4194 4195
f 4055 4195 4196
f 4056 4196 4197
f 4057 4197 4198
f 4058 4198 4199
f 4059 4199 4200
f 4060 4200 4201
f 4061 4201 4202
f 4062 4202 4203
f 4063 4203 4204
f 4064 4204 4205
f 4065 4205 4206
f 4066 4206 4207
f 4067 4207 4208
f 4068 4208 4209
f 4069 4209 4210
f 4070 4210 4211
f 4071 4211 4212
f 4072 4212 4213
f 4073 4213 4214
f 4074 4214 4215
f 4075 4215 4216
f 4076 4216 4217
f 4077 4217 4218
f 4078 4218 4219
f 4079 4219 4220
f 4080 4220 4221
f 4081 4221 4222
f 4082 4222 4223
f 4083 4223 4224
f 4084 4224 4225
f 4085 4225 4226
f 4086 4226 4227
f 4087 4227 4228
f 4088 4228 4229
f 4089 4229 4230
f 4091 4231 4232
f 4092 4232 4233
f 4093 4233 4234
f 4094 4234 4235
f 4095 4235 4236
f 4096 4236 4237
f 4097 4237 4238
f 4098 4238 4239
f 4099 4239 4240
f 4100 4240 4241
f 4101 4241 4242
f 4102 4242 4243
f 4103 4243 4244
f 4104 4244 4245
f 4105 4245 4246
f 4106 4246 4247
f 4107 4247 4248
f 4108 4248 4249
f 4109 4249 4250
f 4110 4250 4251
f 4111 4251 4252
f 4112 4252 4253
f 4113 4253 4254
f 4114 4254 4255
f 4115 4255 4256
f 4116 4256 4257
f 4117 4257 4258
f 4118 4258 4259
f 4119 4259 4260
f 4120 4260 4261
f 4121 4261 4262
f 4122 4262 4263
f 4123 4263 4264
f 4124 4264 4265
f 4125 4265 4266
f 4126 4266 4267
f 4127 4267 4268
f 4128 4268 4269
f 4129 4269 4270
f 4130 4270 4271
f 4131 4271 4272
f 4132 4272 4273
f 4133 4273 4274
f 4134 4274 4275
f 4135 4275 4276
f 4136 4276 4277
f 4137 4277 4278
f 4138 4278 4279
f 4139 4279 4280
f 4140 4280 4281
f 4141 4281 4282
f 4142 4282 4283
f 4143 4283 4284
f 4144 4284 4285
f 4145 4285 4286
f 4146 4286 4287
f 4147 4287 4288
f 4148 4288 4289
f 4149 4289 4290
f 4150 4290 4291
f 4151 4291 4292
f 4152 4292 4293
f 4153 4293 4294
f 4154 4294 4295
f 4155 4295 4296
f 4156 4296 4297
f 4157 4297 4298
f 4158 4298 4299
f 4159 4299 4300
f 4160 4300 4301
f 4161 4301 4302
f 4162 4302 4303
f 4163 4303 4304
f 4164 4304 4305
f 4165 4305 4306
f 4166 4306 4307
f 4167 4307 4308
f 4168 4308 4309
f 4169 4309 4310
f 4170 4310 4311
f 4171 4311 4312
f 4172 4312 4313
f 4173 4313 4314
f 4174 4314 4315
f 4175 4315 4316
f 4176 4316 4317
f 4177 4317 4318
f 4178 4318 4319
f 4179 4319 4320
f 4180 4320 4321
f 4181 4321 4322
f 4182 4322 4323
f 4183 4323 4324
f 4184 4324 4325
f 4185 4325 4326
f 4186 4326 4327
f 4187 4327 4328
f 4188 4328 4329
f 4189 4329 4330
f 4190 4330 4331
f 4191 4331 4332
f 4192 4332 4333
f 4193 4333 4334
f 4194 4334 4335
f 4195 4335 4336
f 4196 4336 4337
f 4197 4337 4338
f 4198 4338 4339
f 4199 4339 4340
f 4200 4340 4341
f 4201 4341 4342
f 4202 4342 4343
f 4203 4343 4344
f 4204 4344 4345
f 4205 4345 4346
f 4206 4346 4347
f 4207 4347 4348
f 4208 4348 4349
f 4209 4349 4350
f 4210 4350 4351
f 4211 4351 4352
f 4212 4352 4353
f 4213 4353 4354
f 4214 4354 4355
f 4215 4355 4356
f 4216 4356 4357
f 4217 4357 4358
f 4218 4358 4359
f 4219 4359 4360
f 4220 4360 4361
f 4221 4361 4362
f 4222 4362 4363
f 4223 4363 4364
f 4224 4364 4365
f 4225 4365 4366
f 4226 4366 4367
f 4227 4367 4368
f 4228 4368 4369
f 4229 4369 4370
f 4230 4370 4371
f 4232 4372 4373
f 4233 4373 4374
f 4234 4374 4375
f 4235 4375 4376
f 4236 4376 4377
f 4237 4377 4378
f 4238 4378 4379
f 4239 4379 4380
f 4240 4380 4381
f 4241 4381 4382
f 4242 4382 4383
f 4243 4383 4384
f 4244 4384 4385
f 4245 4385 4386
f 4246 4386 4387
f 4247 4387 4388
f 4248 4388 4389
f 4249 4389 4390
f 4250 4390 4391
f 4251 4391 4392
f 4252 4392 4393
f 4253 4393 4394
f 4254 4394 4395
f 4255 4395 4396
f 4256 4396 4397
f 4257 4397 4398
f 4258 4398 4399
f 4259 4399 4400
f 4260 4400 4401
f 4261 4401 4402
f 4262 4402 4403
f 4263 4403 4404
f 4264 4404 4405
f 4265 4405 4406
f 4266 4406 4407
f 4267 4407 4408
f 4268 4408 4409
f 4269 4409 4410
f 4270 4410 4411
f 4271 4411 4412
f 4272 4412 4413
f 4273 4413 4414
f 4274 4414 4415
f 4275 4415 4416
f 4276 4416 4417
f 4277 4417 4418
f 4278 4418 4419
f 4279 4419 4420
f 4280 4420 4421
f 4281 4421 4422
f 4282 4422 4423
f 4283 4423 4424
f 4284 4424 4425
f 4285 4425 4426
f 4286 4426 4427
f 4287 4427 4428
f 4288 4428 4429
f 4289 4429 4430
f 4290 4430 4431
f 4291 4431 4432
f 4292 4432 4433
f 4293 4433 4434
f 4294 4434 4435
f 4295 4435 4436
f 4296 4436 4437
f 4297 4437 4438
f 4298 4438 4439
f 4299 4439 4440
f 4300 4440 4441
f 4301 4441 4442
f 4302 4442 4443
f 4303 4443 4444
f 4304 4444 4445
f 4305 4445 4446
f 4306 4446 4447
f 4307 4447 4448
f 4308 4448 4449
f 4309 4449 4450
f 4310 4450 4451
f 4311 4451 4452
f 4312 4452 4453
f 4313 4453 4454
f 4314 4454 4455
f 4315 4455 4456
f 4316 4456 4457
f 4317 4457 4458
f 4318 4458 4459
f 4319 4459 4460
f 4320 4460 4461
f 4321 4461 4462
f 4322 4462 4463
f 4323 4463 4464
f 4324 4464 4465
f 4325 4465 4466
f 4326 4466 4467
f 4327 4467 4468
f 4328 4468 4469
f 4329 4469 4470
f 4330 4470 4471
f 4331 4471 4472
f 4332 4472 4473
f 4333 4473 4474
f 4334 4474 4475
f 4335 4475 4476
f 4336 4476 4477
f 4337 4477 4478
f 4338 4478 4479
f 4339 4479 4480
f 4340 4480 4481
f 4341 4481 4482
f 4342 4482 4483
f 4343 4483 4484
f 4344 4484 4485
f 4345 4485 4486
f 4346 4486 4487
f 4347 4487 4488
f 4348 4488 4489
f 4349 4489 4490
f 4350 4490 4491
f 4351 4491 4492
f 4352 4492 4493
f 4353 4493 4494
f 4354 4494 4495
f 4355 4495 4496
f 4356 4496 4497
f 4357 4497 4498
f 4358 4498 4499
f 4359 4499 4500
f 4360 4500 4501
f 4361 4501 4502
f 4362 4502 4503
f 4363 4503 4504
f 4364 4504 4505
f 4365 4505 4506
f 4366 4506 4507
f 4367 4507 4508
f 4368 4508 4509
f 4369 4509 4510
f 4370 4510 4511
f 4371 4511 4512
f 4373 4513 4514
f 4374 4514 4515
f 4375 4515 4516
f 4376 4516 4517
f 4377 4517 4518
f 4378 4518 4519
f 4379 4519 4520
f 4380 4520 4521
f 4381 4521 4522
f 4382 4522 4523
f 4383 4523 4524
f 4384 4524 4525
f 4385 4525 4526
f 4386 4526 4527
f 4387 4527 4528
f 4388 4528 4529
f 4389 4529 4530
f 4390 4530 4531
f 4391 4531 4532
f 4392 4532 4533
f 4393 4533 4534
f 4394 4534 4535
f 4395 4535 4536
f 4396 4536 4537
f 4397 4537 4538
f 4398 4538 4539
f 4399 4539 4540
f 4400 4540 4541
f 4401 4541 4542
f 4402 4542 4543
f 4403 4543 4544
f 4404 4544 4545
f 4405 4545 4546
f 4406 4546 4547
f 4407 4547 4548
f 4408 4548 4549
f 4409 4549 4550
f 4410 4550 4551
f 4411 4551 4552
f 4412 4552 4553
f 4413 4553 4554
f 4414 4554 4555
f 4415 4555 4556
f 4416 4556 4557
f 4417 4557 4558
f 4418 4558 4559
f 4419 4559 4560
f 4420 4560 4561
f 4421 4561 4562
f 4422 4562 4563
f 4423 4563 4564
f 4424 4564 4565
f 4425 4565 4566
f 4426 4566 4567
f 4427 4567 4568
f 4428 4568 4569
f 4429 4569 4570
f 4430 4570 4571
f 4431 4571 4572
f 4432 4572 4573
f 4433 4573 4574
f 4434 4574 4575
f 4435 4575 4576
f 4436 4576 4577
f 4437 4577 4578
f 4438 4578 4579
f 4439 4579 4580
f 4440 4580 4581
f 4441 4581 4582
f 4442 4582 4583
f 4443 4583 4584
f 4444 4584 4585
f 4445 4585 4586
f 4446 4586 4587
f 4447 4587 4588
f 4448 4588 4589
f 4449 4589 4590
f 4450 4590 4591
f 4451 4591 4592
f 4452 4592 4593
f 4453 4593 4594
f 4454 4594 4595
f 4455 4595 4596
f 4456 4596 4597
f 4457 4597 4598
f 4458 4598 4599
f 4459 4599 4600
f 4460 4600 4601
f 4461 4601 4602
f 4462 4602 4603
f 4463 4603 4604
f 4464 4604 4605
f 4465 4605 4606
f 4466 4606 4607
f 4467 4607 4608
f 4468 4608 4609
f 4469 4609 4610
f 4470 4610 4611
f 4471 4611 4612
f 4472 4612 4613
f 4473 4613 4614
f 4474 4614 4615
f 4475 4615 4616
f 4476 4616 4617
f 4477 4617 4618
f 4478 4618 4619
f 4479 4619 4620
f 4480 4620 4621
f 4481 4621 4622
f 4482 4622 4623
f 4483 4623 4624
f 4484 4624 4625
f 4485 4625 4626
f 4486 4626 4627
f 4487 4627 4628
f 4488 4628 4629
f 4489 4629 4630
f 4490 4630 4631
f 4491 4631 4632
f 4492 4632 4633
f 4493 4633 4634
f 4494 4634 4635
f 4495 4635 4636
f 4496 4636 4637
f 4497 4637 4638
f 4498 4638 4639
f 4499 4639 4640
f 4500 4640 4641
f 4501 4641 4642
f 4502 4642 4643
f 4503 4643 4644
f 4504 4644 4645
f 4505 4645 4646
f 4506 4646 4647
f 4507 4647 4648
f 4508 4648 4649
f 4509 4649 4650
f 4510 4650 4651
f 4511 4651 4652
f 4512 4652 4653
f 4514 4654 4655
f 4515 4655 4656
f 4516 4656 4657
f 4517 4657 4658
f 4518 4658 4659
f 4519 4659 4660
f 4520 4660 4661
f 4521 4661 4662
f 4522 4662 4663
f 4523 4663 4664
f 4524 4664 4665
f 4525 4665 4666
f 4526 4666 4667
f 4527 4667 4668
f 4528 4668 4669
f 4529 4669 4670
f 4530 4670 4671
f 4531 4671 4672
f 4532 4672 4673
f 4533 4673 4674
f 4534 4674 4675
f 4535 4675 4676
f 4536 4676 4677
f 4537 4677 4678
f 4538 4678 4679
f 4539 4679 4680
f 4540 4680 4681
f 4541 4681 4682
f 4542 4682 4683
f 4543 4683 4684
f 4544 4684 4685
f 4545 4685 4686
f 4546 4686 4687
f 4547 4687 4688
f 4548 4688 4689
f 4549 4689 4690
f 4550 4690 4691
f 4551 4691 4692
f 4552 4692 4693
f 4553 4693 4694
f 4554 4694 4695
f 4555 4695 4696
f 4556 4696 4697
f 4557 4697 4698
f 4558 4698 4699
f 4559 4699 4700
f 4560 4700 4701
f 4561 4701 4702
f 4562 4702 4703
f 4563 4703 4704
f 4564 4704 4705
f 4565 4705 4706
f 4566 4706 4707
f 4567 4707 4708
f 4568 4708 4709
f 4569 4709 4710
f 4570 4710 4711
f 4571 4711 4712
f 4572 4712 4713
f 4573 4713 4714
f 4574 4714 4715
f 4575 4715 4716
f 4576 4716 4717
f 4577 4717 4718
f 4578 4718 4719
f 4579 4719 4720
f 4580 4720 4721
f 4581 4721 4722
f 4582 4722 4723
f 4583 4723 4724
f 4584 4724 4725
f 4585 4725 4726
f 4586 4726 4727
f 4587 4727 4728
f 4588 4728 4729
f 4589 4729 4730
f 4590 4730 4731
f 4591 4731 4732
f 4592 4732 4733
f 4593 4733 4734
f 4594 4734 4735
f 4595 4735 4736
f 4596 4736 4737
f 4597 4737 4738
f 4598 4738 4739
f 4599 4739 4740
f 4600 4740 4741
f 4601 4741 4742
f 4602 4742 4743
f 4603 4743 4744
f 4604 4744 4745
f 4605 4745 4746
f 4606 4746 4747
f 4607 4747 4748
f 4608 4748 4749
f 4609 4749 4750
f 4610 4750 4751
f 4611 4751 4752
f 4612 4752 4753
f 4613 4753 4754
f 4614 4754 4755
f 4615 4755 4756
f 4616 4756 4757
f 4617 4757 4758
f 4618 4758 4759
f 4619 4759 4760
f 4620 4760 4761
f 4621 4761 4762
f 4622 4762 4763
f 4623 4763 4764
f 4624 4764 4765
f 4625 4765 4766
f 4626 4766 4767
f 4627 4767 4768
f 4628 4768 4769
f 4629 4769 4770
f 4630 4770 4771
f 4631 4771 4772
f 4632 4772 4773
f 4633 4773 4774
f 4634 4774 4775
f 4635 4775 4776
f 4636 4776 4777
f 4637 4777 4778
f 4638 4778 4779
f 4639 4779 4780
f 4640 4780 4781
f 4641 4781 4782
f 4642 4782 4783
f 4643 4783 4784
f 4644 4784 4785
f 4645 4785 4786
f 4646 4786 4787
f 4647 4787 4788
f 4648 4788 4789
f 4649 4789 4790
f 4650 4790 4791
f 4651 4791 4792
f 4652 4792 4793
f 4653 4793 4794
f 4655 4795 4796
f 4656 4796 4797
f 4657 4797 4798
f 4658 4798 4799
f 4659 4799 4800
f 4660 4800 4801
f 4661 4801 4802
f 4662 4802 4803
f 4663 4803 4804
f 4664 4804 4805
f 4665 4805 4806
f 4666 4806 4807
f 4667 4807 4808
f 4668 4808 4809
f 4669 4809 4810
f 4670 4810 4811
f 4671 4811 4812
f 4672 4812 4813
f 4673 4813 4814
f 4674 4814 4815
f 4675 4815 4816
f 4676 4816 4817
f 4677 4817 4818
f 4678 4818 4819
f 4679 4819 4820
f 4680 4820 4821
f 4681 4821 4822
f 4682 4822 4823
f 4683 4823 4824
f 4684 4824 4825
f 4685 4825 4826
f 4686 4826 4827
f 4687 4827 4828
f 4688 4828 4829
f 4689 4829 4830
f 4690 4830 4831
f 4691 4831 4832
f 4692 4832 4833
f 4693 4833 4834
f 4694 4834 4835
f 4695 4835 4836
f 4696 4836 4837
f 4697 4837 4838
f 4698 4838 4839
f 4699 4839 4840
f 4700 4840 4841
f 4701 4841 4842
f 4702 4842 4843
f 4703 4843 4844
f 4704 4844 4845
f 4705 4845 4846
f 4706 4846 4847
f 4707 4847 4848
f 4708 4848 4849
f 4709 4849 4850
f 4710 4850 4851
f 4711 4851 4852
f 4712 4852 4853
f 4713 4853 4854
f 4714 4854 4855
f 4715 4855 4856
f 4716 4856 4857
f 4717 4857 4858
f 4718 4858 4859
f 4719 4859 4860
f 4720 4860 4861
f 4721 4861 4862
f 4722 4862 4863
f 4723 4863 4864
f 4724 4864 4865
f 4725 4865 4866
f 4726 4866 4867
f 4727 4867 4868
f 4728 4868 4869
f 4729 4869 4870
f 4730 4870 4871
f 4731 4871 4872
f 4732 4872 4873
f 4733 4873 4874
f 4734 4874 4875
f 4735 4875 4876
f 4736 4876 4877
f 4737 4877 4878
f 4738 4878 4879
f 4739 4879 4880
f 4740 4880 4881
f 4741 4881 4882
f 4742 4882 4883
f 4743 4883 4884
f 4744 4884 4885
f 4745 4885 4886
f 4746 4886 4887
f 4747 4887 4888
f 4748 4888 4889
f 4749 4889 4890
f 4750 4890 4891
f 4751 4891 4892
f 4752 4892 4893
f 4753 4893 4894
f 4754 4894 4895
f 4755 4895 4896
f 4756 4896 4897
f 4757 4897 4898
f 4758 4898 4899
f 4759 4899 4900
f 4760 4900 4901
f 4761 4901 4902
f 4762 4902 4903
f 4763 4903 4904
f 4764 4904 4905
f 4765 4905 4906
f 4766 4906 4907
f 4767 4907 4908
f 4768 4908 4909
f 4769 4909 4910
f 4770 4910 4911
f 4771 4911 4912
f 4772 4912 4913
f 4773 4913 4914
f 4774 4914 4915
f 4775 4915 4916
f 4776 4916 4917
f 4777 4917 4918
f 4778 4918 4919
f 4779 4919 4920
f 4780 4920 4921
f 4781 4921 4922
f 4782 4922 4923
f 4783 4923 4924
f 4784 4924 4925
f 4785 4925 4926
f 4786 4926 4927
f 4787 4927 4928
f 4788 4928 4929
f 4789 4929 4930
f 4790 4930 4931
f 4791 4931 4932
f 4792 4932 4933
f 4793 4933 4934
f 4794 4934 4935
f 4796 4936 4937
f 4797 4937 4938
f 4798 4938 4939
f 4799 4939 4940
f 4800 4940 4941
f 4801 4941 4942
f 4802 4942 4943
f 4803 4943 4944
f 4804 4944 4945
f 4805 4945 4946
f 4806 4946 4947
f 4807 4947 4948
f 4808 4948 4949
f 4809 4949 4950
f 4810 4950 4951
f 4811 4951 4952
f 4812 4952 4953
f 4813 4953 4954
f 4814 4954 4955
f 4815 4955 4956
f 4816 4956 4957
f 4817 4957 4958
f 4818 4958 4959
f 4819 4959 4960
f 4820 4960 4961
f 4821 4961 4962
f 4822 4962 4963
f 4823 4963 4964
f 4824 4964 4965
f 4825 4965 4966
f 4826 4966 4967
f 4827 4967 4968
f 4828 4968 4969
f 4829 4969 4970
f 4830 4970 4971
f 4831 4971 4972
f 4832 4972 4973
f 4833 4973 4974
f 4834 4974 4975
f 4835 4975 4976
f 4836 4976 4977
f 4837 4977 4978
f 4838 4978 4979
f 4839 4979 4980
f 4840 4980 4981
f 4841 4981 4982
f 4842 4982 4983
f 4843 4983 4984
f 4844 4984 4985
f 4845 4985 4986
f 4846 4986 4987
f 4847 4987 4988
f 4848 4988 4989
f 4849 4989 4990
f 4850 4990 4991
f 4851 4991 4992
f 4852 4992 4993
f 4853 4993 4994
f 4854 4994 4995
f 4855 4995 4996
f 4856 4996 4997
f 4857 4997 4998
f 4858 4998 4999
f 4859 4999 5000
f 4860 5000 5001
f 4861 5001 5002
f 4862 5002 5003
f 4863 5003 5004
f 4864 5004 5005
f 4865 5005 5006
f 4866 5006 5007
f 4867 5007 5008
f 4868 5008 5009
f 4869 5009 5010
f 4870 5010 5011
f 4871 5011 5012
f 4872 5012 5013
f 4873 5013 5014
f 4874 5014 5015
f 4875 5015 5016
f 4876 5016 5017
f 4877 5017 5018
f 4878 5018 5019
f 4879 5019 5020
f 4880 5020 5021
f 4881 5021 5022
f 4882 5022 5023
f 4883 5023 5024
f 4884 5024 5025
f 4885 5025 5026
f 4886 5026 5027
f 4887 5027 5028
f 4888 5028 5029
f 4889 5029 5030
f 4890 5030 5031
f 4891 5031 5032
f 4892 5032 5033
f 4893 5033 5034
f 4894 5034 5035
f 4895 5035 5036
f 4896 5036 5037
f 4897 5037 5038
f 4898 5038 5039
f 4899 5039 5040
f 4900 5040 5041
f 4901 5041 5042
f 4902 5042 5043
f 4903 5043 5044
f 4904 5044 5045
f 4905 5045 5046
f 4906 5046 5047
f 4907 5047 5048
f 4908 5048 5049
f 4909 5049 5050
f 4910 5050 5051
f 4911 5051 5052
f 4912 5052 5053
f 4913 5053 5054
f 4914 5054 5055
f 4915 5055 5056
f 4916 5056 5057
f 4917 5057 5058
f 4918 5058 5059
f 4919 5059 5060
f 4920 5060 5061
f 4921 5061 5062
f 4922 5062 5063
f 4923 5063 5064
f 4924 5064 5065
f 4925 5065 5066
f 4926 5066 5067
f 4927 5067 5068
f 4928 5068 5069
f 4929 5069 5070
f 4930 5070 5071
f 4931 5071 5072
f 4932 5072 5073
f 4933 5073 5074
f 4934 5074 5075
f 4935 5075 5076
f 4937 5077 5078
f 4938 5078 5079
f 4939 5079 5080
f 4940 5080 5081
f 4941 5081 5082
f 4942 5082 5083
f 4943 5083 5084
f 4944 5084 5085
f 4945 5085 5086
f 4946 5086 5087
f 4947 5087 5088
f 4948 5088 5089
f 4949 5089 5090
f 4950 5090 5091
f 4951 5091 5092
f 4952 5092 5093
f 4953 5093 5094
f 4954 5094 5095
f 4955 5095 5096
f 4956 5096 5097
f 4957 5097 5098
f 4958 5098 5099
f 4959 5099 5100
f 4960 5100 5101
f 4961 5101 5102
f 4962 5102 5103
f 4963 5103 5104
f 4964 5104 5105
f 4965 5105 5106
f 4966 5106 5107
f 4967 5107 5108
f 4968 5108 5109
f 4969 5109 5110
f 4970 5110 5111
f 4971 5111 5112
f 4972 5112 5113
f 4973 5113 5114
f 4974 5114 5115
f 4975 5115 5116
f 4976 5116 5117
f 4977 5117 5118
f 4978 5118 5119
f 4979 5119 5120
f 4980 5120 5121
f 4981 5121 5122
f 4982 5122 5123
f 4983 5123 5124
f 4984 5124 5125
f 4985 5125 5126
f 4986 5126 5127
f 4987 5127 5128
f 4988 5128 5129
f 4989 5129 5130
f 4990 5130 5131
f 4991 5131 5132
f 4992 5132 5133
f 4993 5133 5134
f 4994 5134 5135
f 4995 5135 5136
f 4996 5136 5137
f 4997 5137 5138
f 4998 5138 5139
f 4999 5139 5140
f 5000 5140 5141
f 5001 5141 5142
f 5002 5142 5143
f 5003 5143 5144
f 5004 5144 5145
f 5005 5145 5146
f 5006 5146 5147
f 5007 5147 5148
f 5008 5148 5149
f 5009 5149 5150
f 5010 5150 5151
f 5011 5151 5152
f 5012 5152 5153
f 5013 5153 5154
f 5014 5154 5155
f 5015 5155 5156
f 5016 5156 5157
f 5017 5157 5158
f 5018 5158 5159
f 5019 5159 5160
f 5020 5160 5161
f 5021 5161 5162
f 5022 5162 5163
f 5023 5163 5164
f 5024 5164 5165
f 5025 5165 5166
f 5026 5166 5167
f 5027 5167 5168
f 5028 5168 5169
f 5029 5169 5170
f 5030 5170 5171
f 5031 5171 5172
f 5032 5172 5173
f 5033 5173 5174
f 5034 5174 5175
f 5035 5175 5176
f 5036 5176 5177
f 5037 5177 5178
f 5038 5178 5179
f 5039 5179 5180
f 5040 5180 5181
f 5041 5181 5182
f 5042 5182 5183
f 5043 5183 5184
f 5044 5184 5185
f 5045 5185 5186
f 5046 5186 5187
f 5047 5187 5188
f 5048 5188 5189
f 5049 5189 5190
f 5050 5190 5191
f 5051 5191 5192
f 5052 5192 5193
f 5053 5193 5194
f 5054 5194 5195
f 5055 5195 5196
f 5056 5196 5197
f 5057 5197 5198
f 5058 5198 5199
f 5059 5199 5200
f 5060 5200 5201
f 5061 5201 5202
f 5062 5202 5203
f 5063 5203 5204
f 5064 5204 5205
f 5065 5205 5206
f 5066 5206 5207
f 5067 5207 5208
f 5068 5208 5209
f 5069 5209 5210
f 5070 5210 5211
f 5071 5211 5212
f 5072 5212 5213
f 5073 5213 5214
f 5074 5214 5215
f 5075 5215 5216
f 5076 5216 5217
f 5078 5218 5219
f 5079 5219 5220
f 5080 5220 5221
f 5081 5221 5222
f 5082 5222 5223
f 5083 5223 5224
f 5084 5224 5225
f 5085 5225 5226
f 5086 5226 5227
f 5087 5227 5228
f 5088 5228 5229
f 5089 5229 5230
f 5090 5230 5231
f 5091 5231 5232
f 5092 5232 5233
f 5093 5233 5234
f 5094 5234 5235
f 5095 5235 5236
f 5096 5236 5237
f 5097 5237 5238
f 5098 5238 5239
f 5099 5239 5240
f 5100 5240 5241
f 5101 5241 5242
f 5102 5242 5243
f 5103 5243 5244
f 5104 5244 5245
f 5105 5245 5246
f 5106 5246 5247
f 5107 5247 5248
f 5108 5248 5249
f 5109 5249 5250
f 5110 5250 5251
f 5111 5251 5252
f 5112 5252 5253
f 5113 5253 5254
f 5114 5254 5255
f 5115 5255 5256
f 5116 5256 5257
f 5117 5257 5258
f 5118 5258 5259
f 5119 5259 5260
f 5120 5260 5261
f 5121 5261 5262
f 5122 5262 5263
f 5123 5263 5264
f 5124 5264 5265
f 5125 5265 5266
f 5126 5266 5267
f 5127 5267 5268
f 5128 5268 5269
f 5129 5269 5270
f 5130 5270 5271
f 5131 5271 5272
f 5132 5272 5273
f 5133 5273 5274
f 5134 5274 5275
f 5135 5275 5276
f 5136 5276 5277
f 5137 5277 5278
f 5138 5278 5279
f 5139 5279 5280
f 5140 5280 5281
f 5141 5281 5282
f 5142 5282 5283
f 5143 5283 5284
f 5144 5284 5285
f 5145 5285 5286
f 5146 5286 5287
f 5147 5287 5288
f 5148 5288 5289
f 5149 5289 5290
f 5150 5290 5291
f 5151 5291 5292
f 5152 5292 5293
f 5153 5293 5294
f 5154 5294 5295
f 5155 5295 5296
f 5156 5296 5297
f 5157 5297 5298
f 5158 5298 5299
f 5159 5299 5300
f 5160 5300 5301
f 5161 5301 5302
f 5162 5302 5303
f 5163 5303 5304
f 5164 5304 5305
f 5165 5305 5306
f 5166 5306 5307
f 5167 5307 5308
f 5168 5308 5309
f 5169 5309 5310
f 5170 5310 5311
f 5171 5311 5312
f 5172 5312 5313
f 5173 5313 5314
f 5174 5314 5315
f 5175 5315 5316
f 5176 5316 5317
f 5177 5317 5318
f 5178 5318 5319
f 5179 5319 5320
f 5180 5320 5321
f 5181 5321 5322
f 5182 5322 5323
f 5183 5323 5324
f 5184 5324 5325
f 5185 5325 5326
f 5186 5326 5327
f 5187 5327 5328
f 5188 5328 5329
f 5189 5329 5330
f 5190 5330 5331
f 5191 5331 5332
f 5192 5332 5333
f 5193 5333 5334
f 5194 5334 5335
f 5195 5335 5336
f 5196 5336 5337
f 5197 5337 5338
f 5198 5338 5339
f 5199 5339 5340
f 5200 5340 5341
f 5201 5341 5342
f 5202 5342 5343
f 5203 5343 5344
f 5204 5344 5345
f 5205 5345 5346
f 5206 5346 5347
f 5207 5347 5348
f 5208 5348 5349
f 5209 5349 5350
f 5210 5350 5351
f 5211 5351 5352
f 5212 5352 5353
f 5213 5353 5354
f 5214 5354 5355
f 5215 5355 5356
f 5216 5356 5357
f 5217 5357 5358
f 5219 5359 5360
f 5220 5360 5361
f 5221 5361 5362
f 5222 5362 5363
f 5223 5363 5364
f 5224 5364 5365
f 5225 5365 5366
f 5226 5366 5367
f 5227 5367 5368
f 5228 5368 5369
f 5229 5369 5370
f 5230 5370 5371
f 5231 5371 5372
f 5232 5372 5373
f 5233 5373 5374
f 5234 5374 5375
f 5235 5375 5376
f 5236 5376 5377
f 5237 5377 5378
f 5238 5378 5379
f 5239 5379 5380
f 5240 5380 5381
f 5241 5381 5382
f 5242 5382 5383
f 5243 5383 5384
f 5244 5384 5385
f 5245 5385 5386
f 5246 5386 5387
f 5247 5387 5388
f 5248 5388 5389
f 5249 5389 5390
f 5250 5390 5391
f 5251 5391 5392
f 5252 5392 5393
f 5253 5393 5394
f 5254 5394 5395
f 5255 5395 5396
f 5256 5396 5397
f 5257 5397 5398
f 5258 5398 5399
f 5259 5399 5400
f 5260 5400 5401
f 5261 5401 5402
f 5262 5402 5403
f 5263 5403 5404
f 5264 5404 5405
f 5265 5405 5406
f 5266 5406 5407
f 5267 5407 5408
f 5268 5408 5409
f 5269 5409 5410
f 5270 5410 5411
f 5271 5411 5412
f 5272 5412 5413
f 5273 5413 5414
f 5274 5414 5415
f 5275 5415 5416
f 5276 5416 5417
f 5277 5417 5418
f 5278 5418 5419
f 5279 5419 5420
f 5280 5420 5421
f 5281 5421 5422
f 5282 5422 5423
f 5283 5423 5424
f 5284 5424 5425
f 5285 5425 5426
f 5286 5426 5427
f 5287 5427 5428
f 5288 5428 5429
f 5289 5429 5430
f 5290 5430 5431
f 5291 5431 5432
f 5292 5432 5433
f 5293 5433 5434
f 5294 5434 5435
f 5295 5435 5436
f 5296 5436 5437
f 5297 5437 5438
f 5298 5438 5439
f 5299 5439 5440
f 5300 5440 5441
f 5301 5441 5442
f 5302 5442 5443
f 5303 5443 5444
f 5304 5444 5445
f 5305 5445 5446
f 5306 5446 5447
f 5307 5447 5448
f 5308 5448 5449
f 5309 5449 5450
f 5310 5450 5451
f 5311 5451 5452
f 5312 5452 5453
f 5313 5453 5454
f 5314 5454 5455
f 5315 5455 5456
f 5316 5456 5457
f 5317 5457 5458
f 5318 5458 5459
f 5319 5459 5460
f 5320 5460 5461
f 5321 5461 5462
f 5322 5462 5463
f 5323 5463 5464
f 5324 5464 5465
f 5325 5465 5466
f 5326 5466 5467
f 5327 5467 5468
f 5328 5468 5469
f 5329 5469 5470
f 5330 5470 5471
f 5331 5471 5472
f 5332 5472 5473
f 5333 5473 5474
f 5334 5474 5475
f 5335 5475 5476
f 5336 5476 5477
f 5337 5477 5478
f 5338 5478 5479
f 5339 5479 5480
f 5340 5480 5481
f 5341 5481 5482
f 5342 5482 5483
f 5343 5483 5484
f 5344 5484 5485
f 5345 5485 5486
f 5346 5486 5487
f 5347 5487 5488
f 5348 5488 5489
f 5349 5489 5490
f 5350 5490 5491
f 5351 5491 5492
f 5352 5492 5493
f 5353 5493 5494
f 5354 5494 5495
f 5355 5495 5496
f 5356 5496 5497
f 5357 5497 5498
f 5358 5498 5499
f 5360 5500 5501
f 5361 5501 5502
f 5362 5502 5503
f 5363 5503 5504
f 5364 5504 5505
f 5365 5505 5506
f 5366 5506 5507
f 5367 5507 5508
f 5368 5508 5509
f 5369 5509 5510
f 5370 5510 5511
f 5371 5511 5512
f 5372 5512 5513
f 5373 5513 5514
f 5374 5514 5515
f 5375 5515 5516
f 5376 5516 5517
f 5377 5517 5518
f 5378 5518 5519
f 5379 5519 5520
f 5380 5520 5521
f 5381 5521 5522
f 5382 5522 5523
f 5383 5523 5524
f 5384 5524 5525
f 5385 5525 5526
f 5386 5526 5527
f 5387 5527 5528
f 5388 5528 5529
f 5389 5529 5530
f 5390 5530 5531
f 5391 5531 5532
f 5392 5532 5533
f 5393 5533 5534
f 5394 5534 5535
f 5395 5535 5536
f 5396 5536 5537
f 5397 5537 5538
f 5398 5538 5539
f 5399 5539 5540
f 5400 5540 5541
f 5401 5541 5542
f 5402 5542 5543
f 5403 5543 5544
f 5404 5544 5545
f 5405 5545 5546
f 5406 5546 5547
f 5407 5547 5548
f 5408 5548 5549
f 5409 5549 5550
f 5410 5550 5551
f 5411 5551 5552
f 5412 5552 5553
f 5413 5553 5554
f 5414 5554 5555
f 5415 5555 5556
f 5416 5556 5557
f 5417 5557 5558
f 5418 5558 5559
f 5419 5559 5560
f 5420 5560 5561
f 5421 5561 5562
f 5422 5562 5563
f 5423 5563 5564
f 5424 5564 5565
f 5425 5565 5566
f 5426 5566 5567
f 5427 5567 5568
f 5428 5568 5569
f 5429 5569 5570
f 5430 5570 5571
f 5431 5571 5572
f 5432 5572 5573
f 5433 5573 5574
f 5434 5574 5575
f 5435 5575 5576
f 5436 5576 5577
f 5437 5577 5578
f 5438 5578 5579
f 5439 5579 5580
f 5440 5580 5581
f 5441 5581 5582
f 5442 5582 5583
f 5443 5583 5584
f 5444 5584 5585
f 5445 5585 5586
f 5446 5586 5587
f 5447 5587 5588
f 5448 5588 5589
f 5449 5589 5590
f 5450 5590 5591
f 5451 5591 5592
f 5452 5592 5593
f 5453 5593 5594
f 5454 5594 5595
f 5455 5595 5596
f 5456 5596 5597
f 5457 5597 5598
f 5458 5598 5599
f 5459 5599 5600
f 5460 5600 5601
f 5461 5601 5602
f 5462 5602 5603
f 5463 5603 5604
f 5464 5604 5605
f 5465 5605 5606
f 5466 5606 5607
f 5467 5607 5608
f 5468 5608 5609
f 5469 5609 5610
f 5470 5610 5611
f 5471 5611 5612
f 5472 5612 5613
f 5473 5613 5614
f 5474 5614 5615
f 5475 5615 5616
f 5476 5616 5617
f 5477 5617 5618
f 5478 5618 5619
f 5479 5619 5620
f 5480 5620 5621
f 5481 5621 5622
f 5482 5622 5623
f 5483 5623 5624
f 5484 5624 5625
f 5485 5625 5626
f 5486 5626 5627
f 5487 5627 5628
f 5488 5628 5629
f 5489 5629 5630
f 5490 5630 5631
f 5491 5631 5632
f 5492 5632 5633
f 5493 5633 5634
f 5494 5634 5635
f 5495 5635 5636
f 5496 5636 5637
f 5497 5637 5638
f 5498 5638 5639
f 5499 5639 5640
f 5501 5641 5642
f 5502 5642 5643
f 5503 5643 5644
f 5504 5644 5645
f 5505 5645 5646
f 5506 5646 5647
f 5507 5647 5648
f 5508 5648 5649
f 5509 5649 5650
f 5510 5650 5651
f 5511 5651 5652
f 5512 5652 5653
f 5513 5653 5654
f 5514 5654 5655
f 5515 5655 5656
f 5516 5656 5657
f 5517 5657 5658
f 5518 5658 5659
f 5519 5659 5660
f 5520 5660 5661
f 5521 5661 5662
f 5522 5662 5663
f 5523 5663 5664
f 5524 5664 5665
f 5525 5665 5666
f 5526 5666 5667
f 5527 5667 5668
f 5528 5668 5669
f 5529 5669 5670
f 5530 5670 5671
f 5531 5671 5672
f 5532 5672 5673
f 5533 5673 5674
f 5534 5674 5675
f 5535 5675 5676
f 5536 5676 5677
f 5537 5677 5678
f 5538 5678 5679
f 5539 5679 5680
f 5540 5680 5681
f 5541 5681 5682
f 5542 5682 5683
f 5543 5683 5684
f 5544 5684 5685
f 5545 5685 5686
f 5546 5686 5687
f 5547 5687 5688
f 5548 5688 5689
f 5549 5689 5690
f 5550 5690 5691
f 5551 5691 5692
f 5552 5692 5693
f 5553 5693 5694
f 5554 5694 5695
f 5555 5695 5696
f 5556 5696 5697
f 5557 5697 5698
f 5558 5698 5699
f 5559 5699 5700
f 5560 5700 5701
f 5561 5701 5702
f 5562 5702 5703
f 5563 5703 5704
f 5564 5704 5705
f 5565 5705 5706
f 5566 5706 5707
f 5567 5707 5708
f 5568 5708 5709
f 5569 5709 5710
f 5570 5710 5711
f 5571 5711 5712
f 5572 5712 5713
f 5573 5713 5714
f 5574 5714 5715
f 5575 5715 5716
f 5576 5716 5717
f 5577 5717 5718
f 5578 5718 5719
f 5579 5719 5720
f 5580 5720 5721
f 5581 5721 5722
f 5582 5722 5723
f 5583 5723 5724
f 5584 5724 5725
f 5585 5725 5726
f 5586 5726 5727
f 5587 5727 5728
f 5588 5728 5729
f 5589 5729 5730
f 5590 5730 5731
f 5591 5731 5732
f 5592 5732 5733
f 5593 5733 5734
f 5594 5734 5735
f 5595 5735 5736
f 5596 5736 5737
f 5597 5737 5738
f 5598 5738 5739
f 5599 5739 5740
f 5600 5740 5741
f 5601 5741 5742
f 5602 5742 5743
f 5603 5743 5744
f 5604 5744 5745
f 5605 5745 5746
f 5606 5746 5747
f 5607 5747 5748
f 5608 5748 5749
f 5609 5749 5750
f 5610 5750 5751
f 5611 5751 5752
f 5612 5752 5753
f 5613 5753 5754
f 5614 5754 5755
f 5615 5755 5756
f 5616 5756 5757
f 5617 5757 5758
f 5618 5758 5759
f 5619 5759 5760
f 5620 5760 5761
f 5621 5761 5762
f 5622 5762 5763
f 5623 5763 5764
f 5624 5764 5765
f 5625 5765 5766
f 5626 5766 5767
f 5627 5767 5768
f 5628 5768 5769
f 5629 5769 5770
f 5630 5770 5771
f 5631 5771 5772
f 5632 5772 5773
f 5633 5773 5774
f 5634 5774 5775
f 5635 5775 5776
f 5636 5776 5777
f 5637 5777 5778
f 5638 5778 5779
f 5639 5779 5780
f 5640 5780 5781
f 5642 5782 5783
f 5643 5783 5784
f 5644 5784 5785
f 5645 5785 5786
f 5646 5786 5787
f 5647 5787 5788
f 5648 5788 5789
f 5649 5789 5790
f 5650 5790 5791
f 5651 5791 5792
f 5652 5792 5793
f 5653 5793 5794
f 5654 5794 5795
f 5655 5795 5796
f 5656 5796 5797
f 5657 5797 5798
f 5658 5798 5799
f 5659 5799 5800
f 5660 5800 5801
f 5661 5801 5802
f 5662 5802 5803
f 5663 5803 5804
f 5664 5804 5805
f 5665 5805 5806
f 5666 5806 5807
f 5667 5807 5808
f 5668 5808 5809
f 5669 5809 5810
f 5670 5810 5811
f 5671 5811 5812
f 5672 5812 5813
f 5673 5813 5814
f 5674 5814 5815
f 5675 5815 5816
f 5676 5816 5817
f 5677 5817 5818
f 5678 5818 5819
f 5679 5819 5820
f 5680 5820 5821
f 5681 5821 5822
f 5682 5822 5823
f 5683 5823 5824
f 5684 5824 5825
f 5685 5825 5826
f 5686 5826 5827
f 5687 5827 5828
f 5688 5828 5829
f 5689 5829 5830
f 5690 5830 5831
f 5691 5831 5832
f 5692 5832 5833
f 5693 5833 5834
f 5694 5834 5835
f 5695 5835 5836
f 5696 5836 5837
f 5697 5837 5838
f 5698 5838 5839
f 5699 5839 5840
f 5700 5840 5841
f 5701 5841 5842
f 5702 5842 5843
f 5703 5843 5844
f 5704 5844 5845
f 5705 5845 5846
f 5706 5846 5847
f 5707 5847 5848
f 5708 5848 5849
f 5709 5849 5850
f 5710 5850 5851
f 5711 5851 5852
f 5712 5852 5853
f 5713 5853 5854
f 5714 5854 5855
f 5715 5855 5856
f 5716 5856 5857
f 5717 5857 5858
f 5718 5858 5859
f 5719 5859 5860
f 5720 5860 5861
f 5721 5861 5862
f 5722 5862 5863
f 5723 5863 5864
f 5724 5864 5865
f 5725 5865 5866
f 5726 5866 5867
f 5727 5867 5868
f 5728 5868 5869
f 5729 5869 5870
f 5730 5870 5871
f 5731 5871 5872
f 5732 5872 5873
f 5733 5873 5874
f 5734 5874 5875
f 5735 5875 5876
f 5736 5876 5877
f 5737 5877 5878
f 5738 5878 5879
f 5739 5879 5880
f 5740 5880 5881
f 5741 5881 5882
f 5742 5882 5883
f 5743 5883 5884
f 5744 5884 5885
f 5745 5885 5886
f 5746 5886 5887
f 5747 5887 5888
f 5748 5888 5889
f 5749 5889 5890
f 5750 5890 5891
f 5751 5891 5892
f 5752 5892 5893
f 5753 5893 5894
f 5754 5894 5895
f 5755 5895 5896
f 5756 5896 5897
f 5757 5897 5898
f 5758 5898 5899
f 5759 5899 5900
f 5760 5900 5901
f 5761 5901 5902
f 5762 5902 5903
f 5763 5903 5904
f 5764 5904 5905
f 5765 5905 5906
f 5766 5906 5907
f 5767 5907 5908
f 5768 5908 5909
f 5769 5909 5910
f 5770 5910 5911
f 5771 5911 5912
f 5772 5912 5913
f 5773 5913 5914
f 5774 5914 5915
f 5775 5915 5916
f 5776 5916 5917
f 5777 5917 5918
f 5778 5918 5919
f 5779 5919 5920
f 5780 5920 5921
f 5781 5921 5922
f 5783 5923 5924
f 5784 5924 5925
f 5785 5925 5926
f 5786 5926 5927
f 5787 5927 5928
f 5788 5928 5929
f 5789 5929 5930
f 5790 5930 5931
f 5791 5931 5932
f 5792 5932 5933
f 5793 5933 5934
f 5794 5934 5935
f 5795 5935 5936
f 5796 5936 5937
f 5797 5937 5938
f 5798 5938 5939
f 5799 5939 5940
f 5800 5940 5941
f 5801 5941 5942
f 5802 5942 5943
f 5803 5943 5944
f 5804 5944 5945
f 5805 5945 5946
f 5806 5946 5947
f 5807 5947 5948
f 5808 5948 5949
f 5809 5949 5950
f 5810 5950 5951
f 5811 5951 5952
f 5812 5952 5953
f 5813 5953 5954
f 5814 5954 5955
f 5815 5955 5956
f 5816 5956 5957
f 5817 5957 5958
f 5818 5958 5959
f 5819 5959 5960
f 5820 5960 5961
f 5821 5961 5962
f 5822 5962 5963
f 5823 5963 5964
f 5824 5964 5965
f 5825 5965 5966
f 5826 5966 5967
f 5827 5967 5968
f 5828 5968 5969
f 5829 5969 5970
f 5830 5970 5971
f 5831 5971 5972
f 5832 5972 5973
f 5833 5973 5974
f 5834 5974 5975
f 5835 5975 5976
f 5836 5976 5977
f 5837 5977 5978
f 5838 5978 5979
f 5839 5979 5980
f 5840 5980 5981
f 5841 5981 5982
f 5842 5982 5983
f 5843 5983 5984
f 5844 5984 5985
f 5845 5985 5986
f 5846 5986 5987
f 5847 5987 5988
f 5848 5988 5989
f 5849 5989 5990
f 5850 5990 5991
f 5851 5991 5992
f 5852 5992 5993
f 5853 5993 5994
f 5854 5994 5995
f 5855 5995 5996
f 5856 5996 5997
f 5857 5997 5998
f 5858 5998 5999
f 5859 5999 6000
f 5860 6000 6001
f 5861 6001 6002
f 5862 6002 6003
f 5863 6003 6004
f 5864 6004 6005
f 5865 6005 6006
f 5866 6006 6007
f 5867 6007 6008
f 5868 6008 6009
f 5869 6009 6010
f 5870 6010 6011
f 5871 6011 6012
f 5872 6012 6013
f 5873 6013 6014
f 5874 6014 6015
f 5875 6015 6016
f 5876 6016 6017
f 5877 6017 6018
f 5878 6018 6019
f 5879 6019 6020
f 5880 6020 6021
f 5881 6021 6022
f 5882 6022 6023
f 5883 6023 6024
f 5884 6024 6025
f 5885 6025 6026
f 5886 6026 6027
f 5887 6027 6028
f 5888 6028 6029
f 5889 6029 6030
f 5890 6030 6031
f 5891 6031 6032
f 5892 6032 6033
f 5893 6033 6034
f 5894 6034 6035
f 5895 6035 6036
f 5896 6036 6037
f 5897 6037 6038
f 5898 6038 6039
f 5899 6039 6040
f 5900 6040 6041
f 5901 6041 6042
f 5902 6042 6043
f 5903 6043 6044
f 5904 6044 6045
f 5905 6045 6046
f 5906 6046 6047
f 5907 6047 6048
f 5908 6048 6049
f 5909 6049 6050
f 5910 6050 6051
f 5911 6051 6052
f 5912 6052 6053
f 5913 6053 6054
f 5914 6054 6055
f 5915 6055 6056
f 5916 6056 6057
f 5917 6057 6058
f 5918 6058 6059
f 5919 6059 6060
f 5920 6060 6061
f 5921 6061 6062
f 5922 6062 6063
f 5924 6064 6065
f 5925 6065 6066
f 5926 6066 6067
f 5927 6067 6068
f 5928 6068 6069
f 5929 6069 6070
f 5930 6070 6071
f 5931 6071 6072
f 5932 6072 6073
f 5933 6073 6074
f 5934 6074 6075
f 5935 6075 6076
f 5936 6076 6077
f 5937 6077 6078
f 5938 6078 6079
f 5939 6079 6080
f 5940 6080 6081
f 5941 6081 6082
f 5942 6082 6083
f 5943 6083 6084
f 5944 6084 6085
f 5945 6085 6086
f 5946 6086 6087
f 5947 6087 6088
f 5948 6088 6089
f 5949 6089 6090
f 5950 6090 6091
f 5951 6091 6092
f 5952 6092 6093
f 5953 6093 6094
f 5954 6094 6095
f 5955 6095 6096
f 5956 6096 6097
f 5957 6097 6098
f 5958 6098 6099
f 5959 6099 6100
f 5960 6100 6101
f 5961 6101 6102
f 5962 6102 6103
f 5963 6103 6104
f 5964 6104 6105
f 5965 6105 6106
f 5966 6106 6107
f 5967 6107 6108
f 5968 6108 6109
f 5969 6109 6110
f 5970 6110 6111
f 5971 6111 6112
f 5972 6112 6113
f 5973 6113 6114
f 5974 6114 6115
f 5975 6115 6116
f 5976 6116 6117
f 5977 6117 6118
f 5978 6118 6119
f 5979 6119 6120
f 5980 6120 6121
f 5981 6121 6122
f 5982 6122 6123
f 5983 6123 6124
f 5984 6124 6125
f 5985 6125 6126
f 5986 6126 6127
f 5987 6127 6128
f 5988 6128 6129
f 5989 6129 6130
f 5990 6130 6131
f 5991 6131 6132
f 5992 6132 6133
f 5993 6133 6134
f 5994 6134 6135
f 5995 6135 6136
f 5996 6136 6137
f 5997 6137 6138
f 5998 6138 6139
f 5999 6139 6140
f 6000 6140 6141
f 6001 6141 6142
f 6002 6142 6143
f 6003 6143 6144
f 6004 6144 6145
f 6005 6145 6146
f 6006 6146 6147
f 6007 6147 6148
f 6008 6148 6149
f 6009 6149 6150
f 6010 6150 6151
f 6011 6151 6152
f 6012 6152 6153
f 6013 6153 6154
f 6014 6154 6155
f 6015 6155 6156
f 6016 6156 6157
f 6017 6157 6158
f 6018 6158 6159
f 6019 6159 6160
f 6020 6160 6161
f 6021 6161 6162
f 6022 6162 6163
f 6023 6163 6164
f 6024 6164 6165
f 6025 6165 6166
f 6026 6166 6167
f 6027 6167 6168
f 6028 6168 6169
f 6029 6169 6170
f 6030 6170 6171
f 6031 6171 6172
f 6032 6172 6173
f 6033 6173 6174
f 6034 6174 6175
f 6035 6175 6176
f 6036 6176 6177
f 6037 6177 6178
f 6038 6178 6179
f 6039 6179 6180
f 6040 6180 6181
f 6041 6181 6182
f 6042 6182 6183
f 6043 6183 6184
f 6044 6184 6185
f 6045 6185 6186
f 6046 6186 6187
f 6047 6187 6188
f 6048 6188 6189
f 6049 6189 6190
f 6050 6190 6191
f 6051 6191 6192
f 6052 6192 6193
f 6053 6193 6194
f 6054 6194 6195
f 6055 6195 6196
f 6056 6196 6197
f 6057 6197 6198
f 6058 6198 6199
f 6059 6199 6200
f 6060 6200 6201
f 6061 6201 6202
f 6062 6202 6203
f 6063 6203 6204
f 6065 6205 6206
f 6066 6206 6207
f 6067 6207 6208
f 6068 6208 6209
f 6069 6209 6210
f 6070 6210 6211
f 6071 6211 6212
f 6072 6212 6213
f 6073 6213 6214
f 6074 6214 6215
f 6075 6215 6216
f 6076 6216 6217
f 6077 6217 6218
f 6078 6218 6219
f 6079 6219 6220
f 6080 6220 6221
f 6081 6221 6222
f 6082 6222 6223
f 6083 6223 6224
f 6084 6224 6225
f 6085 6225 6226
f 6086 6226 6227
f 6087 6227 6228
f 6088 6228 6229
f 6089 6229 6230
f 6090 6230 6231
f 6091 6231 6232
f 6092 6232 6233
f 6093 6233 6234
f 6094 6234 6235
f 6095 6235 6236
f 6096 6236 6237
f 6097 6237 6238
f 6098 6238 6239
f 6099 6239 6240
f 6100 6240 6241
f 6101 6241 6242
f 6102 6242 6243
f 6103 6243 6244
f 6104 6244 6245
f 6105 6245 6246
f 6106 6246 6247
f 6107 6247 6248
f 6108 6248 6249
f 6109 6249 6250
f 6110 6250 6251
f 6111 6251 6252
f 6112 6252 6253
f 6113 6253 6254
f 6114 6254 6255
f 6115 6255 6256
f 6116 6256 6257
f 6117 6257 6258
f 6118 6258 6259
f 6119 6259 6260
f 6120 6260 6261
f 6121 6261 6262
f 6122 6262 6263
f 6123 6263 6264
f 6124 6264 6265
f 6125 6265 6266
f 6126 6266 6267
f 6127 6267 6268
f 6128 6268 6269
f 6129 6269 6270
f 6130 6270 6271
f 6131 6271 6272
f 6132 6272 6273
f 6133 6273 6274
f 6134 6274 6275
f 6135 6275 6276
f 6136 6276 6277
f 6137 6277 6278
f 6138 6278 6279
f 6139 6279 6280
f 6140 6280 6281
f 6141 6281 6282
f 6142 6282 6283
f 6143 6283 6284
f 6144 6284 6285
f 6145 6285 6286
f 6146 6286 6287
f 6147 6287 6288
f 6148 6288 6289
f 6149 6289 6290
f 6150 6290 6291
f 6151 6291 6292
f 6152 6292 6293
f 6153 6293 6294
f 6154 6294 6295
f 6155 6295 6296
f 6156 6296 6297
f 6157 6297 6298
f 6158 6298 6299
f 6159 6299 6300
f 6160 6300 6301
f 6161 6301 6302
f 6162 6302 6303
f 6163 6303 6304
f 6164 6304 6305
f 6165 6305 6306
f 6166 6306 6307
f 6167 6307 6308
f 6168 6308 6309
f 6169 6309 6310
f 6170 6310 6311
f 6171 6311 6312
f 6172 6312 6313
f 6173 6313 6314
f 6174 6314 6315
f 6175 6315 6316
f 6176 6316 6317
f 6177 6317 6318
f 6178 6318 6319
f 6179 6319 6320
f 6180 6320 6321
f 6181 6321 6322
f 6182 6322 6323
f 6183 6323 6324
f 6184 6324 6325
f 6185 6325 6326
f 6186 6326 6327
f 6187 6327 6328
f 6188 6328 6329
f 6189 6329 6330
f 6190 6330 6331
f 6191 6331 6332
f 6192 6332 6333
f 6193 6333 6334
f 6194 6334 6335
f 6195 6335 6336
f 6196 6336 6337
f 6197 6337 6338
f 6198 6338 6339
f 6199 6339 6340
f 6200 6340 6341
f 6201 6341 6342
f 6202 6342 6343
f 6203 6343 6344
f 6204 6344 6345
f 6206 6346 6347
f 6207 6347 6348
f 6208 6348 6349
f 6209 6349 6350
f 6210 6350 6351
f 6211 6351 6352
f 6212 6352 6353
f 6213 6353 6354
f 6214 6354 6355
f 6215 6355 6356
f 6216 6356 6357
f 6217 6357 6358
f 6218 6358 6359
f 6219 6359 6360
f 6220 6360 6361
f 6221 6361 6362
f 6222 6362 6363
f 6223 6363 6364
f 6224 6364 6365
f 6225 6365 6366
f 6226 6366 6367
f 6227 6367 6368
f 6228 6368 6369
f 6229 6369 6370
f 6230 6370 6371
f 6231 6371 6372
f 6232 6372 6373
f 6233 6373 6374
f 6234 6374 6375
f 6235 6375 6376
f 6236 6376 6377
f 6237 6377 6378
f 6238 6378 6379
f 6239 6379 6380
f 6240 6380 6381
f 6241 6381 6382
f 6242 6382 6383
f 6243 6383 6384
f 6244 6384 6385
f 6245 6385 6386
f 6246 6386 6387
f 6247 6387 6388
f 6248 6388 6389
f 6249 6389 6390
f 6250 6390 6391
f 6251 6391 6392
f 6252 6392 6393
f 6253 6393 6394
f 6254 6394 6395
f 6255 6395 6396
f 6256 6396 6397
f 6257 6397 6398
f 6258 6398 6399
f 6259 6399 6400
f 6260 6400 6401
f 6261 6401 6402
f 6262 6402 6403
f 6263 6403 6404
f 6264 6404 6405
f 6265 6405 6406
f 6266 6406 6407
f 6267 6407 6408
f 6268 6408 6409
f 6269 6409 6410
f 6270 6410 6411
f 6271 6411 6412
f 6272 6412 6413
f 6273 6413 6414
f 6274 6414 6415
f 6275 6415 6416
f 6276 6416 6417
f 6277 6417 6418
f 6278 6418 6419
f 6279 6419 6420
f 6280 6420 6421
f 6281 6421 6422
f 6282 6422 6423
f 6283 6423 6424
f 6284 6424 6425
f 6285 6425 6426
f 6286 6426 6427
f 6287 6427 6428
f 6288 6428 6429
f 6289 6429 6430
f 6290 6430 6431
f 6291 6431 6432
f 6292 6432 6433
f 6293 6433 6434
f 6294 6434 6435
f 6295 6435 6436
f 6296 6436 6437
f 6297 6437 6438
f 6298 6438 6439
f 6299 6439 6440
f 6300 6440 6441
f 6301 6441 6442
f 6302 6442 6443
f 6303 6443 6444
f 6304 6444 6445
f 6305 6445 6446
f 6306 6446 6447
f 6307 6447 6448
f 6308 6448 6449
f 6309 6449 6450
f 6310 6450 6451
f 6311 6451 6452
f 6312 6452 6453
f 6313 6453 6454
f 6314 6454 6455
f 6315 6455 6456
f 6316 6456 6457
f 6317 6457 6458
f 6318 6458 6459
f 6319 6459 6460
f 6320 6460 6461
f 6321 6461 6462
f 6322 6462 6463
f 6323 6463 6464
f 6324 6464 6465
f 6325 6465 6466
f 6326 6466 6467
f 6327 6467 6468
f 6328 6468 6469
f 6329 6469 6470
f 6330 6470 6471
f 6331 6471 6472
f 6332 6472 6473
f 6333 6473 6474
f 6334 6474 6475
f 6335 6475 6476
f 6336 6476 6477
f 6337 6477 6478
f 6338 6478 6479
f 6339 6479 6480
f 6340 6480 6481
f 6341 6481 6482
f 6342 6482 6483
f 6343 6483 6484
f 6344 6484 6485
f 6345 6485 6486
f 6347 6487 6488
f 6348 6488 6489
f 6349 6489 6490
f 6350 6490 6491
f 6351 6491 6492
f 6352 6492 6493
f 6353 6493 6494
f 6354 6494 6495
f 6355 6495 6496
f 6356 6496 6497
f 6357 6497 6498
f 6358 6498 6499
f 6359 6499 6500
f 6360 6500 6501
f 6361 6501 6502
f 6362 6502 6503
f 6363 6503 6504
f 6364 6504 6505
f 6365 6505 6506
f 6366 6506 6507
f 6367 6507 6508
f 6368 6508 6509
f 6369 6509 6510
f 6370 6510 6511
f 6371 6511 6512
f 6372 6512 6513
f 6373 6513 6514
f 6374 6514 6515
f 6375 6515 6516
f 6376 6516 6517
f 6377 6517 6518
f 6378 6518 6519
f 6379 6519 6520
f 6380 6520 6521
f 6381 6521 6522
f 6382 6522 6523
f 6383 6523 6524
f 6384 6524 6525
f 6385 6525 6526
f 6386 6526 6527
f 6387 6527 6528
f 6388 6528 6529
f 6389 6529 6530
f 6390 6530 6531
f 6391 6531 6532
f 6392 6532 6533
f 6393 6533 6534
f 6394 6534 6535
f 6395 6535 6536
f 6396 6536 6537
f 6397 6537 6538
f 6398 6538 6539
f 6399 6539 6540
f 6400 6540 6541
f 6401 6541 6542
f 6402 6542 6543
f 6403 6543 6544
f 6404 6544 6545
f 6405 6545 6546
f 6406 6546 6547
f 6407 6547 6548
f 6408 6548 6549
f 6409 6549 6550
f 6410 6550 6551
f 6411 6551 6552
f 6412 6552 6553
f 6413 6553 6554
f 6414 6554 6555
f 6415 6555 6556
f 6416 6556 6557
f 6417 6557 6558
f 6418 6558 6559
f 6419 6559 6560
f 6420 6560 6561
f 6421 6561 6562
f 6422 6562 6563
f 6423 6563 6564
f 6424 6564 6565
f 6425 6565 6566
f 6426 6566 6567
f 6427 6567 6568
f 6428 6568 6569
f 6429 6569 6570
f 6430 6570 6571
f 6431 6571 6572
f 6432 6572 6573
f 6433 6573 6574
f 6434 6574 6575
f 6435 6575 6576
f 6436 6576 6577
f 6437 6577 6578
f 6438 6578 6579
f 6439 6579 6580
f 6440 6580 6581
f 6441 6581 6582
f 6442 6582 6583
f 6443 6583 6584
f 6444 6584 6585
f 6445 6585 6586
f 6446 6586 6587
f 6447 6587 6588
f 6448 6588 6589
f 6449 6589 6590
f 6450 6590 6591
f 6451 6591 6592
f 6452 6592 6593
f 6453 6593 6594
f 6454 6594 6595
f 6455 6595 6596
f 6456 6596 6597
f 6457 6597 6598
f 6458 6598 6599
f 6459 6599 6600
f 6460 6600 6601
f 6461 6601 6602
f 6462 6602 6603
f 6463 6603 6604
f 6464 6604 6605
f 6465 6605 6606
f 6466 6606 6607
f 6467 6607 6608
f 6468 6608 6609
f 6469 6609 6610
f 6470 6610 6611
f 6471 6611 6612
f 6472 6612 6613
f 6473 6613 6614
f 6474 6614 6615
f 6475 6615 6616
f 6476 6616 6617
f 6477 6617 6618
f 6478 6618 6619
f 6479 6619 6620
f 6480 6620 6621
f 6481 6621 6622
f 6482 6622 6623
f 6483 6623 6624
f 6484 6624 6625
f 6485 6625 6626
f 6486 6626 6627
f 6488 6628 6629
f 6489 6629 6630
f 6490 6630 6631
f 6491 6631 6632
f 6492 6632 6633
f 6493 6633 6634
f 6494 6634 6635
f 6495 6635 6636
f 6496 6636 6637
f 6497 6637 6638
f 6498 6638 6639
f 6499 6639 6640
f 6500 6640 6641
f 6501 6641 6642
f 6502 6642 6643
f 6503 6643 6644
f 6504 6644 6645
f 6505 6645 6646
f 6506 6646 6647
f 6507 6647 6648
f 6508 6648 6649
f 6509 6649 6650
f 6510 6650 6651
f 6511 6651 6652
f 6512 6652 6653
f 6513 6653 6654
f 6514 6654 6655
f 6515 6655 6656
f 6516 6656 6657
f 6517 6657 6658
f 6518 6658 6659
f 6519 6659 6660
f 6520 6660 6661
f 6521 6661 6662
f 6522 6662 6663
f 6523 6663 6664
f 6524 6664 6665
f 6525 6665 6666
f 6526 6666 6667
f 6527 6667 6668
f 6528 6668 6669
f 6529 6669 6670
f 6530 6670 6671
f 6531 6671 6672
f 6532 6672 6673
f 6533 6673 6674
f 6534 6674 6675
f 6535 6675 6676
f 6536 6676 6677
f 6537 6677 6678
f 6538 6678 6679
f 6539 6679 6680
f 6540 6680 6681
f 6541 6681 6682
f 6542 6682 6683
f 6543 6683 6684
f 6544 6684 6685
f 6545 6685 6686
f 6546 6686 6687
f 6547 6687 6688
f 6548 6688 6689
f 6549 6689 6690
f 6550 6690 6691
f 6551 6691 6692
f 6552 6692 6693
f 6553 6693 6694
f 6554 6694 6695
f 6555 6695 6696
f 6556 6696 6697
f 6557 6697 6698
f 6558 6698 6699
f 6559 6699 6700
f 6560 6700 6701
f 6561 6701 6702
f 6562 6702 6703
f 6563 6703 6704
f 6564 6704 6705
f 6565 6705 6706
f 6566 6706 6707
f 6567 6707 6708
f 6568 6708 6709
f 6569 6709 6710
f 6570 6710 6711
f 6571 6711 6712
f 6572 6712 6713
f 6573 6713 6714
f 6574 6714 6715
f 6575 6715 6716
f 6576 6716 6717
f 6577 6717 6718
f 6578 6718 6719
f 6579 6719 6720
f 6580 6720 6721
f 6581 6721 6722
f 6582 6722 6723
f 6583 6723 6724
f 6584 6724 6725
f 6585 6725 6726
f 6586 6726 6727
f 6587 6727 6728
f 6588 6728 6729
f 6589 6729 6730
f 6590 6730 6731
f 6591 6731 6732
f 6592 6732 6733
f 6593 6733 6734
f 6594 6734 6735
f 6595 6735 6736
f 6596 6736 6737
f 6597 6737 6738
f 6598 6738 6739
f 6599 6739 6740
f 6600 6740 6741
f 6601 6741 6742
f 6602 6742 6743
f 6603 6743 6744
f 6604 6744 6745
f 6605 6745 6746
f 6606 6746 6747
f 6607 6747 6748
f 6608 6748 6749
f 6609 6749 6750
f 6610 6750 6751
f 6611 6751 6752
f 6612 6752 6753
f 6613 6753 6754
f 6614 6754 6755
f 6615 6755 6756
f 6616 6756 6757
f 6617 6757 6758
f 6618 6758 6759
f 6619 6759 6760
f 6620 6760 6761
f 6621 6761 6762
f 6622 6762 6763
f 6623 6763 6764
f 6624 6764 6765
f 6625 6765 6766
f 6626 6766 6767
f 6627 6767 6768
f 6629 6769 6770
f 6630 6770 6771
f 6631 6771 6772
f 6632 6772 6773
f 6633 6773 6774
f 6634 6774 6775
f 6635 6775 6776
f 6636 6776 6777
f 6637 6777 6778
f 6638 6778 6779
f 6639 6779 6780
f 6640 6780 6781
f 6641 6781 6782
f 6642 6782 6783
f 6643 6783 6784
f 6644 6784 6785
f 6645 6785 6786
f 6646 6786 6787
f 6647 6787 6788
f 6648 6788 6789
f 6649 6789 6790
f 6650 6790 6791
f 6651 6791 6792
f 6652 6792 6793
f 6653 6793 6794
f 6654 6794 6795
f 6655 6795 6796
f 6656 6796 6797
f 6657 6797 6798
f 6658 6798 6799
f 6659 6799 6800
f 6660 6800 6801
f 6661 6801 6802
f 6662 6802 6803
f 6663 6803 6804
f 6664 6804 6805
f 6665 6805 6806
f 6666 6806 6807
f 6667 6807 6808
f 6668 6808 6809
f 6669 6809 6810
f 6670 6810 6811
f 6671 6811 6812
f 6672 6812 6813
f 6673 6813 6814
f 6674 6814 6815
f 6675 6815 6816
f 6676 6816 6817
f 6677 6817 6818
f 6678 6818 6819
f 6679 6819 6820
f 6680 6820 6821
f 6681 6821 6822
f 6682 6822 6823
f 6683 6823 6824
f 6684 6824 6825
f 6685 6825 6826
f 6686 6826 6827
f 6687 6827 6828
f 6688 6828 6829
f 6689 6829 6830
f 6690 6830 6831
f 6691 6831 6832
f 6692 6832 6833
f 6693 6833 6834
f 6694 6834 6835
f 6695 6835 6836
f 6696 6836 6837
f 6697 6837 6838
f 6698 6838 6839
f 6699 6839 6840
f 6700 6840 6841
f 6701 6841 6842
f 6702 6842 6843
f 6703 6843 6844
f 6704 6844 6845
f 6705 6845 6846
f 6706 6846 6847
f 6707 6847 6848
f 6708 6848 6849
f 6709 6849 6850
f 6710 6850 6851
f 6711 6851 6852
f 6712 6852 6853
f 6713 6853 6854
f 6714 6854 6855
f 6715 6855 6856
f 6716 6856 6857
f 6717 6857 6858
f 6718 6858 6859
f 6719 6859 6860
f 6720 6860 6861
f 6721 6861 6862
f 6722 6862 6863
f 6723 6863 6864
f 6724 6864 6865
f 6725 6865 6866
f 6726 6866 6867
f 6727 6867 6868
f 6728 6868 6869
f 6729 6869 6870
f 6730 6870 6871
f 6731 6871 6872
f 6732 6872 6873
f 6733 6873 6874
f 6734 6874 6875
f 6735 6875 6876
f 6736 6876 6877
f 6737 6877 6878
f 6738 6878 6879
f 6739 6879 6880
f 6740 6880 6881
f 6741 6881 6882
f 6742 6882 6883
f 6743 6883 6884
f 6744 6884 6885
f 6745 6885 6886
f 6746 6886 6887
f 6747 6887 6888
f 6748 6888 6889
f 6749 6889 6890
f 6750 6890 6891
f 6751 6891 6892
f 6752 6892 6893
f 6753 6893 6894
f 6754 6894 6895
f 6755 6895 6896
f 6756 6896 6897
f 6757 6897 6898
f 6758 6898 6899
f 6759 6899 6900
f 6760 6900 6901
f 6761 6901 6902
f 6762 6902 6903
f 6763 6903 6904
f 6764 6904 6905
f 6765 6905 6906
f 6766 6906 6907
f 6767 6907 6908
f 6768 6908 6909
f 6770 6910 6911
f 6771 6911 6912
f 6772 6912 6913
f 6773 6913 6914
f 6774 6914 6915
f 6775 6915 6916
f 6776 6916 6917
f 6777 6917 6918
f 6778 6918 6919
f 6779 6919 6920
f 6780 6920 6921
f 6781 6921 6922
f 6782 6922 6923
f 6783 6923 6924
f 6784 6924 6925
f 6785 6925 6926
f 6786 6926 6927
f 6787 6927 6928
f 6788 6928 6929
f 6789 6929 6930
f 6790 6930 6931
f 6791 6931 6932
f 6792 6932 6933
f 6793 6933 6934
f 6794 6934 6935
f 6795 6935 6936
f 6796 6936 6937
f 6797 6937 6938
f 6798 6938 6939
f 6799 6939 6940
f 6800 6940 6941
f 6801 6941 6942
f 6802 6942 6943
f 6803 6943 6944
f 6804 6944 6945
f 6805 6945 6946
f 6806 6946 6947
f 6807 6947 6948
f 6808 6948 6949
f 6809 6949 6950
f 6810 6950 6951
f 6811 6951 6952
f 6812 6952 6953
f 6813 6953 6954
f 6814 6954 6955
f 6815 6955 6956
f 6816 6956 6957
f 6817 6957 6958
f 6818 6958 6959
f 6819 6959 6960
f 6820 6960 6961
f 6821 6961 6962
f 6822 6962 6963
f 6823 6963 6964
f 6824 6964 6965
f 6825 6965 6966
f 6826 6966 6967
f 6827 6967 6968
f 6828 6968 6969
f 6829 6969 6970
f 6830 6970 6971
f 6831 6971 6972
f 6832 6972 6973
f 6833 6973 6974
f 6834 6974 6975
f 6835 6975 6976
f 6836 6976 6977
f 6837 6977 6978
f 6838 6978 6979
f 6839 6979 6980
f 6840 6980 6981
f 6841 6981 6982
f 6842 6982 6983
f 6843 6983 6984
f 6844 6984 6985
f 6845 6985 6986
f 6846 6986 6987
f 6847 6987 6988
f 6848 6988 6989
f 6849 6989 6990
f 6850 6990 6991
f 6851 6991 6992
f 6852 6992 6993
f 6853 6993 6994
f 6854 6994 6995
f 6855 6995 6996
f 6856 6996 6997
f 6857 6997 6998
f 6858 6998 6999
f 6859 6999 7000
f 6860 7000 7001
f 6861 7001 7002
f 6862 7002 7003
f 6863 7003 7004
f 6864 7004 7005
f 6865 7005 7006
f 6866 7006 7007
f 6867 7007 7008
f 6868 7008 7009
f 6869 7009 7010
f 6870 7010 7011
f 6871 7011 7012
f 6872 7012 7013
f 6873 7013 7014
f 6874 7014 7015
f 6875 7015 7016
f 6876 7016 7017
f 6877 7017 7018
f 6878 7018 7019
f 6879 7019 7020
f 6880 7020 7021
f 6881 7021 7022
f 6882 7022 7023
f 6883 7023 7024
f 6884 7024 7025
f 6885 7025 7026
f 6886 7026 7027
f 6887 7027 7028
f 6888 7028 7029
f 6889 7029 7030
f 6890 7030 7031
f 6891 7031 7032
f 6892 7032 7033
f 6893 7033 7034
f 6894 7034 7035
f 6895 7035 7036
f 6896 7036 7037
f 6897 7037 7038
f 6898 7038 7039
f 6899 7039 7040
f 6900 7040 7041
f 6901 7041 7042
f 6902 7042 7043
f 6903 7043 7044
f 6904 7044 7045
f 6905 7045 7046
f 6906 7046 7047
f 6907 7047 7048
f 6908 7048 7049
f 6909 7049 7050
f 6911 7051 7052
f 6912 7052 7053
f 6913 7053 7054
f 6914 7054 7055
f 6915 7055 7056
f 6916 7056 7057
f 6917 7057 7058
f 6918 7058 7059
f 6919 7059 7060
f 6920 7060 7061
f 6921 7061 7062
f 6922 7062 7063
f 6923 7063 7064
f 6924 7064 7065
f 6925 7065 7066
f 6926 7066 7067
f 6927 7067 7068
f 6928 7068 7069
f 6929 7069 7070
f 6930 7070 7071
f 6931 7071 7072
f 6932 7072 7073
f 6933 7073 7074
f 6934 7074 7075
f 6935 7075 7076
f 6936 7076 7077
f 6937 7077 7078
f 6938 7078 7079
f 6939 7079 7080
f 6940 7080 7081
f 6941 7081 7082
f 6942 7082 7083
f 6943 7083 7084
f 6944 7084 7085
f 6945 7085 7086
f 6946 7086 7087
f 6947 7087 7088
f 6948 7088 7089
f 6949 7089 7090
f 6950 7090 7091
f 6951 7091 7092
f 6952 7092 7093
f 6953 7093 7094
f 6954 7094 7095
f 6955 7095 7096
f 6956 7096 7097
f 6957 7097 7098
f 6958 7098 7099
f 6959 7099 7100
f 6960 7100 7101
f 6961 7101 7102
f 6962 7102 7103
f 6963 7103 7104
f 6964 7104 7105
f 6965 7105 7106
f 6966 7106 7107
f 6967 7107 7108
f 6968 7108 7109
f 6969 7109 7110
f 6970 7110 7111
f 6971 7111 7112
f 6972 7112 7113
f 6973 7113 7114
f 6974 7114 7115
f 6975 7115 7116
f 6976 7116 7117
f 6977 7117 7118
f 6978 7118 7119
f 6979 7119 7120
f 6980 7120 7121
f 6981 7121 7122
f 6982 7122 7123
f 6983 7123 7124
f 6984 7124 7125
f 6985 7125 7126
f 6986 7126 7127
f 6987 7127 7128
f 6988 7128 7129
f 6989 7129 7130
f 6990 7130 7131
f 6991 7131 7132
f 6992 7132 7133
f 6993 7133 7134
f 6994 7134 7135
f 6995 7135 7136
f 6996 7136 7137
f 6997 7137 7138
f 6998 7138 7139
f 6999 7139 7140
f 7000 7140 7141
f 7001 7141 7142
f 7002 7142 7143
f 7003 7143 7144
f 7004 7144 7145
f 7005 7145 7146
f 7006 7146 7147
f 7007 7147 7148
f 7008 7148 7149
f 7009 7149 7150
f 7010 7150 7151
f 7011 7151 7152
f 7012 7152 7153
f 7013 7153 7154
f 7014 7154 7155
f 7015 7155 7156
f 7016 7156 7157
f 7017 7157 7158
f 7018 7158 7159
f 7019 7159 7160
f 7020 7160 7161
f 7021 7161 7162
f 7022 7162 7163
f 7023 7163 7164
f 7024 7164 7165
f 7025 7165 7166
f 7026 7166 7167
f 7027 7167 7168
f 7028 7168 7169
f 7029 7169 7170
f 7030 7170 7171
f 7031 7171 7172
f 7032 7172 7173
f 7033 7173 7174
f 7034 7174 7175
f 7035 7175 7176
f 7036 7176 7177
f 7037 7177 7178
f 7038 7178 7179
f 7039 7179 7180
f 7040 7180 7181
f 7041 7181 7182
f 7042 7182 7183
f 7043 7183 7184
f 7044 7184 7185
f 7045 7185 7186
f 7046 7186 7187
f 7047 7187 7188
f 7048 7188 7189
f 7049 7189 7190
f 7050 7190 7191
f 7052 7192 7193
f 7053 7193 7194
f 7054 7194 7195
f 7055 7195 7196
f 7056 7196 7197
f 7057 7197 7198
f 7058 7198 7199
f 7059 7199 7200
f 7060 7200 7201
f 7061 7201 7202
f 7062 7202 7203
f 7063 7203 7204
f 7064 7204 7205
f 7065 7205 7206
f 7066 7206 7207
f 7067 7207 7208
f 7068 7208 7209
f 7069 7209 7210
f 7070 7210 7211
f 7071 7211 7212
f 7072 7212 7213
f 7073 7213 7214
f 7074 7214 7215
f 7075 7215 7216
f 7076 7216 7217
f 7077 7217 7218
f 7078 7218 7219
f 7079 7219 7220
f 7080 7220 7221
f 7081 7221 7222
f 7082 7222 7223
f 7083 7223 7224
f 7084 7224 7225
f 7085 7225 7226
f 7086 7226 7227
f 7087 7227 7228
f 7088 7228 7229
f 7089 7229 7230
f 7090 7230 7231
f 7091 7231 7232
f 7092 7232 7233
f 7093 7233 7234
f 7094 7234 7235
f 7095 7235 7236
f 7096 7236 7237
f 7097 7237 7238
f 7098 7238 7239
f 7099 7239 7240
f 7100 7240 7241
f 7101 7241 7242
f 7102 7242 7243
f 7103 7243 7244
f 7104 7244 7245
f 7105 7245 7246
f 7106 7246 7247
f 7107 7247 7248
f 7108 7248 7249
f 7109 7249 7250
f 7110 7250 7251
f 7111 7251 7252
f 7112 7252 7253
f 7113 7253 7254
f 7114 7254 7255
f 7115 7255 7256
f 7116 7256 7257
f 7117 7257 7258
f 7118 7258 7259
f 7119 7259 7260
f 7120 7260 7261
f 7121 7261 7262
f 7122 7262 7263
f 7123 7263 7264
f 7124 7264 7265
f 7125 7265 7266
f 7126 7266 7267
f 7127 7267 7268
f 7128 7268 7269
f 7129 7269 7270
f 7130 7270 7271
f 7131 7271 7272
f 7132 7272 7273
f 7133 7273 7274
f 7134 7274 7275
f 7135 7275 7276
f 7136 7276 7277
f 7137 7277 7278
f 7138 7278 7279
f 7139 7279 7280
f 7140 7280 7281
f 7141 7281 7282
f 7142 7282 7283
f 7143 7283 7284
f 7144 7284 7285
f 7145 7285 7286
f 7146 7286 7287
f 7147 7287 7288
f 7148 7288 7289
f 7149 7289 7290
f 7150 7290 7291
f 7151 7291 7292
f 7152 7292 7293
f 7153 7293 7294
f 7154 7294 7295
f 7155 7295 7296
f 7156 7296 7297
f 7157 7297 7298
f 7158 7298 7299
f 7159 7299 7300
f 7160 7300 7301
f 7161 7301 7302
f 7162 7302 7303
f 7163 7303 7304
f 7164 7304 7305
f 7165 7305 7306
f 7166 7306 7307
f 7167 7307 7308
f 7168 7308 7309
f 7169 7309 7310
f 7170 7310 7311
f 7171 7311 7312
f 7172 7312 7313
f 7173 7313 7314
f 7174 7314 7315
f 7175 7315 7316
f 7176 7316 7317
f 7177 7317 7318
f 7178 7318 7319
f 7179 7319 7320
f 7180 7320 7321
f 7181 7321 7322
f 7182 7322 7323
f 7183 7323 7324
f 7184 7324 7325
f 7185 7325 7326
f 7186 7326 7327
f 7187 7327 7328
f 7188 7328 7329
f 7189 7329 7330
f 7190 7330 7331
f 7191 7331 7332
f 7193 7333 7334
f 7194 7334 7335
f 7195 7335 7336
f 7196 7336 7337
f 7197 7337 7338
f 7198 7338 7339
f 7199 7339 7340
f 7200 7340 7341
f 7201 7341 7342
f 7202 7342 7343
f 7203 7343 7344
f 7204 7344 7345
f 7205 7345 7346
f 7206 7346 7347
f 7207 7347 7348
f 7208 7348 7349
f 7209 7349 7350
f 7210 7350 7351
f 7211 7351 7352
f 7212 7352 7353
f 7213 7353 7354
f 7214 7354 7355
f 7215 7355 7356
f 7216 7356 7357
f 7217 7357 7358
f 7218 7358 7359
f 7219 7359 7360
f 7220 7360 7361
f 7221 7361 7362
f 7222 7362 7363
f 7223 7363 7364
f 7224 7364 7365
f 7225 7365 7366
f 7226 7366 7367
f 7227 7367 7368
f 7228 7368 7369
f 7229 7369 7370
f 7230 7370 7371
f 7231 7371 7372
f 7232 7372 7373
f 7233 7373 7374
f 7234 7374 7375
f 7235 7375 7376
f 7236 7376 7377
f 7237 7377 7378
f 7238 7378 7379
f 7239 7379 7380
f 7240 7380 7381
f 7241 7381 7382
f 7242 7382 7383
f 7243 7383 7384
f 7244 7384 7385
f 7245 7385 7386
f 7246 7386 7387
f 7247 7387 7388
f 7248 7388 7389
f 7249 7389 7390
f 7250 7390 7391
f 7251 7391 7392
f 7252 7392 7393
f 7253 7393 7394
f 7254 7394 7395
f 7255 7395 7396
f 7256 7396 7397
f 7257 7397 7398
f 7258 7398 7399
f 7259 7399 7400
f 7260 7400 7401
f 7261 7401 7402
f 7262 7402 7403
f 7263 7403 7404
f 7264 7404 7405
f 7265 7405 7406
f 7266 7406 7407
f 7267 7407 7408
f 7268 7408 7409
f 7269 7409 7410
f 7270 7410 7411
f 7271 7411 7412
f 7272 7412 7413
f 7273 7413 7414
f 7274 7414 7415
f 7275 7415 7416
f 7276 7416 7417
f 7277 7417 7418
f 7278 7418 7419
f 7279 7419 7420
f 7280 7420 7421
f 7281 7421 7422
f 7282 7422 7423
f 7283 7423 7424
f 7284 7424 7425
f 7285 7425 7426
f 7286 7426 7427
f 7287 7427 7428
f 7288 7428 7429
f 7289 7429 7430
f 7290 7430 7431
f 7291 7431 7432
f 7292 7432 7433
f 7293 7433 7434
f 7294 7434 7435
f 7295 7435 7436
f 7296 7436 7437
f 7297 7437 7438
f 7298 7438 7439
f 7299 7439 7440
f 7300 7440 7441
f 7301 7441 7442
f 7302 7442 7443
f 7303 7443 7444
f 7304 7444 7445
f 7305 7445 7446
f 7306 7446 7447
f 7307 7447 7448
f 7308 7448 7449
f 7309 7449 7450
f 7310 7450 7451
f 7311 7451 7452
f 7312 7452 7453
f 7313 7453 7454
f 7314 7454 7455
f 7315 7455 7456
f 7316 7456 7457
f 7317 7457 7458
f 7318 7458 7459
f 7319 7459 7460
f 7320 7460 7461
f 7321 7461 7462
f 7322 7462 7463
f 7323 7463 7464
f 7324 7464 7465
f 7325 7465 7466
f 7326 7466 7467
f 7327 7467 7468
f 7328 7468 7469
f 7329 7469 7470
f 7330 7470 7471
f 7331 7471 7472
f 7332 7472 7473
f 7334 7474 7475
f 7335 7475 7476
f 7336 7476 7477
f 7337 7477 7478
f 7338 7478 7479
f 7339 7479 7480
f 7340 7480 7481
f 7341 7481 7482
f 7342 7482 7483
f 7343 7483 7484
f 7344 7484 7485
f 7345 7485 7486
f 7346 7486 7487
f 7347 7487 7488
f 7348 7488 7489
f 7349 7489 7490
f 7350 7490 7491
f 7351 7491 7492
f 7352 7492 7493
f 7353 7493 7494
f 7354 7494 7495
f 7355 7495 7496
f 7356 7496 7497
f 7357 7497 7498
f 7358 7498 7499
f 7359 7499 7500
f 7360 7500 7501
f 7361 7501 7502
f 7362 7502 7503
f 7363 7503 7504
f 7364 7504 7505
f 7365 7505 7506
f 7366 7506 7507
f 7367 7507 7508
f 7368 7508 7509
f 7369 7509 7510
f 7370 7510 7511
f 7371 7511 7512
f 7372 7512 7513
f 7373 7513 7514
f 7374 7514 7515
f 7375 7515 7516
f 7376 7516 7517
f 7377 7517 7518
f 7378 7518 7519
f 7379 7519 7520
f 7380 7520 7521
f 7381 7521 7522
f 7382 7522 7523
f 7383 7523 7524
f 7384 7524 7525
f 7385 7525 7526
f 7386 7526 7527
f 7387 7527 7528
f 7388 7528 7529
f 7389 7529 7530
f 7390 7530 7531
f 7391 7531 7532
f 7392 7532 7533
f 7393 7533 7534
f 7394 7534 7535
f 7395 7535 7536
f 7396 7536 7537
f 7397 7537 7538
f 7398 7538 7539
f 7399 7539 7540
f 7400 7540 7541
f 7401 7541 7542
f 7402 7542 7543
f 7403 7543 7544
f 7404 7544 7545
f 7405 7545 7546
f 7406 7546 7547
f 7407 7547 7548
f 7408 7548 7549
f 7409 7549 7550
f 7410 7550 7551
f 7411 7551 7552
f 7412 7552 7553
f 7413 7553 7554
f 7414 7554 7555
f 7415 7555 7556
f 7416 7556 7557
f 7417 7557 7558
f 7418 7558 7559
f 7419 7559 7560
f 7420 7560 7561
f 7421 7561 7562
f 7422 7562 7563
f 7423 7563 7564
f 7424 7564 7565
f 7425 7565 7566
f 7426 7566 7567
f 7427 7567 7568
f 7428 7568 7569
f 7429 7569 7570
f 7430 7570 7571
f 7431 7571 7572
f 7432 7572 7573
f 7433 7573 7574
f 7434 7574 7575
f 7435 7575 7576
f 7436 7576 7577
f 7437 7577 7578
f 7438 7578 7579
f 7439 7579 7580
f 7440 7580 7581
f 7441 7581 7582
f 7442 7582 7583
f 7443 7583 7584
f 7444 7584 7585
f 7445 7585 7586
f 7446 7586 7587
f 7447 7587 7588
f 7448 7588 7589
f 7449 7589 7590
f 7450 7590 7591
f 7451 7591 7592
f 7452 7592 7593
f 7453 7593 7594
f 7454 7594 7595
f 7455 7595 7596
f 7456 7596 7597
f 7457 7597 7598
f 7458 7598 7599
f 7459 7599 7600
f 7460 7600 7601
f 7461 7601 7602
f 7462 7602 7603
f 7463 7603 7604
f 7464 7604 7605
f 7465 7605 7606
f 7466 7606 7607
f 7467 7607 7608
f 7468 7608 7609
f 7469 7609 7610
f 7470 7610 7611
f 7471 7611 7612
f 7472 7612 7613
f 7473 7613 7614
f 7475 7615 7616
f 7476 7616 7617
f 7477 7617 7618
f 7478 7618 7619
f 7479 7619 7620
f 7480 7620 7621
f 7481 7621 7622
f 7482 7622 7623
f 7483 7623 7624
f 7484 7624 7625
f 7485 7625 7626
f 7486 7626 7627
f 7487 7627 7628
f 7488 7628 7629
f 7489 7629 7630
f 7490 7630 7631
f 7491 7631 7632
f 7492 7632 7633
f 7493 7633 7634
f 7494 7634 7635
f 7495 7635 7636
f 7496 7636 7637
f 7497 7637 7638
f 7498 7638 7639
f 7499 7639 7640
f 7500 7640 7641
f 7501 7641 7642
f 7502 7642 7643
f 7503 7643 7644
f 7504 7644 7645
f 7505 7645 7646
f 7506 7646 7647
f 7507 7647 7648
f 7508 7648 7649
f 7509 7649 7650
f 7510 7650 7651
f 7511 7651 7652
f 7512 7652 7653
f 7513 7653 7654
f 7514 7654 7655
f 7515 7655 7656
f 7516 7656 7657
f 7517 7657 7658
f 7518 7658 7659
f 7519 7659 7660
f 7520 7660 7661
f 7521 7661 7662
f 7522 7662 7663
f 7523 7663 7664
f 7524 7664 7665
f 7525 7665 7666
f 7526 7666 7667
f 7527 7667 7668
f 7528 7668 7669
f 7529 7669 7670
f 7530 7670 7671
f 7531 7671 7672
f 7532 7672 7673
f 7533 7673 7674
f 7534 7674 7675
f 7535 7675 7676
f 7536 7676 7677
f 7537 7677 7678
f 7538 7678 7679
f 7539 7679 7680
f 7540 7680 7681
f 7541 7681 7682
f 7542 7682 7683
f 7543 7683 7684
f 7544 7684 7685
f 7545 7685 7686
f 7546 7686 7687
f 7547 7687 7688
f 7548 7688 7689
f 7549 7689 7690
f 7550 7690 7691
f 7551 7691 7692
f 7552 7692 7693
f 7553 7693 7694
f 7554 7694 7695
f 7555 7695 7696
f 7556 7696 7697
f 7557 7697 7698
f 7558 7698 7699
f 7559 7699 7700
f 7560 7700 7701
f 7561 7701 7702
f 7562 7702 7703
f 7563 7703 7704
f 7564 7704 7705
f 7565 7705 7706
f 7566 7706 7707
f 7567 7707 7708
f 7568 7708 7709
f 7569 7709 7710
f 7570 7710 7711
f 7571 7711 7712
f 7572 7712 7713
f 7573 7713 7714
f 7574 7714 7715
f 7575 7715 7716
f 7576 7716 7717
f 7577 7717 7718
f 7578 7718 7719
f 7579 7719 7720
f 7580 7720 7721
f 7581 7721 7722
f 7582 7722 7723
f 7583 7723 7724
f 7584 7724 7725
f 7585 7725 7726
f 7586 7726 7727
f 7587 7727 7728
f 7588 7728 7729
f 7589 7729 7730
f 7590 7730 7731
f 7591 7731 7732
f 7592 7732 7733
f 7593 7733 7734
f 7594 7734 7735
f 7595 7735 7736
f 7596 7736 7737
f 7597 7737 7738
f 7598 7738 7739
f 7599 7739 7740
f 7600 7740 7741
f 7601 7741 7742
f 7602 7742 7743
f 7603 7743 7744
f 7604 7744 7745
f 7605 7745 7746
f 7606 7746 7747
f 7607 7747 7748
f 7608 7748 7749
f 7609 7749 7750
f 7610 7750 7751
f 7611 7751 7752
f 7612 7752 7753
f 7613 7753 7754
f 7614 7754 7755
f 7616 7756 7757
f 7617 7757 7758
f 7618 7758 7759
f 7619 7759 7760
f 7620 7760 7761
f 7621 7761 7762
f 7622 7762 7763
f 7623 7763 7764
f 7624 7764 7765
f 7625 7765 7766
f 7626 7766 7767
f 7627 7767 7768
f 7628 7768 7769
f 7629 7769 7770
f 7630 7770 7771
f 7631 7771 7772
f 7632 7772 7773
f 7633 7773 7774
f 7634 7774 7775
f 7635 7775 7776
f 7636 7776 7777
f 7637 7777 7778
f 7638 7778 7779
f 7639 7779 7780
f 7640 7780 7781
f 7641 7781 7782
f 7642 7782 7783
f 7643 7783 7784
f 7644 7784 7785
f 7645 7785 7786
f 7646 7786 7787
f 7647 7787 7788
f 7648 7788 7789
f 7649 7789 7790
f 7650 7790 7791
f 7651 7791 7792
f 7652 7792 7793
f 7653 7793 7794
f 7654 7794 7795
f 7655 7795 7796
f 7656 7796 7797
f 7657 7797 7798
f 7658 7798 7799
f 7659 7799 7800
f 7660 7800 7801
f 7661 7801 7802
f 7662 7802 7803
f 7663 7803 7804
f 7664 7804 7805
f 7665 7805 7806
f 7666 7806 7807
f 7667 7807 7808
f 7668 7808 7809
f 7669 7809 7810
f 7670 7810 7811
f 7671 7811 7812
f 7672 7812 7813
f 7673 7813 7814
f 7674 7814 7815
f 7675 7815 7816
f 7676 7816 7817
f 7677 7817 7818
f 7678 7818 7819
f 7679 7819 7820
f 7680 7820 7821
f 7681 7821 7822
f 7682 7822 7823
f 7683 7823 7824
f 7684 7824 7825
f 7685 7825 7826
f 7686 7826 7827
f 7687 7827 7828
f 7688 7828 7829
f 7689 7829 7830
f 7690 7830 7831
f 7691 7831 7832
f 7692 7832 7833
f 7693 7833 7834
f 7694 7834 7835
f 7695 7835 7836
f 7696 7836 7837
f 7697 7837 7838
f 7698 7838 7839
f 7699 7839 7840
f 7700 7840 7841
f 7701 7841 7842
f 7702 7842 7843
f 7703 7843 7844
f 7704 7844 7845
f 7705 7845 7846
f 7706 7846 7847
f 7707 7847 7848
f 7708 7848 7849
f 7709 7849 7850
f 7710 7850 7851
f 7711 7851 7852
f 7712 7852 7853
f 7713 7853 7854
f 7714 7854 7855
f 7715 7855 7856
f 7716 7856 7857
f 7717 7857 7858
f 7718 7858 7859
f 7719 7859 7860
f 7720 7860 7861
f 7721 7861 7862
f 7722 7862 7863
f 7723 7863 7864
f 7724 7864 7865
f 7725 7865 7866
f 7726 7866 7867
f 7727 7867 7868
f 7728 7868 7869
f 7729 7869 7870
f 7730 7870 7871
f 7731 7871 7872
f 7732 7872 7873
f 7733 7873 7874
f 7734 7874 7875
f 7735 7875 7876
f 7736 7876 7877
f 7737 7877 7878
f 7738 7878 7879
f 7739 7879 7880
f 7740 7880 7881
f 7741 7881 7882
f 7742 7882 7883
f 7743 7883 7884
f 7744 7884 7885
f 7745 7885 7886
f 7746 7886 7887
f 7747 7887 7888
f 7748 7888 7889
f 7749 7889 7890
f 7750 7890 7891
f 7751 7891 7892
f 7752 7892 7893
f 7753 7893 7894
f 7754 7894 7895
f 7755 7895 7896
f 7757 7897 7898
f 7758 7898 7899
f 7759 7899 7900
f 7760 7900 7901
f 7761 7901 7902
f 7762 7902 7903
f 7763 7903 7904
f 7764 7904 7905
f 7765 7905 7906
f 7766 7906 7907
f 7767 7907 7908
f 7768 7908 7909
f 7769 7909 7910
f 7770 7910 7911
f 7771 7911 7912
f 7772 7912 7913
f 7773 7913 7914
f 7774 7914 7915
f 7775 7915 7916
f 7776 7916 7917
f 7777 7917 7918
f 7778 7918 7919
f 7779 7919 7920
f 7780 7920 7921
f 7781 7921 7922
f 7782 7922 7923
f 7783 7923 7924
f 7784 7924 7925
f 7785 7925 7926
f 7786 7926 7927
f 7787 7927 7928
f 7788 7928 7929
f 7789 7929 7930
f 7790 7930 7931
f 7791 7931 7932
f 7792 7932 7933
f 7793 7933 7934
f 7794 7934 7935
f 7795 7935 7936
f 7796 7936 7937
f 7797 7937 7938
f 7798 7938 7939
f 7799 7939 7940
f 7800 7940 7941
f 7801 7941 7942
f 7802 7942 7943
f 7803 7943 7944
f 7804 7944 7945
f 7805 7945 7946
f 7806 7946 7947
f 7807 7947 7948
f 7808 7948 7949
f 7809 7949 7950
f 7810 7950 7951
f 7811 7951 7952
f 7812 7952 7953
f 7813 7953 7954
f 7814 7954 7955
f 7815 7955 7956
f 7816 7956 7957
f 7817 7957 7958
f 7818 7958 7959
f 7819 7959 7960
f 7820 7960 7961
f 7821 7961 7962
f 7822 7962 7963
f 7823 7963 7964
f 7824 7964 7965
f 7825 7965 7966
f 7826 7966 7967
f 7827 7967 7968
f 7828 7968 7969
f 7829 7969 7970
f 7830 7970 7971
f 7831 7971 7972
f 7832 7972 7973
f 7833 7973 7974
f 7834 7974 7975
f 7835 7975 7976
f 7836 7976 7977
f 7837 7977 7978
f 7838 7978 7979
f 7839 7979 7980
f 7840 7980 7981
f 7841 7981 7982
f 7842 7982 7983
f 7843 7983 7984
f 7844 7984 7985
f 7845 7985 7986
f 7846 7986 7987
f 7847 7987 7988
f 7848 7988 7989
f 7849 7989 7990
f 7850 7990 7991
f 7851 7991 7992
f 7852 7992 7993
f 7853 7993 7994
f 7854 7994 7995
f 7855 7995 7996
f 7856 7996 7997
f 7857 7997 7998
f 7858 7998 7999
f 7859 7999 8000
f 7860 8000 8001
f 7861 8001 8002
f 7862 8002 8003
f 7863 8003 8004
f 7864 8004 8005
f 7865 8005 8006
f 7866 8006 8007
f 7867 8007 8008
f 7868 8008 8009
f 7869 8009 8010
f 7870 8010 8011
f 7871 8011 8012
f 7872 8012 8013
f 7873 8013 8014
f 7874 8014 8015
f 7875 8015 8016
f 7876 8016 8017
f 7877 8017 8018
f 7878 8018 8019
f 7879 8019 8020
f 7880 8020 8021
f 7881 8021 8022
f 7882 8022 8023
f 7883 8023 8024
f 7884 8024 8025
f 7885 8025 8026
f 7886 8026 8027
f 7887 8027 8028
f 7888 8028 8029
f 7889 8029 8030
f 7890 8030 8031
f 7891 8031 8032
f 7892 8032 8033
f 7893 8033 8034
f 7894 8034 8035
f 7895 8035 8036
f 7896 8036 8037

